schema_version,experiment_kind,fault_condition,dataset_size,seed,nominal_intensity,checkpoint_fraction,replay_fraction,strategy,realized_duplicate,realized_null_key,realized_late,realized_conflict_entities,oracle_entities,entities_matching_oracle,duplicate_leakage_count,duplicate_denominator,invalid_key_leakage_count,invalid_key_denominator,stale_state_count,stale_state_denominator,recovered_expected_count,recovery_denominator,false_rejection_count,false_rejection_denominator,recovery_replay_count,already_committed_replay_count,recovery_replays_suppressed,recovery_replays_reprocessed,recovery_duplicate_effect_count,recovery_duplicate_effect_denominator,state_correctness_rate,duplicate_leakage_rate,invalid_key_leakage_rate,stale_state_rate,recovery_completeness_rate,false_rejection_rate,recovery_duplicate_effect_rate,duplicate_faults_injected,duplicate_faults_recognized,duplicate_faults_contained,null_key_faults_injected,null_key_faults_recognized,null_key_faults_contained,late_faults_injected,late_faults_recognized,late_faults_contained,conflict_faults_injected,conflict_faults_recognized,conflict_faults_contained,recovery_faults_injected,recovery_faults_recognized,recovery_faults_contained,runtime_ms_median,runtime_ms_mean,timing_repeats,commit_sha,python
5.0,principal,compound,1000,1301,0.01,0.5,0.5,S1_minimal,10,10,10,1,50,39,252,262,0,10,11,50,990,1000,10,1000,252,252,0,252,252,252,0.78,0.9618320610687023,0.0,0.22,0.99,0.01,1.0,10,9,9,10,11,11,10,0,0,1,0,0,252,252,0,25.4305,25.85852857142857,7,a65b68914ed795ad7f0b7abda6fce0cc64045f6f,3.13.14
5.0,principal,compound,1000,1301,0.01,0.5,0.5,S2_temporal,10,10,10,1,50,50,252,262,0,10,0,50,990,1000,10,1000,252,252,0,252,252,252,1.0,0.9618320610687023,0.0,0.0,0.99,0.01,1.0,10,9,9,10,11,11,10,0,0,1,0,0,252,252,0,25.8173,25.802185714285713,7,a65b68914ed795ad7f0b7abda6fce0cc64045f6f,3.13.14
5.0,principal,compound,1000,1301,0.01,0.5,0.5,S3_recovery,10,10,10,1,50,39,0,262,0,10,11,50,990,1000,10,1000,252,252,252,0,0,252,0.78,0.0,0.0,0.22,0.99,0.01,0.0,10,9,9,10,11,11,10,0,0,1,0,0,252,252,252,23.2557,23.2806,7,a65b68914ed795ad7f0b7abda6fce0cc64045f6f,3.13.14
5.0,principal,compound,1000,1301,0.01,0.5,0.5,S4_full,10,10,10,1,50,50,0,262,0,10,0,50,990,1000,10,1000,252,252,252,0,0,252,1.0,0.0,0.0,0.0,0.99,0.01,0.0,10,9,9,10,11,11,10,0,0,1,0,0,252,252,252,23.6961,23.670528571428573,7,a65b68914ed795ad7f0b7abda6fce0cc64045f6f,3.13.14
5.0,principal,compound,1000,1301,0.05,0.5,0.5,S1_minimal,50,50,50,2,50,19,252,302,0,50,31,50,950,1000,50,1000,252,252,0,252,252,252,0.38,0.8344370860927153,0.0,0.62,0.95,0.05,1.0,50,49,49,50,51,51,50,0,0,2,0,0,252,252,0,27.1792,27.39,7,a65b68914ed795ad7f0b7abda6fce0cc64045f6f,3.13.14
5.0,principal,compound,1000,1301,0.05,0.5,0.5,S2_temporal,50,50,50,2,50,46,252,302,0,50,4,50,950,1000,50,1000,252,252,0,252,252,252,0.92,0.8344370860927153,0.0,0.08,0.95,0.05,1.0,50,49,49,50,51,51,50,0,0,2,0,0,252,252,0,26.8904,27.27725714285714,7,a65b68914ed795ad7f0b7abda6fce0cc64045f6f,3.13.14
5.0,principal,compound,1000,1301,0.05,0.5,0.5,S3_recovery,50,50,50,2,50,19,0,302,0,50,31,50,950,1000,50,1000,252,252,252,0,0,252,0.38,0.0,0.0,0.62,0.95,0.05,0.0,50,49,49,50,51,51,50,0,0,2,0,0,252,252,252,31.4622,29.87172857142857,7,a65b68914ed795ad7f0b7abda6fce0cc64045f6f,3.13.14
5.0,principal,compound,1000,1301,0.05,0.5,0.5,S4_full,50,50,50,2,50,46,0,302,0,50,4,50,950,1000,50,1000,252,252,252,0,0,252,0.92,0.0,0.0,0.08,0.95,0.05,0.0,50,49,49,50,51,51,50,0,0,2,0,0,252,252,252,24.755,24.756471428571427,7,a65b68914ed795ad7f0b7abda6fce0cc64045f6f,3.13.14
5.0,principal,compound,1000,1301,0.1,0.5,0.5,S1_minimal,100,100,100,5,50,9,252,352,0,100,41,50,900,1000,100,1000,252,252,0,252,252,252,0.18,0.7159090909090909,0.0,0.82,0.9,0.1,1.0,100,86,86,100,114,114,100,0,0,5,0,0,252,252,0,26.6351,26.913585714285713,7,a65b68914ed795ad7f0b7abda6fce0cc64045f6f,3.13.14
5.0,principal,compound,1000,1301,0.1,0.5,0.5,S2_temporal,100,100,100,5,50,41,252,352,0,100,9,50,900,1000,100,1000,252,252,0,252,252,252,0.82,0.7159090909090909,0.0,0.18,0.9,0.1,1.0,100,86,86,100,114,114,100,0,0,5,0,0,252,252,0,26.1779,26.204114285714287,7,a65b68914ed795ad7f0b7abda6fce0cc64045f6f,3.13.14
5.0,principal,compound,1000,1301,0.1,0.5,0.5,S3_recovery,100,100,100,5,50,9,0,352,0,100,41,50,900,1000,100,1000,252,252,252,0,0,252,0.18,0.0,0.0,0.82,0.9,0.1,0.0,100,86,86,100,114,114,100,0,0,5,0,0,252,252,252,24.9241,24.803742857142858,7,a65b68914ed795ad7f0b7abda6fce0cc64045f6f,3.13.14
5.0,principal,compound,1000,1301,0.1,0.5,0.5,S4_full,100,100,100,5,50,41,0,352,0,100,9,50,900,1000,100,1000,252,252,252,0,0,252,0.82,0.0,0.0,0.18,0.9,0.1,0.0,100,86,86,100,114,114,100,0,0,5,0,0,252,252,252,24.2161,24.319585714285715,7,a65b68914ed795ad7f0b7abda6fce0cc64045f6f,3.13.14
5.0,principal,compound,1000,2609,0.01,0.5,0.5,S1_minimal,10,10,10,1,50,39,252,262,0,10,11,50,990,1000,10,1000,252,252,0,252,252,252,0.78,0.9618320610687023,0.0,0.22,0.99,0.01,1.0,10,10,10,10,10,10,10,0,0,1,0,0,252,252,0,27.1356,26.91702857142857,7,a65b68914ed795ad7f0b7abda6fce0cc64045f6f,3.13.14
5.0,principal,compound,1000,2609,0.01,0.5,0.5,S2_temporal,10,10,10,1,50,49,252,262,0,10,1,50,990,1000,10,1000,252,252,0,252,252,252,0.98,0.9618320610687023,0.0,0.02,0.99,0.01,1.0,10,10,10,10,10,10,10,0,0,1,0,0,252,252,0,26.5032,26.620214285714287,7,a65b68914ed795ad7f0b7abda6fce0cc64045f6f,3.13.14
5.0,principal,compound,1000,2609,0.01,0.5,0.5,S3_recovery,10,10,10,1,50,39,0,262,0,10,11,50,990,1000,10,1000,252,252,252,0,0,252,0.78,0.0,0.0,0.22,0.99,0.01,0.0,10,10,10,10,10,10,10,0,0,1,0,0,252,252,252,23.6444,23.66774285714286,7,a65b68914ed795ad7f0b7abda6fce0cc64045f6f,3.13.14
5.0,principal,compound,1000,2609,0.01,0.5,0.5,S4_full,10,10,10,1,50,49,0,262,0,10,1,50,990,1000,10,1000,252,252,252,0,0,252,0.98,0.0,0.0,0.02,0.99,0.01,0.0,10,10,10,10,10,10,10,0,0,1,0,0,252,252,252,23.8856,23.923828571428572,7,a65b68914ed795ad7f0b7abda6fce0cc64045f6f,3.13.14
5.0,principal,compound,1000,2609,0.05,0.5,0.5,S1_minimal,50,50,50,2,50,23,250,300,0,50,27,50,950,1000,50,1000,250,250,0,250,250,250,0.46,0.8333333333333334,0.0,0.54,0.95,0.05,1.0,50,45,45,50,55,55,50,0,0,2,0,0,250,250,0,28.0512,27.784928571428573,7,a65b68914ed795ad7f0b7abda6fce0cc64045f6f,3.13.14
5.0,principal,compound,1000,2609,0.05,0.5,0.5,S2_temporal,50,50,50,2,50,50,250,300,0,50,0,50,950,1000,50,1000,250,250,0,250,250,250,1.0,0.8333333333333334,0.0,0.0,0.95,0.05,1.0,50,45,45,50,55,55,50,0,0,2,0,0,250,250,0,26.6841,26.729,7,a65b68914ed795ad7f0b7abda6fce0cc64045f6f,3.13.14
5.0,principal,compound,1000,2609,0.05,0.5,0.5,S3_recovery,50,50,50,2,50,23,0,300,0,50,27,50,950,1000,50,1000,250,250,250,0,0,250,0.46,0.0,0.0,0.54,0.95,0.05,0.0,50,45,45,50,55,55,50,0,0,2,0,0,250,250,250,23.9504,24.043114285714285,7,a65b68914ed795ad7f0b7abda6fce0cc64045f6f,3.13.14
5.0,principal,compound,1000,2609,0.05,0.5,0.5,S4_full,50,50,50,2,50,50,0,300,0,50,0,50,950,1000,50,1000,250,250,250,0,0,250,1.0,0.0,0.0,0.0,0.95,0.05,0.0,50,45,45,50,55,55,50,0,0,2,0,0,250,250,250,24.09,24.165257142857143,7,a65b68914ed795ad7f0b7abda6fce0cc64045f6f,3.13.14
5.0,principal,compound,1000,2609,0.1,0.5,0.5,S1_minimal,100,100,100,5,50,10,246,346,0,100,40,50,900,1000,100,1000,246,246,0,246,246,246,0.2,0.7109826589595376,0.0,0.8,0.9,0.1,1.0,100,92,92,100,108,108,100,0,0,5,0,0,246,246,0,26.3663,26.460642857142858,7,a65b68914ed795ad7f0b7abda6fce0cc64045f6f,3.13.14
5.0,principal,compound,1000,2609,0.1,0.5,0.5,S2_temporal,100,100,100,5,50,46,246,346,0,100,4,50,900,1000,100,1000,246,246,0,246,246,246,0.92,0.7109826589595376,0.0,0.08,0.9,0.1,1.0,100,92,92,100,108,108,100,0,0,5,0,0,246,246,0,27.1523,28.28987142857143,7,a65b68914ed795ad7f0b7abda6fce0cc64045f6f,3.13.14
5.0,principal,compound,1000,2609,0.1,0.5,0.5,S3_recovery,100,100,100,5,50,10,0,346,0,100,40,50,900,1000,100,1000,246,246,246,0,0,246,0.2,0.0,0.0,0.8,0.9,0.1,0.0,100,92,92,100,108,108,100,0,0,5,0,0,246,246,246,24.2007,24.256371428571427,7,a65b68914ed795ad7f0b7abda6fce0cc64045f6f,3.13.14
5.0,principal,compound,1000,2609,0.1,0.5,0.5,S4_full,100,100,100,5,50,46,0,346,0,100,4,50,900,1000,100,1000,246,246,246,0,0,246,0.92,0.0,0.0,0.08,0.9,0.1,0.0,100,92,92,100,108,108,100,0,0,5,0,0,246,246,246,24.2703,24.25905714285714,7,a65b68914ed795ad7f0b7abda6fce0cc64045f6f,3.13.14
5.0,principal,compound,1000,3911,0.01,0.5,0.5,S1_minimal,10,10,10,1,50,40,251,261,0,10,10,50,990,1000,10,1000,251,251,0,251,251,251,0.8,0.9616858237547893,0.0,0.2,0.99,0.01,1.0,10,10,10,10,10,10,10,0,0,1,0,0,251,251,0,26.9114,26.897928571428572,7,a65b68914ed795ad7f0b7abda6fce0cc64045f6f,3.13.14
5.0,principal,compound,1000,3911,0.01,0.5,0.5,S2_temporal,10,10,10,1,50,49,251,261,0,10,1,50,990,1000,10,1000,251,251,0,251,251,251,0.98,0.9616858237547893,0.0,0.02,0.99,0.01,1.0,10,10,10,10,10,10,10,0,0,1,0,0,251,251,0,27.0289,27.035685714285716,7,a65b68914ed795ad7f0b7abda6fce0cc64045f6f,3.13.14
5.0,principal,compound,1000,3911,0.01,0.5,0.5,S3_recovery,10,10,10,1,50,40,0,261,0,10,10,50,990,1000,10,1000,251,251,251,0,0,251,0.8,0.0,0.0,0.2,0.99,0.01,0.0,10,10,10,10,10,10,10,0,0,1,0,0,251,251,251,25.4749,25.57357142857143,7,a65b68914ed795ad7f0b7abda6fce0cc64045f6f,3.13.14
5.0,principal,compound,1000,3911,0.01,0.5,0.5,S4_full,10,10,10,1,50,49,0,261,0,10,1,50,990,1000,10,1000,251,251,251,0,0,251,0.98,0.0,0.0,0.02,0.99,0.01,0.0,10,10,10,10,10,10,10,0,0,1,0,0,251,251,251,24.3057,24.371885714285714,7,a65b68914ed795ad7f0b7abda6fce0cc64045f6f,3.13.14
5.0,principal,compound,1000,3911,0.05,0.5,0.5,S1_minimal,50,50,50,2,50,18,249,299,0,50,32,50,950,1000,50,1000,249,249,0,249,249,249,0.36,0.8327759197324415,0.0,0.64,0.95,0.05,1.0,50,48,48,50,52,52,50,0,0,2,0,0,249,249,0,26.7943,26.783585714285714,7,a65b68914ed795ad7f0b7abda6fce0cc64045f6f,3.13.14
5.0,principal,compound,1000,3911,0.05,0.5,0.5,S2_temporal,50,50,50,2,50,48,249,299,0,50,2,50,950,1000,50,1000,249,249,0,249,249,249,0.96,0.8327759197324415,0.0,0.04,0.95,0.05,1.0,50,48,48,50,52,52,50,0,0,2,0,0,249,249,0,26.4803,26.568371428571428,7,a65b68914ed795ad7f0b7abda6fce0cc64045f6f,3.13.14
5.0,principal,compound,1000,3911,0.05,0.5,0.5,S3_recovery,50,50,50,2,50,18,0,299,0,50,32,50,950,1000,50,1000,249,249,249,0,0,249,0.36,0.0,0.0,0.64,0.95,0.05,0.0,50,48,48,50,52,52,50,0,0,2,0,0,249,249,249,24.3321,24.392314285714285,7,a65b68914ed795ad7f0b7abda6fce0cc64045f6f,3.13.14
5.0,principal,compound,1000,3911,0.05,0.5,0.5,S4_full,50,50,50,2,50,48,0,299,0,50,2,50,950,1000,50,1000,249,249,249,0,0,249,0.96,0.0,0.0,0.04,0.95,0.05,0.0,50,48,48,50,52,52,50,0,0,2,0,0,249,249,249,24.1913,24.186557142857144,7,a65b68914ed795ad7f0b7abda6fce0cc64045f6f,3.13.14
5.0,principal,compound,1000,3911,0.1,0.5,0.5,S1_minimal,100,100,100,5,50,10,250,350,0,100,40,50,900,1000,100,1000,250,250,0,250,250,250,0.2,0.7142857142857143,0.0,0.8,0.9,0.1,1.0,100,94,94,100,106,106,100,0,0,5,0,0,250,250,0,26.9602,26.921242857142857,7,a65b68914ed795ad7f0b7abda6fce0cc64045f6f,3.13.14
5.0,principal,compound,1000,3911,0.1,0.5,0.5,S2_temporal,100,100,100,5,50,44,250,350,0,100,6,50,900,1000,100,1000,250,250,0,250,250,250,0.88,0.7142857142857143,0.0,0.12,0.9,0.1,1.0,100,94,94,100,106,106,100,0,0,5,0,0,250,250,0,26.9687,27.098642857142856,7,a65b68914ed795ad7f0b7abda6fce0cc64045f6f,3.13.14
5.0,principal,compound,1000,3911,0.1,0.5,0.5,S3_recovery,100,100,100,5,50,10,0,350,0,100,40,50,900,1000,100,1000,250,250,250,0,0,250,0.2,0.0,0.0,0.8,0.9,0.1,0.0,100,94,94,100,106,106,100,0,0,5,0,0,250,250,250,24.6287,24.678857142857144,7,a65b68914ed795ad7f0b7abda6fce0cc64045f6f,3.13.14
5.0,principal,compound,1000,3911,0.1,0.5,0.5,S4_full,100,100,100,5,50,44,0,350,0,100,6,50,900,1000,100,1000,250,250,250,0,0,250,0.88,0.0,0.0,0.12,0.9,0.1,0.0,100,94,94,100,106,106,100,0,0,5,0,0,250,250,250,24.8202,25.078442857142857,7,a65b68914ed795ad7f0b7abda6fce0cc64045f6f,3.13.14
5.0,principal,compound,1000,5209,0.01,0.5,0.5,S1_minimal,10,10,10,1,50,38,252,262,0,10,12,50,990,1000,10,1000,252,252,0,252,252,252,0.76,0.9618320610687023,0.0,0.24,0.99,0.01,1.0,10,10,10,10,10,10,10,0,0,1,0,0,252,252,0,26.9089,27.024042857142856,7,a65b68914ed795ad7f0b7abda6fce0cc64045f6f,3.13.14
5.0,principal,compound,1000,5209,0.01,0.5,0.5,S2_temporal,10,10,10,1,50,49,252,262,0,10,1,50,990,1000,10,1000,252,252,0,252,252,252,0.98,0.9618320610687023,0.0,0.02,0.99,0.01,1.0,10,10,10,10,10,10,10,0,0,1,0,0,252,252,0,27.1017,27.107814285714287,7,a65b68914ed795ad7f0b7abda6fce0cc64045f6f,3.13.14
5.0,principal,compound,1000,5209,0.01,0.5,0.5,S3_recovery,10,10,10,1,50,38,0,262,0,10,12,50,990,1000,10,1000,252,252,252,0,0,252,0.76,0.0,0.0,0.24,0.99,0.01,0.0,10,10,10,10,10,10,10,0,0,1,0,0,252,252,252,24.4046,24.457671428571427,7,a65b68914ed795ad7f0b7abda6fce0cc64045f6f,3.13.14
5.0,principal,compound,1000,5209,0.01,0.5,0.5,S4_full,10,10,10,1,50,49,0,262,0,10,1,50,990,1000,10,1000,252,252,252,0,0,252,0.98,0.0,0.0,0.02,0.99,0.01,0.0,10,10,10,10,10,10,10,0,0,1,0,0,252,252,252,24.5878,24.69452857142857,7,a65b68914ed795ad7f0b7abda6fce0cc64045f6f,3.13.14
5.0,principal,compound,1000,5209,0.05,0.5,0.5,S1_minimal,50,50,50,2,50,15,247,297,0,50,35,50,950,1000,50,1000,247,247,0,247,247,247,0.3,0.8316498316498316,0.0,0.7,0.95,0.05,1.0,50,48,48,50,52,52,50,0,0,2,0,0,247,247,0,26.3818,26.608385714285713,7,a65b68914ed795ad7f0b7abda6fce0cc64045f6f,3.13.14
5.0,principal,compound,1000,5209,0.05,0.5,0.5,S2_temporal,50,50,50,2,50,46,247,297,0,50,4,50,950,1000,50,1000,247,247,0,247,247,247,0.92,0.8316498316498316,0.0,0.08,0.95,0.05,1.0,50,48,48,50,52,52,50,0,0,2,0,0,247,247,0,27.2331,27.2641,7,a65b68914ed795ad7f0b7abda6fce0cc64045f6f,3.13.14
5.0,principal,compound,1000,5209,0.05,0.5,0.5,S3_recovery,50,50,50,2,50,15,0,297,0,50,35,50,950,1000,50,1000,247,247,247,0,0,247,0.3,0.0,0.0,0.7,0.95,0.05,0.0,50,48,48,50,52,52,50,0,0,2,0,0,247,247,247,25.0056,24.92075714285714,7,a65b68914ed795ad7f0b7abda6fce0cc64045f6f,3.13.14
5.0,principal,compound,1000,5209,0.05,0.5,0.5,S4_full,50,50,50,2,50,46,0,297,0,50,4,50,950,1000,50,1000,247,247,247,0,0,247,0.92,0.0,0.0,0.08,0.95,0.05,0.0,50,48,48,50,52,52,50,0,0,2,0,0,247,247,247,25.4914,25.606114285714288,7,a65b68914ed795ad7f0b7abda6fce0cc64045f6f,3.13.14
5.0,principal,compound,1000,5209,0.1,0.5,0.5,S1_minimal,100,100,100,5,50,7,250,350,0,100,43,50,900,1000,100,1000,250,250,0,250,250,250,0.14,0.7142857142857143,0.0,0.86,0.9,0.1,1.0,100,95,95,100,105,105,100,0,0,5,0,0,250,250,0,29.7279,29.860828571428573,7,a65b68914ed795ad7f0b7abda6fce0cc64045f6f,3.13.14
5.0,principal,compound,1000,5209,0.1,0.5,0.5,S2_temporal,100,100,100,5,50,46,250,350,0,100,4,50,900,1000,100,1000,250,250,0,250,250,250,0.92,0.7142857142857143,0.0,0.08,0.9,0.1,1.0,100,95,95,100,105,105,100,0,0,5,0,0,250,250,0,27.4386,27.682242857142857,7,a65b68914ed795ad7f0b7abda6fce0cc64045f6f,3.13.14
5.0,principal,compound,1000,5209,0.1,0.5,0.5,S3_recovery,100,100,100,5,50,7,0,350,0,100,43,50,900,1000,100,1000,250,250,250,0,0,250,0.14,0.0,0.0,0.86,0.9,0.1,0.0,100,95,95,100,105,105,100,0,0,5,0,0,250,250,250,24.5089,24.552685714285715,7,a65b68914ed795ad7f0b7abda6fce0cc64045f6f,3.13.14
5.0,principal,compound,1000,5209,0.1,0.5,0.5,S4_full,100,100,100,5,50,46,0,350,0,100,4,50,900,1000,100,1000,250,250,250,0,0,250,0.92,0.0,0.0,0.08,0.9,0.1,0.0,100,95,95,100,105,105,100,0,0,5,0,0,250,250,250,24.9179,25.033985714285713,7,a65b68914ed795ad7f0b7abda6fce0cc64045f6f,3.13.14
5.0,principal,compound,1000,6521,0.01,0.5,0.5,S1_minimal,10,10,10,1,50,40,250,260,0,10,10,50,990,1000,10,1000,250,250,0,250,250,250,0.8,0.9615384615384616,0.0,0.2,0.99,0.01,1.0,10,10,10,10,10,10,10,0,0,1,0,0,250,250,0,27.6379,28.483514285714286,7,a65b68914ed795ad7f0b7abda6fce0cc64045f6f,3.13.14
5.0,principal,compound,1000,6521,0.01,0.5,0.5,S2_temporal,10,10,10,1,50,50,250,260,0,10,0,50,990,1000,10,1000,250,250,0,250,250,250,1.0,0.9615384615384616,0.0,0.0,0.99,0.01,1.0,10,10,10,10,10,10,10,0,0,1,0,0,250,250,0,28.7179,29.0609,7,a65b68914ed795ad7f0b7abda6fce0cc64045f6f,3.13.14
5.0,principal,compound,1000,6521,0.01,0.5,0.5,S3_recovery,10,10,10,1,50,40,0,260,0,10,10,50,990,1000,10,1000,250,250,250,0,0,250,0.8,0.0,0.0,0.2,0.99,0.01,0.0,10,10,10,10,10,10,10,0,0,1,0,0,250,250,250,24.8227,24.75202857142857,7,a65b68914ed795ad7f0b7abda6fce0cc64045f6f,3.13.14
5.0,principal,compound,1000,6521,0.01,0.5,0.5,S4_full,10,10,10,1,50,50,0,260,0,10,0,50,990,1000,10,1000,250,250,250,0,0,250,1.0,0.0,0.0,0.0,0.99,0.01,0.0,10,10,10,10,10,10,10,0,0,1,0,0,250,250,250,24.7922,24.814642857142857,7,a65b68914ed795ad7f0b7abda6fce0cc64045f6f,3.13.14
5.0,principal,compound,1000,6521,0.05,0.5,0.5,S1_minimal,50,50,50,2,50,19,248,298,0,50,31,50,950,1000,50,1000,248,248,0,248,248,248,0.38,0.8322147651006712,0.0,0.62,0.95,0.05,1.0,50,46,46,50,54,54,50,0,0,2,0,0,248,248,0,27.3418,27.33582857142857,7,a65b68914ed795ad7f0b7abda6fce0cc64045f6f,3.13.14
5.0,principal,compound,1000,6521,0.05,0.5,0.5,S2_temporal,50,50,50,2,50,50,248,298,0,50,0,50,950,1000,50,1000,248,248,0,248,248,248,1.0,0.8322147651006712,0.0,0.0,0.95,0.05,1.0,50,46,46,50,54,54,50,0,0,2,0,0,248,248,0,27.5029,27.74075714285714,7,a65b68914ed795ad7f0b7abda6fce0cc64045f6f,3.13.14
5.0,principal,compound,1000,6521,0.05,0.5,0.5,S3_recovery,50,50,50,2,50,19,0,298,0,50,31,50,950,1000,50,1000,248,248,248,0,0,248,0.38,0.0,0.0,0.62,0.95,0.05,0.0,50,46,46,50,54,54,50,0,0,2,0,0,248,248,248,23.8442,23.8633,7,a65b68914ed795ad7f0b7abda6fce0cc64045f6f,3.13.14
5.0,principal,compound,1000,6521,0.05,0.5,0.5,S4_full,50,50,50,2,50,50,0,298,0,50,0,50,950,1000,50,1000,248,248,248,0,0,248,1.0,0.0,0.0,0.0,0.95,0.05,0.0,50,46,46,50,54,54,50,0,0,2,0,0,248,248,248,24.3391,24.311028571428572,7,a65b68914ed795ad7f0b7abda6fce0cc64045f6f,3.13.14
5.0,principal,compound,1000,6521,0.1,0.5,0.5,S1_minimal,100,100,100,5,50,9,246,346,0,100,41,50,900,1000,100,1000,246,246,0,246,246,246,0.18,0.7109826589595376,0.0,0.82,0.9,0.1,1.0,100,93,93,100,107,107,100,0,0,5,0,0,246,246,0,26.4862,26.654842857142857,7,a65b68914ed795ad7f0b7abda6fce0cc64045f6f,3.13.14
5.0,principal,compound,1000,6521,0.1,0.5,0.5,S2_temporal,100,100,100,5,50,49,246,346,0,100,1,50,900,1000,100,1000,246,246,0,246,246,246,0.98,0.7109826589595376,0.0,0.02,0.9,0.1,1.0,100,93,93,100,107,107,100,0,0,5,0,0,246,246,0,26.8893,26.890757142857144,7,a65b68914ed795ad7f0b7abda6fce0cc64045f6f,3.13.14
5.0,principal,compound,1000,6521,0.1,0.5,0.5,S3_recovery,100,100,100,5,50,9,0,346,0,100,41,50,900,1000,100,1000,246,246,246,0,0,246,0.18,0.0,0.0,0.82,0.9,0.1,0.0,100,93,93,100,107,107,100,0,0,5,0,0,246,246,246,24.4617,24.46832857142857,7,a65b68914ed795ad7f0b7abda6fce0cc64045f6f,3.13.14
5.0,principal,compound,1000,6521,0.1,0.5,0.5,S4_full,100,100,100,5,50,49,0,346,0,100,1,50,900,1000,100,1000,246,246,246,0,0,246,0.98,0.0,0.0,0.02,0.9,0.1,0.0,100,93,93,100,107,107,100,0,0,5,0,0,246,246,246,24.701,24.80034285714286,7,a65b68914ed795ad7f0b7abda6fce0cc64045f6f,3.13.14
5.0,principal,compound,10000,1301,0.01,0.5,0.5,S1_minimal,100,100,100,5,500,403,2502,2602,0,100,97,500,9900,10000,100,10000,2502,2502,0,2502,2502,2502,0.806,0.9615680245964643,0.0,0.194,0.99,0.01,1.0,100,99,99,100,101,101,100,0,0,5,0,0,2502,2502,0,277.8,278.9404714285714,7,a65b68914ed795ad7f0b7abda6fce0cc64045f6f,3.13.14
5.0,principal,compound,10000,1301,0.01,0.5,0.5,S2_temporal,100,100,100,5,500,498,2502,2602,0,100,2,500,9900,10000,100,10000,2502,2502,0,2502,2502,2502,0.996,0.9615680245964643,0.0,0.004,0.99,0.01,1.0,100,99,99,100,101,101,100,0,0,5,0,0,2502,2502,0,279.495,279.2580571428571,7,a65b68914ed795ad7f0b7abda6fce0cc64045f6f,3.13.14
5.0,principal,compound,10000,1301,0.01,0.5,0.5,S3_recovery,100,100,100,5,500,403,0,2602,0,100,97,500,9900,10000,100,10000,2502,2502,2502,0,0,2502,0.806,0.0,0.0,0.194,0.99,0.01,0.0,100,99,99,100,101,101,100,0,0,5,0,0,2502,2502,2502,250.2084,264.5801285714286,7,a65b68914ed795ad7f0b7abda6fce0cc64045f6f,3.13.14
5.0,principal,compound,10000,1301,0.01,0.5,0.5,S4_full,100,100,100,5,500,498,0,2602,0,100,2,500,9900,10000,100,10000,2502,2502,2502,0,0,2502,0.996,0.0,0.0,0.004,0.99,0.01,0.0,100,99,99,100,101,101,100,0,0,5,0,0,2502,2502,2502,290.8157,298.43298571428573,7,a65b68914ed795ad7f0b7abda6fce0cc64045f6f,3.13.14
5.0,principal,compound,10000,1301,0.05,0.5,0.5,S1_minimal,501,500,500,25,500,188,2502,3003,0,500,312,500,9500,10000,500,10000,2502,2502,0,2502,2502,2502,0.376,0.8331668331668332,0.0,0.624,0.95,0.05,1.0,501,472,472,500,529,529,500,0,0,25,0,0,2502,2502,0,314.2225,309.5734428571429,7,a65b68914ed795ad7f0b7abda6fce0cc64045f6f,3.13.14
5.0,principal,compound,10000,1301,0.05,0.5,0.5,S2_temporal,501,500,500,25,500,477,2502,3003,0,500,23,500,9500,10000,500,10000,2502,2502,0,2502,2502,2502,0.954,0.8331668331668332,0.0,0.046,0.95,0.05,1.0,501,472,472,500,529,529,500,0,0,25,0,0,2502,2502,0,301.8268,306.6877857142857,7,a65b68914ed795ad7f0b7abda6fce0cc64045f6f,3.13.14
5.0,principal,compound,10000,1301,0.05,0.5,0.5,S3_recovery,501,500,500,25,500,188,0,3003,0,500,312,500,9500,10000,500,10000,2502,2502,2502,0,0,2502,0.376,0.0,0.0,0.624,0.95,0.05,0.0,501,472,472,500,529,529,500,0,0,25,0,0,2502,2502,2502,274.3372,276.39835714285715,7,a65b68914ed795ad7f0b7abda6fce0cc64045f6f,3.13.14
5.0,principal,compound,10000,1301,0.05,0.5,0.5,S4_full,501,500,500,25,500,477,0,3003,0,500,23,500,9500,10000,500,10000,2502,2502,2502,0,0,2502,0.954,0.0,0.0,0.046,0.95,0.05,0.0,501,472,472,500,529,529,500,0,0,25,0,0,2502,2502,2502,289.1156,291.75725714285716,7,a65b68914ed795ad7f0b7abda6fce0cc64045f6f,3.13.14
5.0,principal,compound,10000,1301,0.1,0.5,0.5,S1_minimal,1005,1000,1000,50,500,104,2484,3489,0,1000,396,500,9000,10000,1000,10000,2484,2484,0,2484,2484,2484,0.208,0.7119518486672399,0.0,0.792,0.9,0.1,1.0,1005,899,899,1000,1106,1106,1000,0,0,50,0,0,2484,2484,0,335.4659,337.77277142857145,7,a65b68914ed795ad7f0b7abda6fce0cc64045f6f,3.13.14
5.0,principal,compound,10000,1301,0.1,0.5,0.5,S2_temporal,1005,1000,1000,50,500,454,2484,3489,0,1000,46,500,9000,10000,1000,10000,2484,2484,0,2484,2484,2484,0.908,0.7119518486672399,0.0,0.092,0.9,0.1,1.0,1005,899,899,1000,1106,1106,1000,0,0,50,0,0,2484,2484,0,320.8709,320.48782857142857,7,a65b68914ed795ad7f0b7abda6fce0cc64045f6f,3.13.14
5.0,principal,compound,10000,1301,0.1,0.5,0.5,S3_recovery,1005,1000,1000,50,500,104,0,3489,0,1000,396,500,9000,10000,1000,10000,2484,2484,2484,0,0,2484,0.208,0.0,0.0,0.792,0.9,0.1,0.0,1005,899,899,1000,1106,1106,1000,0,0,50,0,0,2484,2484,2484,258.653,258.4871,7,a65b68914ed795ad7f0b7abda6fce0cc64045f6f,3.13.14
5.0,principal,compound,10000,1301,0.1,0.5,0.5,S4_full,1005,1000,1000,50,500,454,0,3489,0,1000,46,500,9000,10000,1000,10000,2484,2484,2484,0,0,2484,0.908,0.0,0.0,0.092,0.9,0.1,0.0,1005,899,899,1000,1106,1106,1000,0,0,50,0,0,2484,2484,2484,256.2134,256.32,7,a65b68914ed795ad7f0b7abda6fce0cc64045f6f,3.13.14
5.0,principal,compound,10000,2609,0.01,0.5,0.5,S1_minimal,100,100,100,5,500,407,2499,2599,0,100,93,500,9900,10000,100,10000,2499,2499,0,2499,2499,2499,0.814,0.9615236629472874,0.0,0.186,0.99,0.01,1.0,100,100,100,100,100,100,100,0,0,5,0,0,2499,2499,0,276.0301,277.2526571428571,7,a65b68914ed795ad7f0b7abda6fce0cc64045f6f,3.13.14
5.0,principal,compound,10000,2609,0.01,0.5,0.5,S2_temporal,100,100,100,5,500,496,2499,2599,0,100,4,500,9900,10000,100,10000,2499,2499,0,2499,2499,2499,0.992,0.9615236629472874,0.0,0.008,0.99,0.01,1.0,100,100,100,100,100,100,100,0,0,5,0,0,2499,2499,0,279.56,298.05305714285714,7,a65b68914ed795ad7f0b7abda6fce0cc64045f6f,3.13.14
5.0,principal,compound,10000,2609,0.01,0.5,0.5,S3_recovery,100,100,100,5,500,407,0,2599,0,100,93,500,9900,10000,100,10000,2499,2499,2499,0,0,2499,0.814,0.0,0.0,0.186,0.99,0.01,0.0,100,100,100,100,100,100,100,0,0,5,0,0,2499,2499,2499,246.8112,248.3932,7,a65b68914ed795ad7f0b7abda6fce0cc64045f6f,3.13.14
5.0,principal,compound,10000,2609,0.01,0.5,0.5,S4_full,100,100,100,5,500,496,0,2599,0,100,4,500,9900,10000,100,10000,2499,2499,2499,0,0,2499,0.992,0.0,0.0,0.008,0.99,0.01,0.0,100,100,100,100,100,100,100,0,0,5,0,0,2499,2499,2499,253.4782,252.8522142857143,7,a65b68914ed795ad7f0b7abda6fce0cc64045f6f,3.13.14
5.0,principal,compound,10000,2609,0.05,0.5,0.5,S1_minimal,501,500,500,25,500,201,2498,2999,0,500,299,500,9500,10000,500,10000,2498,2498,0,2498,2498,2498,0.402,0.8329443147715905,0.0,0.598,0.95,0.05,1.0,501,481,481,500,520,520,500,0,0,25,0,0,2498,2498,0,276.6332,276.0374,7,a65b68914ed795ad7f0b7abda6fce0cc64045f6f,3.13.14
5.0,principal,compound,10000,2609,0.05,0.5,0.5,S2_temporal,501,500,500,25,500,481,2498,2999,0,500,19,500,9500,10000,500,10000,2498,2498,0,2498,2498,2498,0.962,0.8329443147715905,0.0,0.038,0.95,0.05,1.0,501,481,481,500,520,520,500,0,0,25,0,0,2498,2498,0,279.8073,281.3882142857143,7,a65b68914ed795ad7f0b7abda6fce0cc64045f6f,3.13.14
5.0,principal,compound,10000,2609,0.05,0.5,0.5,S3_recovery,501,500,500,25,500,201,0,2999,0,500,299,500,9500,10000,500,10000,2498,2498,2498,0,0,2498,0.402,0.0,0.0,0.598,0.95,0.05,0.0,501,481,481,500,520,520,500,0,0,25,0,0,2498,2498,2498,251.2287,252.68327142857143,7,a65b68914ed795ad7f0b7abda6fce0cc64045f6f,3.13.14
5.0,principal,compound,10000,2609,0.05,0.5,0.5,S4_full,501,500,500,25,500,481,0,2999,0,500,19,500,9500,10000,500,10000,2498,2498,2498,0,0,2498,0.962,0.0,0.0,0.038,0.95,0.05,0.0,501,481,481,500,520,520,500,0,0,25,0,0,2498,2498,2498,252.7076,256.38788571428574,7,a65b68914ed795ad7f0b7abda6fce0cc64045f6f,3.13.14
5.0,principal,compound,10000,2609,0.1,0.5,0.5,S1_minimal,1005,1000,1000,50,500,104,2494,3499,0,1000,396,500,9000,10000,1000,10000,2494,2494,0,2494,2494,2494,0.208,0.712775078593884,0.0,0.792,0.9,0.1,1.0,1005,906,906,1000,1099,1099,1000,0,0,50,0,0,2494,2494,0,280.3996,281.9744714285714,7,a65b68914ed795ad7f0b7abda6fce0cc64045f6f,3.13.14
5.0,principal,compound,10000,2609,0.1,0.5,0.5,S2_temporal,1005,1000,1000,50,500,436,2494,3499,0,1000,64,500,9000,10000,1000,10000,2494,2494,0,2494,2494,2494,0.872,0.712775078593884,0.0,0.128,0.9,0.1,1.0,1005,906,906,1000,1099,1099,1000,0,0,50,0,0,2494,2494,0,279.5281,280.60567142857144,7,a65b68914ed795ad7f0b7abda6fce0cc64045f6f,3.13.14
5.0,principal,compound,10000,2609,0.1,0.5,0.5,S3_recovery,1005,1000,1000,50,500,104,0,3499,0,1000,396,500,9000,10000,1000,10000,2494,2494,2494,0,0,2494,0.208,0.0,0.0,0.792,0.9,0.1,0.0,1005,906,906,1000,1099,1099,1000,0,0,50,0,0,2494,2494,2494,253.3384,253.75421428571428,7,a65b68914ed795ad7f0b7abda6fce0cc64045f6f,3.13.14
5.0,principal,compound,10000,2609,0.1,0.5,0.5,S4_full,1005,1000,1000,50,500,436,0,3499,0,1000,64,500,9000,10000,1000,10000,2494,2494,2494,0,0,2494,0.872,0.0,0.0,0.128,0.9,0.1,0.0,1005,906,906,1000,1099,1099,1000,0,0,50,0,0,2494,2494,2494,253.1196,254.01867142857142,7,a65b68914ed795ad7f0b7abda6fce0cc64045f6f,3.13.14
5.0,principal,compound,10000,3911,0.01,0.5,0.5,S1_minimal,100,100,100,5,500,412,2500,2600,0,100,88,500,9900,10000,100,10000,2500,2500,0,2500,2500,2500,0.824,0.9615384615384616,0.0,0.176,0.99,0.01,1.0,100,98,98,100,102,102,100,0,0,5,0,0,2500,2500,0,276.7313,280.6555142857143,7,a65b68914ed795ad7f0b7abda6fce0cc64045f6f,3.13.14
5.0,principal,compound,10000,3911,0.01,0.5,0.5,S2_temporal,100,100,100,5,500,498,2500,2600,0,100,2,500,9900,10000,100,10000,2500,2500,0,2500,2500,2500,0.996,0.9615384615384616,0.0,0.004,0.99,0.01,1.0,100,98,98,100,102,102,100,0,0,5,0,0,2500,2500,0,278.8506,278.5301285714286,7,a65b68914ed795ad7f0b7abda6fce0cc64045f6f,3.13.14
5.0,principal,compound,10000,3911,0.01,0.5,0.5,S3_recovery,100,100,100,5,500,412,0,2600,0,100,88,500,9900,10000,100,10000,2500,2500,2500,0,0,2500,0.824,0.0,0.0,0.176,0.99,0.01,0.0,100,98,98,100,102,102,100,0,0,5,0,0,2500,2500,2500,249.2444,250.63261428571428,7,a65b68914ed795ad7f0b7abda6fce0cc64045f6f,3.13.14
5.0,principal,compound,10000,3911,0.01,0.5,0.5,S4_full,100,100,100,5,500,498,0,2600,0,100,2,500,9900,10000,100,10000,2500,2500,2500,0,0,2500,0.996,0.0,0.0,0.004,0.99,0.01,0.0,100,98,98,100,102,102,100,0,0,5,0,0,2500,2500,2500,250.0392,250.32127142857144,7,a65b68914ed795ad7f0b7abda6fce0cc64045f6f,3.13.14
5.0,principal,compound,10000,3911,0.05,0.5,0.5,S1_minimal,501,500,500,25,500,203,2508,3009,0,500,297,500,9500,10000,500,10000,2508,2508,0,2508,2508,2508,0.406,0.8334995014955134,0.0,0.594,0.95,0.05,1.0,501,470,470,500,531,531,500,0,0,25,0,0,2508,2508,0,277.4967,277.4870857142857,7,a65b68914ed795ad7f0b7abda6fce0cc64045f6f,3.13.14
5.0,principal,compound,10000,3911,0.05,0.5,0.5,S2_temporal,501,500,500,25,500,476,2508,3009,0,500,24,500,9500,10000,500,10000,2508,2508,0,2508,2508,2508,0.952,0.8334995014955134,0.0,0.048,0.95,0.05,1.0,501,470,470,500,531,531,500,0,0,25,0,0,2508,2508,0,278.4818,279.26248571428573,7,a65b68914ed795ad7f0b7abda6fce0cc64045f6f,3.13.14
5.0,principal,compound,10000,3911,0.05,0.5,0.5,S3_recovery,501,500,500,25,500,203,0,3009,0,500,297,500,9500,10000,500,10000,2508,2508,2508,0,0,2508,0.406,0.0,0.0,0.594,0.95,0.05,0.0,501,470,470,500,531,531,500,0,0,25,0,0,2508,2508,2508,250.7897,251.8137714285714,7,a65b68914ed795ad7f0b7abda6fce0cc64045f6f,3.13.14
5.0,principal,compound,10000,3911,0.05,0.5,0.5,S4_full,501,500,500,25,500,476,0,3009,0,500,24,500,9500,10000,500,10000,2508,2508,2508,0,0,2508,0.952,0.0,0.0,0.048,0.95,0.05,0.0,501,470,470,500,531,531,500,0,0,25,0,0,2508,2508,2508,252.3165,252.99602857142858,7,a65b68914ed795ad7f0b7abda6fce0cc64045f6f,3.13.14
5.0,principal,compound,10000,3911,0.1,0.5,0.5,S1_minimal,1005,1000,1000,50,500,106,2480,3485,0,1000,394,500,9000,10000,1000,10000,2480,2480,0,2480,2480,2480,0.212,0.7116212338593975,0.0,0.788,0.9,0.1,1.0,1005,897,897,1000,1108,1108,1000,0,0,50,0,0,2480,2480,0,279.2197,282.18545714285716,7,a65b68914ed795ad7f0b7abda6fce0cc64045f6f,3.13.14
5.0,principal,compound,10000,3911,0.1,0.5,0.5,S2_temporal,1005,1000,1000,50,500,449,2480,3485,0,1000,51,500,9000,10000,1000,10000,2480,2480,0,2480,2480,2480,0.898,0.7116212338593975,0.0,0.102,0.9,0.1,1.0,1005,897,897,1000,1108,1108,1000,0,0,50,0,0,2480,2480,0,276.9894,297.9295285714286,7,a65b68914ed795ad7f0b7abda6fce0cc64045f6f,3.13.14
5.0,principal,compound,10000,3911,0.1,0.5,0.5,S3_recovery,1005,1000,1000,50,500,106,0,3485,0,1000,394,500,9000,10000,1000,10000,2480,2480,2480,0,0,2480,0.212,0.0,0.0,0.788,0.9,0.1,0.0,1005,897,897,1000,1108,1108,1000,0,0,50,0,0,2480,2480,2480,250.6051,249.8162,7,a65b68914ed795ad7f0b7abda6fce0cc64045f6f,3.13.14
5.0,principal,compound,10000,3911,0.1,0.5,0.5,S4_full,1005,1000,1000,50,500,449,0,3485,0,1000,51,500,9000,10000,1000,10000,2480,2480,2480,0,0,2480,0.898,0.0,0.0,0.102,0.9,0.1,0.0,1005,897,897,1000,1108,1108,1000,0,0,50,0,0,2480,2480,2480,253.7573,253.84018571428572,7,a65b68914ed795ad7f0b7abda6fce0cc64045f6f,3.13.14
5.0,principal,compound,10000,5209,0.01,0.5,0.5,S1_minimal,100,100,100,5,500,410,2502,2602,0,100,90,500,9900,10000,100,10000,2502,2502,0,2502,2502,2502,0.82,0.9615680245964643,0.0,0.18,0.99,0.01,1.0,100,97,97,100,103,103,100,0,0,5,0,0,2502,2502,0,277.0808,277.191,7,a65b68914ed795ad7f0b7abda6fce0cc64045f6f,3.13.14
5.0,principal,compound,10000,5209,0.01,0.5,0.5,S2_temporal,100,100,100,5,500,493,2502,2602,0,100,7,500,9900,10000,100,10000,2502,2502,0,2502,2502,2502,0.986,0.9615680245964643,0.0,0.014,0.99,0.01,1.0,100,97,97,100,103,103,100,0,0,5,0,0,2502,2502,0,280.3314,280.4368,7,a65b68914ed795ad7f0b7abda6fce0cc64045f6f,3.13.14
5.0,principal,compound,10000,5209,0.01,0.5,0.5,S3_recovery,100,100,100,5,500,410,0,2602,0,100,90,500,9900,10000,100,10000,2502,2502,2502,0,0,2502,0.82,0.0,0.0,0.18,0.99,0.01,0.0,100,97,97,100,103,103,100,0,0,5,0,0,2502,2502,2502,253.3921,252.7792,7,a65b68914ed795ad7f0b7abda6fce0cc64045f6f,3.13.14
5.0,principal,compound,10000,5209,0.01,0.5,0.5,S4_full,100,100,100,5,500,493,0,2602,0,100,7,500,9900,10000,100,10000,2502,2502,2502,0,0,2502,0.986,0.0,0.0,0.014,0.99,0.01,0.0,100,97,97,100,103,103,100,0,0,5,0,0,2502,2502,2502,252.8579,252.56567142857142,7,a65b68914ed795ad7f0b7abda6fce0cc64045f6f,3.13.14
5.0,principal,compound,10000,5209,0.05,0.5,0.5,S1_minimal,501,500,500,25,500,191,2507,3008,0,500,309,500,9500,10000,500,10000,2507,2507,0,2507,2507,2507,0.382,0.8334441489361702,0.0,0.618,0.95,0.05,1.0,501,476,476,500,525,525,500,0,0,25,0,0,2507,2507,0,279.1417,279.0568857142857,7,a65b68914ed795ad7f0b7abda6fce0cc64045f6f,3.13.14
5.0,principal,compound,10000,5209,0.05,0.5,0.5,S2_temporal,501,500,500,25,500,471,2507,3008,0,500,29,500,9500,10000,500,10000,2507,2507,0,2507,2507,2507,0.942,0.8334441489361702,0.0,0.058,0.95,0.05,1.0,501,476,476,500,525,525,500,0,0,25,0,0,2507,2507,0,277.8799,278.7868857142857,7,a65b68914ed795ad7f0b7abda6fce0cc64045f6f,3.13.14
5.0,principal,compound,10000,5209,0.05,0.5,0.5,S3_recovery,501,500,500,25,500,191,0,3008,0,500,309,500,9500,10000,500,10000,2507,2507,2507,0,0,2507,0.382,0.0,0.0,0.618,0.95,0.05,0.0,501,476,476,500,525,525,500,0,0,25,0,0,2507,2507,2507,249.0157,250.86885714285714,7,a65b68914ed795ad7f0b7abda6fce0cc64045f6f,3.13.14
5.0,principal,compound,10000,5209,0.05,0.5,0.5,S4_full,501,500,500,25,500,471,0,3008,0,500,29,500,9500,10000,500,10000,2507,2507,2507,0,0,2507,0.942,0.0,0.0,0.058,0.95,0.05,0.0,501,476,476,500,525,525,500,0,0,25,0,0,2507,2507,2507,249.9421,250.65945714285715,7,a65b68914ed795ad7f0b7abda6fce0cc64045f6f,3.13.14
5.0,principal,compound,10000,5209,0.1,0.5,0.5,S1_minimal,1005,1000,1000,50,500,108,2485,3490,0,1000,392,500,9000,10000,1000,10000,2485,2485,0,2485,2485,2485,0.216,0.7120343839541547,0.0,0.784,0.9,0.1,1.0,1005,903,903,1000,1102,1102,1000,0,0,50,0,0,2485,2485,0,278.3611,294.0331142857143,7,a65b68914ed795ad7f0b7abda6fce0cc64045f6f,3.13.14
5.0,principal,compound,10000,5209,0.1,0.5,0.5,S2_temporal,1005,1000,1000,50,500,455,2485,3490,0,1000,45,500,9000,10000,1000,10000,2485,2485,0,2485,2485,2485,0.91,0.7120343839541547,0.0,0.09,0.9,0.1,1.0,1005,903,903,1000,1102,1102,1000,0,0,50,0,0,2485,2485,0,280.2883,280.6283714285714,7,a65b68914ed795ad7f0b7abda6fce0cc64045f6f,3.13.14
5.0,principal,compound,10000,5209,0.1,0.5,0.5,S3_recovery,1005,1000,1000,50,500,108,0,3490,0,1000,392,500,9000,10000,1000,10000,2485,2485,2485,0,0,2485,0.216,0.0,0.0,0.784,0.9,0.1,0.0,1005,903,903,1000,1102,1102,1000,0,0,50,0,0,2485,2485,2485,250.9786,249.76607142857142,7,a65b68914ed795ad7f0b7abda6fce0cc64045f6f,3.13.14
5.0,principal,compound,10000,5209,0.1,0.5,0.5,S4_full,1005,1000,1000,50,500,455,0,3490,0,1000,45,500,9000,10000,1000,10000,2485,2485,2485,0,0,2485,0.91,0.0,0.0,0.09,0.9,0.1,0.0,1005,903,903,1000,1102,1102,1000,0,0,50,0,0,2485,2485,2485,250.5832,252.10535714285714,7,a65b68914ed795ad7f0b7abda6fce0cc64045f6f,3.13.14
5.0,principal,compound,10000,6521,0.01,0.5,0.5,S1_minimal,100,100,100,5,500,408,2499,2599,0,100,92,500,9900,10000,100,10000,2499,2499,0,2499,2499,2499,0.816,0.9615236629472874,0.0,0.184,0.99,0.01,1.0,100,98,98,100,102,102,100,0,0,5,0,0,2499,2499,0,276.6615,277.6008428571429,7,a65b68914ed795ad7f0b7abda6fce0cc64045f6f,3.13.14
5.0,principal,compound,10000,6521,0.01,0.5,0.5,S2_temporal,100,100,100,5,500,497,2499,2599,0,100,3,500,9900,10000,100,10000,2499,2499,0,2499,2499,2499,0.994,0.9615236629472874,0.0,0.006,0.99,0.01,1.0,100,98,98,100,102,102,100,0,0,5,0,0,2499,2499,0,279.3713,282.3059428571429,7,a65b68914ed795ad7f0b7abda6fce0cc64045f6f,3.13.14
5.0,principal,compound,10000,6521,0.01,0.5,0.5,S3_recovery,100,100,100,5,500,408,0,2599,0,100,92,500,9900,10000,100,10000,2499,2499,2499,0,0,2499,0.816,0.0,0.0,0.184,0.99,0.01,0.0,100,98,98,100,102,102,100,0,0,5,0,0,2499,2499,2499,250.6176,250.74280000000002,7,a65b68914ed795ad7f0b7abda6fce0cc64045f6f,3.13.14
5.0,principal,compound,10000,6521,0.01,0.5,0.5,S4_full,100,100,100,5,500,497,0,2599,0,100,3,500,9900,10000,100,10000,2499,2499,2499,0,0,2499,0.994,0.0,0.0,0.006,0.99,0.01,0.0,100,98,98,100,102,102,100,0,0,5,0,0,2499,2499,2499,252.6857,253.21131428571428,7,a65b68914ed795ad7f0b7abda6fce0cc64045f6f,3.13.14
5.0,principal,compound,10000,6521,0.05,0.5,0.5,S1_minimal,501,500,500,25,500,189,2501,3002,0,500,311,500,9500,10000,500,10000,2501,2501,0,2501,2501,2501,0.378,0.8331112591605596,0.0,0.622,0.95,0.05,1.0,501,479,479,500,522,522,500,0,0,25,0,0,2501,2501,0,279.8317,280.26412857142856,7,a65b68914ed795ad7f0b7abda6fce0cc64045f6f,3.13.14
5.0,principal,compound,10000,6521,0.05,0.5,0.5,S2_temporal,501,500,500,25,500,472,2501,3002,0,500,28,500,9500,10000,500,10000,2501,2501,0,2501,2501,2501,0.944,0.8331112591605596,0.0,0.056,0.95,0.05,1.0,501,479,479,500,522,522,500,0,0,25,0,0,2501,2501,0,278.2479,279.5349857142857,7,a65b68914ed795ad7f0b7abda6fce0cc64045f6f,3.13.14
5.0,principal,compound,10000,6521,0.05,0.5,0.5,S3_recovery,501,500,500,25,500,189,0,3002,0,500,311,500,9500,10000,500,10000,2501,2501,2501,0,0,2501,0.378,0.0,0.0,0.622,0.95,0.05,0.0,501,479,479,500,522,522,500,0,0,25,0,0,2501,2501,2501,252.2852,251.81071428571428,7,a65b68914ed795ad7f0b7abda6fce0cc64045f6f,3.13.14
5.0,principal,compound,10000,6521,0.05,0.5,0.5,S4_full,501,500,500,25,500,472,0,3002,0,500,28,500,9500,10000,500,10000,2501,2501,2501,0,0,2501,0.944,0.0,0.0,0.056,0.95,0.05,0.0,501,479,479,500,522,522,500,0,0,25,0,0,2501,2501,2501,255.3522,255.42105714285714,7,a65b68914ed795ad7f0b7abda6fce0cc64045f6f,3.13.14
5.0,principal,compound,10000,6521,0.1,0.5,0.5,S1_minimal,1005,1000,1000,50,500,112,2484,3489,0,1000,388,500,9000,10000,1000,10000,2484,2484,0,2484,2484,2484,0.224,0.7119518486672399,0.0,0.776,0.9,0.1,1.0,1005,914,914,1000,1091,1091,1000,0,0,50,0,0,2484,2484,0,281.4661,282.3225428571429,7,a65b68914ed795ad7f0b7abda6fce0cc64045f6f,3.13.14
5.0,principal,compound,10000,6521,0.1,0.5,0.5,S2_temporal,1005,1000,1000,50,500,449,2484,3489,0,1000,51,500,9000,10000,1000,10000,2484,2484,0,2484,2484,2484,0.898,0.7119518486672399,0.0,0.102,0.9,0.1,1.0,1005,914,914,1000,1091,1091,1000,0,0,50,0,0,2484,2484,0,282.7827,283.0216571428571,7,a65b68914ed795ad7f0b7abda6fce0cc64045f6f,3.13.14
5.0,principal,compound,10000,6521,0.1,0.5,0.5,S3_recovery,1005,1000,1000,50,500,112,0,3489,0,1000,388,500,9000,10000,1000,10000,2484,2484,2484,0,0,2484,0.224,0.0,0.0,0.776,0.9,0.1,0.0,1005,914,914,1000,1091,1091,1000,0,0,50,0,0,2484,2484,2484,256.435,255.9771142857143,7,a65b68914ed795ad7f0b7abda6fce0cc64045f6f,3.13.14
5.0,principal,compound,10000,6521,0.1,0.5,0.5,S4_full,1005,1000,1000,50,500,449,0,3489,0,1000,51,500,9000,10000,1000,10000,2484,2484,2484,0,0,2484,0.898,0.0,0.0,0.102,0.9,0.1,0.0,1005,914,914,1000,1091,1091,1000,0,0,50,0,0,2484,2484,2484,257.0764,262.8457571428571,7,a65b68914ed795ad7f0b7abda6fce0cc64045f6f,3.13.14
5.0,principal,compound,100000,1301,0.01,0.5,0.5,S1_minimal,1000,1000,1000,50,5000,4069,25016,26016,0,1000,931,5000,99000,100000,1000,100000,25016,25016,0,25016,25016,25016,0.8138,0.9615621156211562,0.0,0.1862,0.99,0.01,1.0,1000,991,991,1000,1009,1009,1000,0,0,50,0,0,25016,25016,0,2851.9973,2848.6239714285716,7,a65b68914ed795ad7f0b7abda6fce0cc64045f6f,3.13.14
5.0,principal,compound,100000,1301,0.01,0.5,0.5,S2_temporal,1000,1000,1000,50,5000,4947,25016,26016,0,1000,53,5000,99000,100000,1000,100000,25016,25016,0,25016,25016,25016,0.9894,0.9615621156211562,0.0,0.0106,0.99,0.01,1.0,1000,991,991,1000,1009,1009,1000,0,0,50,0,0,25016,25016,0,2845.7092,2860.7000714285714,7,a65b68914ed795ad7f0b7abda6fce0cc64045f6f,3.13.14
5.0,principal,compound,100000,1301,0.01,0.5,0.5,S3_recovery,1000,1000,1000,50,5000,4069,0,26016,0,1000,931,5000,99000,100000,1000,100000,25016,25016,25016,0,0,25016,0.8138,0.0,0.0,0.1862,0.99,0.01,0.0,1000,991,991,1000,1009,1009,1000,0,0,50,0,0,25016,25016,25016,2579.4917,2576.6313999999998,7,a65b68914ed795ad7f0b7abda6fce0cc64045f6f,3.13.14
5.0,principal,compound,100000,1301,0.01,0.5,0.5,S4_full,1000,1000,1000,50,5000,4947,0,26016,0,1000,53,5000,99000,100000,1000,100000,25016,25016,25016,0,0,25016,0.9894,0.0,0.0,0.0106,0.99,0.01,0.0,1000,991,991,1000,1009,1009,1000,0,0,50,0,0,25016,25016,25016,2588.6342,2587.1954714285716,7,a65b68914ed795ad7f0b7abda6fce0cc64045f6f,3.13.14
5.0,principal,compound,100000,1301,0.05,0.5,0.5,S1_minimal,5012,5000,5000,250,5000,1963,25028,30040,0,5000,3037,5000,95000,100000,5000,100000,25028,25028,0,25028,25028,25028,0.3926,0.833155792276964,0.0,0.6074,0.95,0.05,1.0,5012,4760,4760,5000,5252,5252,5000,0,0,250,0,0,25028,25028,0,2841.8917,2868.327142857143,7,a65b68914ed795ad7f0b7abda6fce0cc64045f6f,3.13.14
5.0,principal,compound,100000,1301,0.05,0.5,0.5,S2_temporal,5012,5000,5000,250,5000,4753,25028,30040,0,5000,247,5000,95000,100000,5000,100000,25028,25028,0,25028,25028,25028,0.9506,0.833155792276964,0.0,0.0494,0.95,0.05,1.0,5012,4760,4760,5000,5252,5252,5000,0,0,250,0,0,25028,25028,0,2875.3754,2875.341085714286,7,a65b68914ed795ad7f0b7abda6fce0cc64045f6f,3.13.14
5.0,principal,compound,100000,1301,0.05,0.5,0.5,S3_recovery,5012,5000,5000,250,5000,1963,0,30040,0,5000,3037,5000,95000,100000,5000,100000,25028,25028,25028,0,0,25028,0.3926,0.0,0.0,0.6074,0.95,0.05,0.0,5012,4760,4760,5000,5252,5252,5000,0,0,250,0,0,25028,25028,25028,2583.3562,2591.5482428571427,7,a65b68914ed795ad7f0b7abda6fce0cc64045f6f,3.13.14
5.0,principal,compound,100000,1301,0.05,0.5,0.5,S4_full,5012,5000,5000,250,5000,4753,0,30040,0,5000,247,5000,95000,100000,5000,100000,25028,25028,25028,0,0,25028,0.9506,0.0,0.0,0.0494,0.95,0.05,0.0,5012,4760,4760,5000,5252,5252,5000,0,0,250,0,0,25028,25028,25028,2629.3352,2652.7320999999997,7,a65b68914ed795ad7f0b7abda6fce0cc64045f6f,3.13.14
5.0,principal,compound,100000,1301,0.1,0.5,0.5,S1_minimal,10050,10000,10000,500,5000,1062,24867,34917,0,10000,3938,5000,90000,100000,10000,100000,24867,24867,0,24867,24867,24867,0.2124,0.712174585445485,0.0,0.7876,0.9,0.1,1.0,10050,9043,9043,10000,11007,11007,10000,0,0,500,0,0,24867,24867,0,2874.7425,2872.7731285714285,7,a65b68914ed795ad7f0b7abda6fce0cc64045f6f,3.13.14
5.0,principal,compound,100000,1301,0.1,0.5,0.5,S2_temporal,10050,10000,10000,500,5000,4476,24867,34917,0,10000,524,5000,90000,100000,10000,100000,24867,24867,0,24867,24867,24867,0.8952,0.712174585445485,0.0,0.1048,0.9,0.1,1.0,10050,9043,9043,10000,11007,11007,10000,0,0,500,0,0,24867,24867,0,2868.1838,2873.7328857142857,7,a65b68914ed795ad7f0b7abda6fce0cc64045f6f,3.13.14
5.0,principal,compound,100000,1301,0.1,0.5,0.5,S3_recovery,10050,10000,10000,500,5000,1062,0,34917,0,10000,3938,5000,90000,100000,10000,100000,24867,24867,24867,0,0,24867,0.2124,0.0,0.0,0.7876,0.9,0.1,0.0,10050,9043,9043,10000,11007,11007,10000,0,0,500,0,0,24867,24867,24867,2608.8442,2654.2216857142857,7,a65b68914ed795ad7f0b7abda6fce0cc64045f6f,3.13.14
5.0,principal,compound,100000,1301,0.1,0.5,0.5,S4_full,10050,10000,10000,500,5000,4476,0,34917,0,10000,524,5000,90000,100000,10000,100000,24867,24867,24867,0,0,24867,0.8952,0.0,0.0,0.1048,0.9,0.1,0.0,10050,9043,9043,10000,11007,11007,10000,0,0,500,0,0,24867,24867,24867,2637.4974,2632.6223,7,a65b68914ed795ad7f0b7abda6fce0cc64045f6f,3.13.14
5.0,principal,compound,100000,2609,0.01,0.5,0.5,S1_minimal,1000,1000,1000,50,5000,4075,25010,26010,0,1000,925,5000,99000,100000,1000,100000,25010,25010,0,25010,25010,25010,0.815,0.9615532487504805,0.0,0.185,0.99,0.01,1.0,1000,992,992,1000,1008,1008,1000,0,0,50,0,0,25010,25010,0,2890.7647,2888.0612571428574,7,a65b68914ed795ad7f0b7abda6fce0cc64045f6f,3.13.14
5.0,principal,compound,100000,2609,0.01,0.5,0.5,S2_temporal,1000,1000,1000,50,5000,4948,25010,26010,0,1000,52,5000,99000,100000,1000,100000,25010,25010,0,25010,25010,25010,0.9896,0.9615532487504805,0.0,0.0104,0.99,0.01,1.0,1000,992,992,1000,1008,1008,1000,0,0,50,0,0,25010,25010,0,2904.2766,2917.5384,7,a65b68914ed795ad7f0b7abda6fce0cc64045f6f,3.13.14
5.0,principal,compound,100000,2609,0.01,0.5,0.5,S3_recovery,1000,1000,1000,50,5000,4075,0,26010,0,1000,925,5000,99000,100000,1000,100000,25010,25010,25010,0,0,25010,0.815,0.0,0.0,0.185,0.99,0.01,0.0,1000,992,992,1000,1008,1008,1000,0,0,50,0,0,25010,25010,25010,2638.1901,2643.1388428571427,7,a65b68914ed795ad7f0b7abda6fce0cc64045f6f,3.13.14
5.0,principal,compound,100000,2609,0.01,0.5,0.5,S4_full,1000,1000,1000,50,5000,4948,0,26010,0,1000,52,5000,99000,100000,1000,100000,25010,25010,25010,0,0,25010,0.9896,0.0,0.0,0.0104,0.99,0.01,0.0,1000,992,992,1000,1008,1008,1000,0,0,50,0,0,25010,25010,25010,2665.8795,2670.0532714285714,7,a65b68914ed795ad7f0b7abda6fce0cc64045f6f,3.13.14
5.0,principal,compound,100000,2609,0.05,0.5,0.5,S1_minimal,5012,5000,5000,250,5000,1955,24992,30004,0,5000,3045,5000,95000,100000,5000,100000,24992,24992,0,24992,24992,24992,0.391,0.8329556059192108,0.0,0.609,0.95,0.05,1.0,5012,4762,4762,5000,5250,5250,5000,0,0,250,0,0,24992,24992,0,2863.5673,2881.817314285714,7,a65b68914ed795ad7f0b7abda6fce0cc64045f6f,3.13.14
5.0,principal,compound,100000,2609,0.05,0.5,0.5,S2_temporal,5012,5000,5000,250,5000,4729,24992,30004,0,5000,271,5000,95000,100000,5000,100000,24992,24992,0,24992,24992,24992,0.9458,0.8329556059192108,0.0,0.0542,0.95,0.05,1.0,5012,4762,4762,5000,5250,5250,5000,0,0,250,0,0,24992,24992,0,2889.9127,2900.567042857143,7,a65b68914ed795ad7f0b7abda6fce0cc64045f6f,3.13.14
5.0,principal,compound,100000,2609,0.05,0.5,0.5,S3_recovery,5012,5000,5000,250,5000,1955,0,30004,0,5000,3045,5000,95000,100000,5000,100000,24992,24992,24992,0,0,24992,0.391,0.0,0.0,0.609,0.95,0.05,0.0,5012,4762,4762,5000,5250,5250,5000,0,0,250,0,0,24992,24992,24992,2614.2633,2625.8368714285716,7,a65b68914ed795ad7f0b7abda6fce0cc64045f6f,3.13.14
5.0,principal,compound,100000,2609,0.05,0.5,0.5,S4_full,5012,5000,5000,250,5000,4729,0,30004,0,5000,271,5000,95000,100000,5000,100000,24992,24992,24992,0,0,24992,0.9458,0.0,0.0,0.0542,0.95,0.05,0.0,5012,4762,4762,5000,5250,5250,5000,0,0,250,0,0,24992,24992,24992,2650.6795,2667.7534714285716,7,a65b68914ed795ad7f0b7abda6fce0cc64045f6f,3.13.14
5.0,principal,compound,100000,2609,0.1,0.5,0.5,S1_minimal,10050,10000,10000,500,5000,1048,24886,34936,0,10000,3952,5000,90000,100000,10000,100000,24886,24886,0,24886,24886,24886,0.2096,0.7123311197618503,0.0,0.7904,0.9,0.1,1.0,10050,9070,9070,10000,10980,10980,10000,0,0,500,0,0,24886,24886,0,2936.8913,2933.6017714285713,7,a65b68914ed795ad7f0b7abda6fce0cc64045f6f,3.13.14
5.0,principal,compound,100000,2609,0.1,0.5,0.5,S2_temporal,10050,10000,10000,500,5000,4477,24886,34936,0,10000,523,5000,90000,100000,10000,100000,24886,24886,0,24886,24886,24886,0.8954,0.7123311197618503,0.0,0.1046,0.9,0.1,1.0,10050,9070,9070,10000,10980,10980,10000,0,0,500,0,0,24886,24886,0,2936.0365,2935.795357142857,7,a65b68914ed795ad7f0b7abda6fce0cc64045f6f,3.13.14
5.0,principal,compound,100000,2609,0.1,0.5,0.5,S3_recovery,10050,10000,10000,500,5000,1048,0,34936,0,10000,3952,5000,90000,100000,10000,100000,24886,24886,24886,0,0,24886,0.2096,0.0,0.0,0.7904,0.9,0.1,0.0,10050,9070,9070,10000,10980,10980,10000,0,0,500,0,0,24886,24886,24886,2673.7748,2681.155057142857,7,a65b68914ed795ad7f0b7abda6fce0cc64045f6f,3.13.14
5.0,principal,compound,100000,2609,0.1,0.5,0.5,S4_full,10050,10000,10000,500,5000,4477,0,34936,0,10000,523,5000,90000,100000,10000,100000,24886,24886,24886,0,0,24886,0.8954,0.0,0.0,0.1046,0.9,0.1,0.0,10050,9070,9070,10000,10980,10980,10000,0,0,500,0,0,24886,24886,24886,2681.4261,2681.2603714285715,7,a65b68914ed795ad7f0b7abda6fce0cc64045f6f,3.13.14
5.0,principal,compound,100000,3911,0.01,0.5,0.5,S1_minimal,1000,1000,1000,50,5000,4073,24996,25996,0,1000,927,5000,99000,100000,1000,100000,24996,24996,0,24996,24996,24996,0.8146,0.9615325434682259,0.0,0.1854,0.99,0.01,1.0,1000,984,984,1000,1016,1016,1000,0,0,50,0,0,24996,24996,0,2925.6437,2927.898042857143,7,a65b68914ed795ad7f0b7abda6fce0cc64045f6f,3.13.14
5.0,principal,compound,100000,3911,0.01,0.5,0.5,S2_temporal,1000,1000,1000,50,5000,4951,24996,25996,0,1000,49,5000,99000,100000,1000,100000,24996,24996,0,24996,24996,24996,0.9902,0.9615325434682259,0.0,0.0098,0.99,0.01,1.0,1000,984,984,1000,1016,1016,1000,0,0,50,0,0,24996,24996,0,2955.1378,2972.6429285714285,7,a65b68914ed795ad7f0b7abda6fce0cc64045f6f,3.13.14
5.0,principal,compound,100000,3911,0.01,0.5,0.5,S3_recovery,1000,1000,1000,50,5000,4073,0,25996,0,1000,927,5000,99000,100000,1000,100000,24996,24996,24996,0,0,24996,0.8146,0.0,0.0,0.1854,0.99,0.01,0.0,1000,984,984,1000,1016,1016,1000,0,0,50,0,0,24996,24996,24996,2684.6928,2684.3710571428574,7,a65b68914ed795ad7f0b7abda6fce0cc64045f6f,3.13.14
5.0,principal,compound,100000,3911,0.01,0.5,0.5,S4_full,1000,1000,1000,50,5000,4951,0,25996,0,1000,49,5000,99000,100000,1000,100000,24996,24996,24996,0,0,24996,0.9902,0.0,0.0,0.0098,0.99,0.01,0.0,1000,984,984,1000,1016,1016,1000,0,0,50,0,0,24996,24996,24996,2699.5492,2702.790157142857,7,a65b68914ed795ad7f0b7abda6fce0cc64045f6f,3.13.14
5.0,principal,compound,100000,3911,0.05,0.5,0.5,S1_minimal,5012,5000,5000,250,5000,1948,24994,30006,0,5000,3052,5000,95000,100000,5000,100000,24994,24994,0,24994,24994,24994,0.3896,0.8329667399853362,0.0,0.6104,0.95,0.05,1.0,5012,4770,4770,5000,5242,5242,5000,0,0,250,0,0,24994,24994,0,2936.857,2949.6179,7,a65b68914ed795ad7f0b7abda6fce0cc64045f6f,3.13.14
5.0,principal,compound,100000,3911,0.05,0.5,0.5,S2_temporal,5012,5000,5000,250,5000,4725,24994,30006,0,5000,275,5000,95000,100000,5000,100000,24994,24994,0,24994,24994,24994,0.945,0.8329667399853362,0.0,0.055,0.95,0.05,1.0,5012,4770,4770,5000,5242,5242,5000,0,0,250,0,0,24994,24994,0,2958.1165,2965.1516714285713,7,a65b68914ed795ad7f0b7abda6fce0cc64045f6f,3.13.14
5.0,principal,compound,100000,3911,0.05,0.5,0.5,S3_recovery,5012,5000,5000,250,5000,1948,0,30006,0,5000,3052,5000,95000,100000,5000,100000,24994,24994,24994,0,0,24994,0.3896,0.0,0.0,0.6104,0.95,0.05,0.0,5012,4770,4770,5000,5242,5242,5000,0,0,250,0,0,24994,24994,24994,2654.8873,2659.862314285714,7,a65b68914ed795ad7f0b7abda6fce0cc64045f6f,3.13.14
5.0,principal,compound,100000,3911,0.05,0.5,0.5,S4_full,5012,5000,5000,250,5000,4725,0,30006,0,5000,275,5000,95000,100000,5000,100000,24994,24994,24994,0,0,24994,0.945,0.0,0.0,0.055,0.95,0.05,0.0,5012,4770,4770,5000,5242,5242,5000,0,0,250,0,0,24994,24994,24994,2720.5824,2722.4758428571427,7,a65b68914ed795ad7f0b7abda6fce0cc64045f6f,3.13.14
5.0,principal,compound,100000,3911,0.1,0.5,0.5,S1_minimal,10050,10000,10000,500,5000,1089,24810,34860,0,10000,3911,5000,90000,100000,10000,100000,24810,24810,0,24810,24810,24810,0.2178,0.7117039586919105,0.0,0.7822,0.9,0.1,1.0,10050,9036,9036,10000,11014,11014,10000,0,0,500,0,0,24810,24810,0,2935.7239,2941.9605714285713,7,a65b68914ed795ad7f0b7abda6fce0cc64045f6f,3.13.14
5.0,principal,compound,100000,3911,0.1,0.5,0.5,S2_temporal,10050,10000,10000,500,5000,4479,24810,34860,0,10000,521,5000,90000,100000,10000,100000,24810,24810,0,24810,24810,24810,0.8958,0.7117039586919105,0.0,0.1042,0.9,0.1,1.0,10050,9036,9036,10000,11014,11014,10000,0,0,500,0,0,24810,24810,0,2958.767,2956.0542285714287,7,a65b68914ed795ad7f0b7abda6fce0cc64045f6f,3.13.14
5.0,principal,compound,100000,3911,0.1,0.5,0.5,S3_recovery,10050,10000,10000,500,5000,1089,0,34860,0,10000,3911,5000,90000,100000,10000,100000,24810,24810,24810,0,0,24810,0.2178,0.0,0.0,0.7822,0.9,0.1,0.0,10050,9036,9036,10000,11014,11014,10000,0,0,500,0,0,24810,24810,24810,2702.1262,2702.870042857143,7,a65b68914ed795ad7f0b7abda6fce0cc64045f6f,3.13.14
5.0,principal,compound,100000,3911,0.1,0.5,0.5,S4_full,10050,10000,10000,500,5000,4479,0,34860,0,10000,521,5000,90000,100000,10000,100000,24810,24810,24810,0,0,24810,0.8958,0.0,0.0,0.1042,0.9,0.1,0.0,10050,9036,9036,10000,11014,11014,10000,0,0,500,0,0,24810,24810,24810,2696.0656,2694.6822142857145,7,a65b68914ed795ad7f0b7abda6fce0cc64045f6f,3.13.14
5.0,principal,compound,100000,5209,0.01,0.5,0.5,S1_minimal,1000,1000,1000,50,5000,4052,25008,26008,0,1000,948,5000,99000,100000,1000,100000,25008,25008,0,25008,25008,25008,0.8104,0.9615502922177791,0.0,0.1896,0.99,0.01,1.0,1000,984,984,1000,1016,1016,1000,0,0,50,0,0,25008,25008,0,2930.0531,2935.312785714286,7,a65b68914ed795ad7f0b7abda6fce0cc64045f6f,3.13.14
5.0,principal,compound,100000,5209,0.01,0.5,0.5,S2_temporal,1000,1000,1000,50,5000,4941,25008,26008,0,1000,59,5000,99000,100000,1000,100000,25008,25008,0,25008,25008,25008,0.9882,0.9615502922177791,0.0,0.0118,0.99,0.01,1.0,1000,984,984,1000,1016,1016,1000,0,0,50,0,0,25008,25008,0,2984.1029,2998.5278,7,a65b68914ed795ad7f0b7abda6fce0cc64045f6f,3.13.14
5.0,principal,compound,100000,5209,0.01,0.5,0.5,S3_recovery,1000,1000,1000,50,5000,4052,0,26008,0,1000,948,5000,99000,100000,1000,100000,25008,25008,25008,0,0,25008,0.8104,0.0,0.0,0.1896,0.99,0.01,0.0,1000,984,984,1000,1016,1016,1000,0,0,50,0,0,25008,25008,25008,2695.141,2695.8753142857145,7,a65b68914ed795ad7f0b7abda6fce0cc64045f6f,3.13.14
5.0,principal,compound,100000,5209,0.01,0.5,0.5,S4_full,1000,1000,1000,50,5000,4941,0,26008,0,1000,59,5000,99000,100000,1000,100000,25008,25008,25008,0,0,25008,0.9882,0.0,0.0,0.0118,0.99,0.01,0.0,1000,984,984,1000,1016,1016,1000,0,0,50,0,0,25008,25008,25008,2701.6284,2703.4818,7,a65b68914ed795ad7f0b7abda6fce0cc64045f6f,3.13.14
5.0,principal,compound,100000,5209,0.05,0.5,0.5,S1_minimal,5012,5000,5000,250,5000,1938,24991,30003,0,5000,3062,5000,95000,100000,5000,100000,24991,24991,0,24991,24991,24991,0.3876,0.8329500383295004,0.0,0.6124,0.95,0.05,1.0,5012,4753,4753,5000,5259,5259,5000,0,0,250,0,0,24991,24991,0,2938.2831,2954.234585714286,7,a65b68914ed795ad7f0b7abda6fce0cc64045f6f,3.13.14
5.0,principal,compound,100000,5209,0.05,0.5,0.5,S2_temporal,5012,5000,5000,250,5000,4748,24991,30003,0,5000,252,5000,95000,100000,5000,100000,24991,24991,0,24991,24991,24991,0.9496,0.8329500383295004,0.0,0.0504,0.95,0.05,1.0,5012,4753,4753,5000,5259,5259,5000,0,0,250,0,0,24991,24991,0,2966.9196,2969.0970857142856,7,a65b68914ed795ad7f0b7abda6fce0cc64045f6f,3.13.14
5.0,principal,compound,100000,5209,0.05,0.5,0.5,S3_recovery,5012,5000,5000,250,5000,1938,0,30003,0,5000,3062,5000,95000,100000,5000,100000,24991,24991,24991,0,0,24991,0.3876,0.0,0.0,0.6124,0.95,0.05,0.0,5012,4753,4753,5000,5259,5259,5000,0,0,250,0,0,24991,24991,24991,2673.4063,2715.8957,7,a65b68914ed795ad7f0b7abda6fce0cc64045f6f,3.13.14
5.0,principal,compound,100000,5209,0.05,0.5,0.5,S4_full,5012,5000,5000,250,5000,4748,0,30003,0,5000,252,5000,95000,100000,5000,100000,24991,24991,24991,0,0,24991,0.9496,0.0,0.0,0.0504,0.95,0.05,0.0,5012,4753,4753,5000,5259,5259,5000,0,0,250,0,0,24991,24991,24991,2713.1424,2728.2269142857144,7,a65b68914ed795ad7f0b7abda6fce0cc64045f6f,3.13.14
5.0,principal,compound,100000,5209,0.1,0.5,0.5,S1_minimal,10050,10000,10000,500,5000,1089,24876,34926,0,10000,3911,5000,90000,100000,10000,100000,24876,24876,0,24876,24876,24876,0.2178,0.7122487545095344,0.0,0.7822,0.9,0.1,1.0,10050,9041,9041,10000,11009,11009,10000,0,0,500,0,0,24876,24876,0,2952.5778,2951.314957142857,7,a65b68914ed795ad7f0b7abda6fce0cc64045f6f,3.13.14
5.0,principal,compound,100000,5209,0.1,0.5,0.5,S2_temporal,10050,10000,10000,500,5000,4501,24876,34926,0,10000,499,5000,90000,100000,10000,100000,24876,24876,0,24876,24876,24876,0.9002,0.7122487545095344,0.0,0.0998,0.9,0.1,1.0,10050,9041,9041,10000,11009,11009,10000,0,0,500,0,0,24876,24876,0,2965.8135,2967.561114285714,7,a65b68914ed795ad7f0b7abda6fce0cc64045f6f,3.13.14
5.0,principal,compound,100000,5209,0.1,0.5,0.5,S3_recovery,10050,10000,10000,500,5000,1089,0,34926,0,10000,3911,5000,90000,100000,10000,100000,24876,24876,24876,0,0,24876,0.2178,0.0,0.0,0.7822,0.9,0.1,0.0,10050,9041,9041,10000,11009,11009,10000,0,0,500,0,0,24876,24876,24876,2704.5096,2717.404414285714,7,a65b68914ed795ad7f0b7abda6fce0cc64045f6f,3.13.14
5.0,principal,compound,100000,5209,0.1,0.5,0.5,S4_full,10050,10000,10000,500,5000,4501,0,34926,0,10000,499,5000,90000,100000,10000,100000,24876,24876,24876,0,0,24876,0.9002,0.0,0.0,0.0998,0.9,0.1,0.0,10050,9041,9041,10000,11009,11009,10000,0,0,500,0,0,24876,24876,24876,2695.9463,2699.1796142857143,7,a65b68914ed795ad7f0b7abda6fce0cc64045f6f,3.13.14
5.0,principal,compound,100000,6521,0.01,0.5,0.5,S1_minimal,1000,1000,1000,50,5000,4040,25012,26012,0,1000,960,5000,99000,100000,1000,100000,25012,25012,0,25012,25012,25012,0.808,0.9615562048285407,0.0,0.192,0.99,0.01,1.0,1000,987,987,1000,1013,1013,1000,0,0,50,0,0,25012,25012,0,2939.8193,2946.5820857142858,7,a65b68914ed795ad7f0b7abda6fce0cc64045f6f,3.13.14
5.0,principal,compound,100000,6521,0.01,0.5,0.5,S2_temporal,1000,1000,1000,50,5000,4947,25012,26012,0,1000,53,5000,99000,100000,1000,100000,25012,25012,0,25012,25012,25012,0.9894,0.9615562048285407,0.0,0.0106,0.99,0.01,1.0,1000,987,987,1000,1013,1013,1000,0,0,50,0,0,25012,25012,0,2970.2031,2969.9884857142856,7,a65b68914ed795ad7f0b7abda6fce0cc64045f6f,3.13.14
5.0,principal,compound,100000,6521,0.01,0.5,0.5,S3_recovery,1000,1000,1000,50,5000,4040,0,26012,0,1000,960,5000,99000,100000,1000,100000,25012,25012,25012,0,0,25012,0.808,0.0,0.0,0.192,0.99,0.01,0.0,1000,987,987,1000,1013,1013,1000,0,0,50,0,0,25012,25012,25012,2682.8049,2690.5236,7,a65b68914ed795ad7f0b7abda6fce0cc64045f6f,3.13.14
5.0,principal,compound,100000,6521,0.01,0.5,0.5,S4_full,1000,1000,1000,50,5000,4947,0,26012,0,1000,53,5000,99000,100000,1000,100000,25012,25012,25012,0,0,25012,0.9894,0.0,0.0,0.0106,0.99,0.01,0.0,1000,987,987,1000,1013,1013,1000,0,0,50,0,0,25012,25012,25012,2704.115,2708.5696,7,a65b68914ed795ad7f0b7abda6fce0cc64045f6f,3.13.14
5.0,principal,compound,100000,6521,0.05,0.5,0.5,S1_minimal,5012,5000,5000,250,5000,1909,25008,30020,0,5000,3091,5000,95000,100000,5000,100000,25008,25008,0,25008,25008,25008,0.3818,0.8330446369087275,0.0,0.6182,0.95,0.05,1.0,5012,4771,4771,5000,5241,5241,5000,0,0,250,0,0,25008,25008,0,2955.1759,2960.894385714286,7,a65b68914ed795ad7f0b7abda6fce0cc64045f6f,3.13.14
5.0,principal,compound,100000,6521,0.05,0.5,0.5,S2_temporal,5012,5000,5000,250,5000,4753,25008,30020,0,5000,247,5000,95000,100000,5000,100000,25008,25008,0,25008,25008,25008,0.9506,0.8330446369087275,0.0,0.0494,0.95,0.05,1.0,5012,4771,4771,5000,5241,5241,5000,0,0,250,0,0,25008,25008,0,2961.8293,2959.4124857142856,7,a65b68914ed795ad7f0b7abda6fce0cc64045f6f,3.13.14
5.0,principal,compound,100000,6521,0.05,0.5,0.5,S3_recovery,5012,5000,5000,250,5000,1909,0,30020,0,5000,3091,5000,95000,100000,5000,100000,25008,25008,25008,0,0,25008,0.3818,0.0,0.0,0.6182,0.95,0.05,0.0,5012,4771,4771,5000,5241,5241,5000,0,0,250,0,0,25008,25008,25008,2689.1861,2693.0800142857142,7,a65b68914ed795ad7f0b7abda6fce0cc64045f6f,3.13.14
5.0,principal,compound,100000,6521,0.05,0.5,0.5,S4_full,5012,5000,5000,250,5000,4753,0,30020,0,5000,247,5000,95000,100000,5000,100000,25008,25008,25008,0,0,25008,0.9506,0.0,0.0,0.0494,0.95,0.05,0.0,5012,4771,4771,5000,5241,5241,5000,0,0,250,0,0,25008,25008,25008,2701.556,2729.3760285714284,7,a65b68914ed795ad7f0b7abda6fce0cc64045f6f,3.13.14
5.0,principal,compound,100000,6521,0.1,0.5,0.5,S1_minimal,10050,10000,10000,500,5000,1074,24874,34924,0,10000,3926,5000,90000,100000,10000,100000,24874,24874,0,24874,24874,24874,0.2148,0.7122322757988776,0.0,0.7852,0.9,0.1,1.0,10050,8998,8998,10000,11052,11052,10000,0,0,500,0,0,24874,24874,0,3513.2305,3615.9920714285713,7,a65b68914ed795ad7f0b7abda6fce0cc64045f6f,3.13.14
5.0,principal,compound,100000,6521,0.1,0.5,0.5,S2_temporal,10050,10000,10000,500,5000,4488,24874,34924,0,10000,512,5000,90000,100000,10000,100000,24874,24874,0,24874,24874,24874,0.8976,0.7122322757988776,0.0,0.1024,0.9,0.1,1.0,10050,8998,8998,10000,11052,11052,10000,0,0,500,0,0,24874,24874,0,2978.4182,2979.0770714285713,7,a65b68914ed795ad7f0b7abda6fce0cc64045f6f,3.13.14
5.0,principal,compound,100000,6521,0.1,0.5,0.5,S3_recovery,10050,10000,10000,500,5000,1074,0,34924,0,10000,3926,5000,90000,100000,10000,100000,24874,24874,24874,0,0,24874,0.2148,0.0,0.0,0.7852,0.9,0.1,0.0,10050,8998,8998,10000,11052,11052,10000,0,0,500,0,0,24874,24874,24874,2701.5251,2714.6132428571427,7,a65b68914ed795ad7f0b7abda6fce0cc64045f6f,3.13.14
5.0,principal,compound,100000,6521,0.1,0.5,0.5,S4_full,10050,10000,10000,500,5000,4488,0,34924,0,10000,512,5000,90000,100000,10000,100000,24874,24874,24874,0,0,24874,0.8976,0.0,0.0,0.1024,0.9,0.1,0.0,10050,8998,8998,10000,11052,11052,10000,0,0,500,0,0,24874,24874,24874,2719.6122,2725.2213428571426,7,a65b68914ed795ad7f0b7abda6fce0cc64045f6f,3.13.14
5.0,single_fault_control,duplicate,1000,1301,0.05,0.5,0.5,S1_minimal,50,0,0,0,50,50,0,50,0,1,0,50,1000,1000,0,1000,0,0,0,0,0,1,1.0,0.0,0.0,0.0,1.0,0.0,0.0,50,50,50,0,0,0,0,0,0,0,0,0,0,0,0,15.715,16.09112857142857,7,a65b68914ed795ad7f0b7abda6fce0cc64045f6f,3.13.14
5.0,single_fault_control,duplicate,1000,1301,0.05,0.5,0.5,S2_temporal,50,0,0,0,50,50,0,50,0,1,0,50,1000,1000,0,1000,0,0,0,0,0,1,1.0,0.0,0.0,0.0,1.0,0.0,0.0,50,50,50,0,0,0,0,0,0,0,0,0,0,0,0,15.676,16.03954285714286,7,a65b68914ed795ad7f0b7abda6fce0cc64045f6f,3.13.14
5.0,single_fault_control,duplicate,1000,1301,0.05,0.5,0.5,S3_recovery,50,0,0,0,50,50,0,50,0,1,0,50,1000,1000,0,1000,0,0,0,0,0,1,1.0,0.0,0.0,0.0,1.0,0.0,0.0,50,50,50,0,0,0,0,0,0,0,0,0,0,0,0,15.4768,15.758842857142858,7,a65b68914ed795ad7f0b7abda6fce0cc64045f6f,3.13.14
5.0,single_fault_control,duplicate,1000,1301,0.05,0.5,0.5,S4_full,50,0,0,0,50,50,0,50,0,1,0,50,1000,1000,0,1000,0,0,0,0,0,1,1.0,0.0,0.0,0.0,1.0,0.0,0.0,50,50,50,0,0,0,0,0,0,0,0,0,0,0,0,15.5152,15.575728571428572,7,a65b68914ed795ad7f0b7abda6fce0cc64045f6f,3.13.14
5.0,single_fault_control,null_key,1000,1301,0.05,0.5,0.5,S1_minimal,0,50,0,0,50,50,0,1,0,50,0,50,950,1000,50,1000,0,0,0,0,0,1,1.0,0.0,0.0,0.0,0.95,0.05,0.0,0,0,0,50,50,50,0,0,0,0,0,0,0,0,0,14.7194,14.774057142857142,7,a65b68914ed795ad7f0b7abda6fce0cc64045f6f,3.13.14
5.0,single_fault_control,null_key,1000,1301,0.05,0.5,0.5,S2_temporal,0,50,0,0,50,50,0,1,0,50,0,50,950,1000,50,1000,0,0,0,0,0,1,1.0,0.0,0.0,0.0,0.95,0.05,0.0,0,0,0,50,50,50,0,0,0,0,0,0,0,0,0,15.2117,15.537828571428571,7,a65b68914ed795ad7f0b7abda6fce0cc64045f6f,3.13.14
5.0,single_fault_control,null_key,1000,1301,0.05,0.5,0.5,S3_recovery,0,50,0,0,50,50,0,1,0,50,0,50,950,1000,50,1000,0,0,0,0,0,1,1.0,0.0,0.0,0.0,0.95,0.05,0.0,0,0,0,50,50,50,0,0,0,0,0,0,0,0,0,15.2051,15.246957142857143,7,a65b68914ed795ad7f0b7abda6fce0cc64045f6f,3.13.14
5.0,single_fault_control,null_key,1000,1301,0.05,0.5,0.5,S4_full,0,50,0,0,50,50,0,1,0,50,0,50,950,1000,50,1000,0,0,0,0,0,1,1.0,0.0,0.0,0.0,0.95,0.05,0.0,0,0,0,50,50,50,0,0,0,0,0,0,0,0,0,14.9148,15.130714285714285,7,a65b68914ed795ad7f0b7abda6fce0cc64045f6f,3.13.14
5.0,single_fault_control,late,1000,1301,0.05,0.5,0.5,S1_minimal,0,0,50,0,50,22,0,1,0,1,28,50,1000,1000,0,1000,0,0,0,0,0,1,0.44,0.0,0.0,0.56,1.0,0.0,0.0,0,0,0,0,0,0,50,0,0,0,0,0,0,0,0,15.4257,15.4007,7,a65b68914ed795ad7f0b7abda6fce0cc64045f6f,3.13.14
5.0,single_fault_control,late,1000,1301,0.05,0.5,0.5,S2_temporal,0,0,50,0,50,50,0,1,0,1,0,50,1000,1000,0,1000,0,0,0,0,0,1,1.0,0.0,0.0,0.0,1.0,0.0,0.0,0,0,0,0,0,0,50,0,0,0,0,0,0,0,0,15.5238,15.816442857142857,7,a65b68914ed795ad7f0b7abda6fce0cc64045f6f,3.13.14
5.0,single_fault_control,late,1000,1301,0.05,0.5,0.5,S3_recovery,0,0,50,0,50,22,0,1,0,1,28,50,1000,1000,0,1000,0,0,0,0,0,1,0.44,0.0,0.0,0.56,1.0,0.0,0.0,0,0,0,0,0,0,50,0,0,0,0,0,0,0,0,15.4531,16.728,7,a65b68914ed795ad7f0b7abda6fce0cc64045f6f,3.13.14
5.0,single_fault_control,late,1000,1301,0.05,0.5,0.5,S4_full,0,0,50,0,50,50,0,1,0,1,0,50,1000,1000,0,1000,0,0,0,0,0,1,1.0,0.0,0.0,0.0,1.0,0.0,0.0,0,0,0,0,0,0,50,0,0,0,0,0,0,0,0,15.6785,15.806557142857143,7,a65b68914ed795ad7f0b7abda6fce0cc64045f6f,3.13.14
5.0,single_fault_control,conflict,1000,1301,0.05,0.5,0.5,S1_minimal,0,0,0,2,50,48,0,1,0,1,2,50,1000,1000,0,1000,0,0,0,0,0,1,0.96,0.0,0.0,0.04,1.0,0.0,0.0,0,0,0,0,0,0,0,0,0,2,0,0,0,0,0,15.4801,15.429285714285715,7,a65b68914ed795ad7f0b7abda6fce0cc64045f6f,3.13.14
5.0,single_fault_control,conflict,1000,1301,0.05,0.5,0.5,S2_temporal,0,0,0,2,50,50,0,1,0,1,0,50,1000,1000,0,1000,0,0,0,0,0,1,1.0,0.0,0.0,0.0,1.0,0.0,0.0,0,0,0,0,0,0,0,0,0,2,0,0,0,0,0,15.3472,15.425657142857144,7,a65b68914ed795ad7f0b7abda6fce0cc64045f6f,3.13.14
5.0,single_fault_control,conflict,1000,1301,0.05,0.5,0.5,S3_recovery,0,0,0,2,50,48,0,1,0,1,2,50,1000,1000,0,1000,0,0,0,0,0,1,0.96,0.0,0.0,0.04,1.0,0.0,0.0,0,0,0,0,0,0,0,0,0,2,0,0,0,0,0,15.3635,15.513385714285715,7,a65b68914ed795ad7f0b7abda6fce0cc64045f6f,3.13.14
5.0,single_fault_control,conflict,1000,1301,0.05,0.5,0.5,S4_full,0,0,0,2,50,50,0,1,0,1,0,50,1000,1000,0,1000,0,0,0,0,0,1,1.0,0.0,0.0,0.0,1.0,0.0,0.0,0,0,0,0,0,0,0,0,0,2,0,0,0,0,0,15.3507,15.630328571428572,7,a65b68914ed795ad7f0b7abda6fce0cc64045f6f,3.13.14
5.0,single_fault_control,recovery,1000,1301,0.5,0.5,0.5,S1_minimal,0,0,0,0,50,50,250,250,0,1,0,50,1000,1000,0,1000,250,250,0,250,250,250,1.0,1.0,0.0,0.0,1.0,0.0,1.0,0,0,0,0,0,0,0,0,0,0,0,0,250,250,0,26.9437,26.64955714285714,7,a65b68914ed795ad7f0b7abda6fce0cc64045f6f,3.13.14
5.0,single_fault_control,recovery,1000,1301,0.5,0.5,0.5,S2_temporal,0,0,0,0,50,50,250,250,0,1,0,50,1000,1000,0,1000,250,250,0,250,250,250,1.0,1.0,0.0,0.0,1.0,0.0,1.0,0,0,0,0,0,0,0,0,0,0,0,0,250,250,0,26.4208,26.6132,7,a65b68914ed795ad7f0b7abda6fce0cc64045f6f,3.13.14
5.0,single_fault_control,recovery,1000,1301,0.5,0.5,0.5,S3_recovery,0,0,0,0,50,50,0,250,0,1,0,50,1000,1000,0,1000,250,250,250,0,0,250,1.0,0.0,0.0,0.0,1.0,0.0,0.0,0,0,0,0,0,0,0,0,0,0,0,0,250,250,250,23.821,23.652642857142858,7,a65b68914ed795ad7f0b7abda6fce0cc64045f6f,3.13.14
5.0,single_fault_control,recovery,1000,1301,0.5,0.5,0.5,S4_full,0,0,0,0,50,50,0,250,0,1,0,50,1000,1000,0,1000,250,250,250,0,0,250,1.0,0.0,0.0,0.0,1.0,0.0,0.0,0,0,0,0,0,0,0,0,0,0,0,0,250,250,250,23.5561,23.6307,7,a65b68914ed795ad7f0b7abda6fce0cc64045f6f,3.13.14
5.0,single_fault_control,duplicate,1000,2609,0.05,0.5,0.5,S1_minimal,50,0,0,0,50,50,0,50,0,1,0,50,1000,1000,0,1000,0,0,0,0,0,1,1.0,0.0,0.0,0.0,1.0,0.0,0.0,50,50,50,0,0,0,0,0,0,0,0,0,0,0,0,15.3843,15.349585714285714,7,a65b68914ed795ad7f0b7abda6fce0cc64045f6f,3.13.14
5.0,single_fault_control,duplicate,1000,2609,0.05,0.5,0.5,S2_temporal,50,0,0,0,50,50,0,50,0,1,0,50,1000,1000,0,1000,0,0,0,0,0,1,1.0,0.0,0.0,0.0,1.0,0.0,0.0,50,50,50,0,0,0,0,0,0,0,0,0,0,0,0,15.4028,15.537585714285713,7,a65b68914ed795ad7f0b7abda6fce0cc64045f6f,3.13.14
5.0,single_fault_control,duplicate,1000,2609,0.05,0.5,0.5,S3_recovery,50,0,0,0,50,50,0,50,0,1,0,50,1000,1000,0,1000,0,0,0,0,0,1,1.0,0.0,0.0,0.0,1.0,0.0,0.0,50,50,50,0,0,0,0,0,0,0,0,0,0,0,0,15.4956,15.7166,7,a65b68914ed795ad7f0b7abda6fce0cc64045f6f,3.13.14
5.0,single_fault_control,duplicate,1000,2609,0.05,0.5,0.5,S4_full,50,0,0,0,50,50,0,50,0,1,0,50,1000,1000,0,1000,0,0,0,0,0,1,1.0,0.0,0.0,0.0,1.0,0.0,0.0,50,50,50,0,0,0,0,0,0,0,0,0,0,0,0,15.5362,15.602071428571428,7,a65b68914ed795ad7f0b7abda6fce0cc64045f6f,3.13.14
5.0,single_fault_control,null_key,1000,2609,0.05,0.5,0.5,S1_minimal,0,50,0,0,50,44,0,1,0,50,6,50,950,1000,50,1000,0,0,0,0,0,1,0.88,0.0,0.0,0.12,0.95,0.05,0.0,0,0,0,50,50,50,0,0,0,0,0,0,0,0,0,14.9219,14.981871428571429,7,a65b68914ed795ad7f0b7abda6fce0cc64045f6f,3.13.14
5.0,single_fault_control,null_key,1000,2609,0.05,0.5,0.5,S2_temporal,0,50,0,0,50,44,0,1,0,50,6,50,950,1000,50,1000,0,0,0,0,0,1,0.88,0.0,0.0,0.12,0.95,0.05,0.0,0,0,0,50,50,50,0,0,0,0,0,0,0,0,0,14.9488,15.024457142857143,7,a65b68914ed795ad7f0b7abda6fce0cc64045f6f,3.13.14
5.0,single_fault_control,null_key,1000,2609,0.05,0.5,0.5,S3_recovery,0,50,0,0,50,44,0,1,0,50,6,50,950,1000,50,1000,0,0,0,0,0,1,0.88,0.0,0.0,0.12,0.95,0.05,0.0,0,0,0,50,50,50,0,0,0,0,0,0,0,0,0,14.9015,16.740214285714288,7,a65b68914ed795ad7f0b7abda6fce0cc64045f6f,3.13.14
5.0,single_fault_control,null_key,1000,2609,0.05,0.5,0.5,S4_full,0,50,0,0,50,44,0,1,0,50,6,50,950,1000,50,1000,0,0,0,0,0,1,0.88,0.0,0.0,0.12,0.95,0.05,0.0,0,0,0,50,50,50,0,0,0,0,0,0,0,0,0,14.999,15.087128571428572,7,a65b68914ed795ad7f0b7abda6fce0cc64045f6f,3.13.14
5.0,single_fault_control,late,1000,2609,0.05,0.5,0.5,S1_minimal,0,0,50,0,50,20,0,1,0,1,30,50,1000,1000,0,1000,0,0,0,0,0,1,0.4,0.0,0.0,0.6,1.0,0.0,0.0,0,0,0,0,0,0,50,0,0,0,0,0,0,0,0,15.1536,15.193414285714285,7,a65b68914ed795ad7f0b7abda6fce0cc64045f6f,3.13.14
5.0,single_fault_control,late,1000,2609,0.05,0.5,0.5,S2_temporal,0,0,50,0,50,50,0,1,0,1,0,50,1000,1000,0,1000,0,0,0,0,0,1,1.0,0.0,0.0,0.0,1.0,0.0,0.0,0,0,0,0,0,0,50,0,0,0,0,0,0,0,0,15.0982,15.295242857142858,7,a65b68914ed795ad7f0b7abda6fce0cc64045f6f,3.13.14
5.0,single_fault_control,late,1000,2609,0.05,0.5,0.5,S3_recovery,0,0,50,0,50,20,0,1,0,1,30,50,1000,1000,0,1000,0,0,0,0,0,1,0.4,0.0,0.0,0.6,1.0,0.0,0.0,0,0,0,0,0,0,50,0,0,0,0,0,0,0,0,14.8801,14.922871428571428,7,a65b68914ed795ad7f0b7abda6fce0cc64045f6f,3.13.14
5.0,single_fault_control,late,1000,2609,0.05,0.5,0.5,S4_full,0,0,50,0,50,50,0,1,0,1,0,50,1000,1000,0,1000,0,0,0,0,0,1,1.0,0.0,0.0,0.0,1.0,0.0,0.0,0,0,0,0,0,0,50,0,0,0,0,0,0,0,0,15.6075,15.7441,7,a65b68914ed795ad7f0b7abda6fce0cc64045f6f,3.13.14
5.0,single_fault_control,conflict,1000,2609,0.05,0.5,0.5,S1_minimal,0,0,0,2,50,48,0,1,0,1,2,50,1000,1000,0,1000,0,0,0,0,0,1,0.96,0.0,0.0,0.04,1.0,0.0,0.0,0,0,0,0,0,0,0,0,0,2,0,0,0,0,0,15.06,15.1736,7,a65b68914ed795ad7f0b7abda6fce0cc64045f6f,3.13.14
5.0,single_fault_control,conflict,1000,2609,0.05,0.5,0.5,S2_temporal,0,0,0,2,50,50,0,1,0,1,0,50,1000,1000,0,1000,0,0,0,0,0,1,1.0,0.0,0.0,0.0,1.0,0.0,0.0,0,0,0,0,0,0,0,0,0,2,0,0,0,0,0,15.659,15.496642857142858,7,a65b68914ed795ad7f0b7abda6fce0cc64045f6f,3.13.14
5.0,single_fault_control,conflict,1000,2609,0.05,0.5,0.5,S3_recovery,0,0,0,2,50,48,0,1,0,1,2,50,1000,1000,0,1000,0,0,0,0,0,1,0.96,0.0,0.0,0.04,1.0,0.0,0.0,0,0,0,0,0,0,0,0,0,2,0,0,0,0,0,14.9275,14.995028571428572,7,a65b68914ed795ad7f0b7abda6fce0cc64045f6f,3.13.14
5.0,single_fault_control,conflict,1000,2609,0.05,0.5,0.5,S4_full,0,0,0,2,50,50,0,1,0,1,0,50,1000,1000,0,1000,0,0,0,0,0,1,1.0,0.0,0.0,0.0,1.0,0.0,0.0,0,0,0,0,0,0,0,0,0,2,0,0,0,0,0,15.1599,15.146057142857142,7,a65b68914ed795ad7f0b7abda6fce0cc64045f6f,3.13.14
5.0,single_fault_control,recovery,1000,2609,0.5,0.5,0.5,S1_minimal,0,0,0,0,50,50,250,250,0,1,0,50,1000,1000,0,1000,250,250,0,250,250,250,1.0,1.0,0.0,0.0,1.0,0.0,1.0,0,0,0,0,0,0,0,0,0,0,0,0,250,250,0,26.3047,26.560771428571428,7,a65b68914ed795ad7f0b7abda6fce0cc64045f6f,3.13.14
5.0,single_fault_control,recovery,1000,2609,0.5,0.5,0.5,S2_temporal,0,0,0,0,50,50,250,250,0,1,0,50,1000,1000,0,1000,250,250,0,250,250,250,1.0,1.0,0.0,0.0,1.0,0.0,1.0,0,0,0,0,0,0,0,0,0,0,0,0,250,250,0,26.0624,26.3798,7,a65b68914ed795ad7f0b7abda6fce0cc64045f6f,3.13.14
5.0,single_fault_control,recovery,1000,2609,0.5,0.5,0.5,S3_recovery,0,0,0,0,50,50,0,250,0,1,0,50,1000,1000,0,1000,250,250,250,0,0,250,1.0,0.0,0.0,0.0,1.0,0.0,0.0,0,0,0,0,0,0,0,0,0,0,0,0,250,250,250,23.332,23.53687142857143,7,a65b68914ed795ad7f0b7abda6fce0cc64045f6f,3.13.14
5.0,single_fault_control,recovery,1000,2609,0.5,0.5,0.5,S4_full,0,0,0,0,50,50,0,250,0,1,0,50,1000,1000,0,1000,250,250,250,0,0,250,1.0,0.0,0.0,0.0,1.0,0.0,0.0,0,0,0,0,0,0,0,0,0,0,0,0,250,250,250,23.5096,23.86807142857143,7,a65b68914ed795ad7f0b7abda6fce0cc64045f6f,3.13.14
5.0,single_fault_control,duplicate,1000,3911,0.05,0.5,0.5,S1_minimal,50,0,0,0,50,50,0,50,0,1,0,50,1000,1000,0,1000,0,0,0,0,0,1,1.0,0.0,0.0,0.0,1.0,0.0,0.0,50,50,50,0,0,0,0,0,0,0,0,0,0,0,0,15.485,15.571428571428571,7,a65b68914ed795ad7f0b7abda6fce0cc64045f6f,3.13.14
5.0,single_fault_control,duplicate,1000,3911,0.05,0.5,0.5,S2_temporal,50,0,0,0,50,50,0,50,0,1,0,50,1000,1000,0,1000,0,0,0,0,0,1,1.0,0.0,0.0,0.0,1.0,0.0,0.0,50,50,50,0,0,0,0,0,0,0,0,0,0,0,0,15.4751,15.71742857142857,7,a65b68914ed795ad7f0b7abda6fce0cc64045f6f,3.13.14
5.0,single_fault_control,duplicate,1000,3911,0.05,0.5,0.5,S3_recovery,50,0,0,0,50,50,0,50,0,1,0,50,1000,1000,0,1000,0,0,0,0,0,1,1.0,0.0,0.0,0.0,1.0,0.0,0.0,50,50,50,0,0,0,0,0,0,0,0,0,0,0,0,15.4495,15.676142857142857,7,a65b68914ed795ad7f0b7abda6fce0cc64045f6f,3.13.14
5.0,single_fault_control,duplicate,1000,3911,0.05,0.5,0.5,S4_full,50,0,0,0,50,50,0,50,0,1,0,50,1000,1000,0,1000,0,0,0,0,0,1,1.0,0.0,0.0,0.0,1.0,0.0,0.0,50,50,50,0,0,0,0,0,0,0,0,0,0,0,0,15.6639,15.977271428571429,7,a65b68914ed795ad7f0b7abda6fce0cc64045f6f,3.13.14
5.0,single_fault_control,null_key,1000,3911,0.05,0.5,0.5,S1_minimal,0,50,0,0,50,47,0,1,0,50,3,50,950,1000,50,1000,0,0,0,0,0,1,0.94,0.0,0.0,0.06,0.95,0.05,0.0,0,0,0,50,50,50,0,0,0,0,0,0,0,0,0,14.934,15.145814285714286,7,a65b68914ed795ad7f0b7abda6fce0cc64045f6f,3.13.14
5.0,single_fault_control,null_key,1000,3911,0.05,0.5,0.5,S2_temporal,0,50,0,0,50,47,0,1,0,50,3,50,950,1000,50,1000,0,0,0,0,0,1,0.94,0.0,0.0,0.06,0.95,0.05,0.0,0,0,0,50,50,50,0,0,0,0,0,0,0,0,0,14.6158,15.00227142857143,7,a65b68914ed795ad7f0b7abda6fce0cc64045f6f,3.13.14
5.0,single_fault_control,null_key,1000,3911,0.05,0.5,0.5,S3_recovery,0,50,0,0,50,47,0,1,0,50,3,50,950,1000,50,1000,0,0,0,0,0,1,0.94,0.0,0.0,0.06,0.95,0.05,0.0,0,0,0,50,50,50,0,0,0,0,0,0,0,0,0,14.5709,14.686442857142858,7,a65b68914ed795ad7f0b7abda6fce0cc64045f6f,3.13.14
5.0,single_fault_control,null_key,1000,3911,0.05,0.5,0.5,S4_full,0,50,0,0,50,47,0,1,0,50,3,50,950,1000,50,1000,0,0,0,0,0,1,0.94,0.0,0.0,0.06,0.95,0.05,0.0,0,0,0,50,50,50,0,0,0,0,0,0,0,0,0,14.7827,16.13812857142857,7,a65b68914ed795ad7f0b7abda6fce0cc64045f6f,3.13.14
5.0,single_fault_control,late,1000,3911,0.05,0.5,0.5,S1_minimal,0,0,50,0,50,20,0,1,0,1,30,50,1000,1000,0,1000,0,0,0,0,0,1,0.4,0.0,0.0,0.6,1.0,0.0,0.0,0,0,0,0,0,0,50,0,0,0,0,0,0,0,0,15.0974,15.424114285714285,7,a65b68914ed795ad7f0b7abda6fce0cc64045f6f,3.13.14
5.0,single_fault_control,late,1000,3911,0.05,0.5,0.5,S2_temporal,0,0,50,0,50,50,0,1,0,1,0,50,1000,1000,0,1000,0,0,0,0,0,1,1.0,0.0,0.0,0.0,1.0,0.0,0.0,0,0,0,0,0,0,50,0,0,0,0,0,0,0,0,15.2138,15.2951,7,a65b68914ed795ad7f0b7abda6fce0cc64045f6f,3.13.14
5.0,single_fault_control,late,1000,3911,0.05,0.5,0.5,S3_recovery,0,0,50,0,50,20,0,1,0,1,30,50,1000,1000,0,1000,0,0,0,0,0,1,0.4,0.0,0.0,0.6,1.0,0.0,0.0,0,0,0,0,0,0,50,0,0,0,0,0,0,0,0,15.3621,15.400214285714286,7,a65b68914ed795ad7f0b7abda6fce0cc64045f6f,3.13.14
5.0,single_fault_control,late,1000,3911,0.05,0.5,0.5,S4_full,0,0,50,0,50,50,0,1,0,1,0,50,1000,1000,0,1000,0,0,0,0,0,1,1.0,0.0,0.0,0.0,1.0,0.0,0.0,0,0,0,0,0,0,50,0,0,0,0,0,0,0,0,15.5493,15.591614285714286,7,a65b68914ed795ad7f0b7abda6fce0cc64045f6f,3.13.14
5.0,single_fault_control,conflict,1000,3911,0.05,0.5,0.5,S1_minimal,0,0,0,2,50,48,0,1,0,1,2,50,1000,1000,0,1000,0,0,0,0,0,1,0.96,0.0,0.0,0.04,1.0,0.0,0.0,0,0,0,0,0,0,0,0,0,2,0,0,0,0,0,15.4044,15.515471428571429,7,a65b68914ed795ad7f0b7abda6fce0cc64045f6f,3.13.14
5.0,single_fault_control,conflict,1000,3911,0.05,0.5,0.5,S2_temporal,0,0,0,2,50,50,0,1,0,1,0,50,1000,1000,0,1000,0,0,0,0,0,1,1.0,0.0,0.0,0.0,1.0,0.0,0.0,0,0,0,0,0,0,0,0,0,2,0,0,0,0,0,15.5131,15.629628571428572,7,a65b68914ed795ad7f0b7abda6fce0cc64045f6f,3.13.14
5.0,single_fault_control,conflict,1000,3911,0.05,0.5,0.5,S3_recovery,0,0,0,2,50,48,0,1,0,1,2,50,1000,1000,0,1000,0,0,0,0,0,1,0.96,0.0,0.0,0.04,1.0,0.0,0.0,0,0,0,0,0,0,0,0,0,2,0,0,0,0,0,15.4517,15.805842857142858,7,a65b68914ed795ad7f0b7abda6fce0cc64045f6f,3.13.14
5.0,single_fault_control,conflict,1000,3911,0.05,0.5,0.5,S4_full,0,0,0,2,50,50,0,1,0,1,0,50,1000,1000,0,1000,0,0,0,0,0,1,1.0,0.0,0.0,0.0,1.0,0.0,0.0,0,0,0,0,0,0,0,0,0,2,0,0,0,0,0,14.9987,15.115485714285715,7,a65b68914ed795ad7f0b7abda6fce0cc64045f6f,3.13.14
5.0,single_fault_control,recovery,1000,3911,0.5,0.5,0.5,S1_minimal,0,0,0,0,50,50,250,250,0,1,0,50,1000,1000,0,1000,250,250,0,250,250,250,1.0,1.0,0.0,0.0,1.0,0.0,1.0,0,0,0,0,0,0,0,0,0,0,0,0,250,250,0,25.7941,25.757728571428572,7,a65b68914ed795ad7f0b7abda6fce0cc64045f6f,3.13.14
5.0,single_fault_control,recovery,1000,3911,0.5,0.5,0.5,S2_temporal,0,0,0,0,50,50,250,250,0,1,0,50,1000,1000,0,1000,250,250,0,250,250,250,1.0,1.0,0.0,0.0,1.0,0.0,1.0,0,0,0,0,0,0,0,0,0,0,0,0,250,250,0,27.4682,27.4997,7,a65b68914ed795ad7f0b7abda6fce0cc64045f6f,3.13.14
5.0,single_fault_control,recovery,1000,3911,0.5,0.5,0.5,S3_recovery,0,0,0,0,50,50,0,250,0,1,0,50,1000,1000,0,1000,250,250,250,0,0,250,1.0,0.0,0.0,0.0,1.0,0.0,0.0,0,0,0,0,0,0,0,0,0,0,0,0,250,250,250,24.481,24.551157142857143,7,a65b68914ed795ad7f0b7abda6fce0cc64045f6f,3.13.14
5.0,single_fault_control,recovery,1000,3911,0.5,0.5,0.5,S4_full,0,0,0,0,50,50,0,250,0,1,0,50,1000,1000,0,1000,250,250,250,0,0,250,1.0,0.0,0.0,0.0,1.0,0.0,0.0,0,0,0,0,0,0,0,0,0,0,0,0,250,250,250,23.9708,24.041271428571427,7,a65b68914ed795ad7f0b7abda6fce0cc64045f6f,3.13.14
5.0,single_fault_control,duplicate,1000,5209,0.05,0.5,0.5,S1_minimal,50,0,0,0,50,50,0,50,0,1,0,50,1000,1000,0,1000,0,0,0,0,0,1,1.0,0.0,0.0,0.0,1.0,0.0,0.0,50,50,50,0,0,0,0,0,0,0,0,0,0,0,0,15.6698,16.1167,7,a65b68914ed795ad7f0b7abda6fce0cc64045f6f,3.13.14
5.0,single_fault_control,duplicate,1000,5209,0.05,0.5,0.5,S2_temporal,50,0,0,0,50,50,0,50,0,1,0,50,1000,1000,0,1000,0,0,0,0,0,1,1.0,0.0,0.0,0.0,1.0,0.0,0.0,50,50,50,0,0,0,0,0,0,0,0,0,0,0,0,15.6221,15.723571428571429,7,a65b68914ed795ad7f0b7abda6fce0cc64045f6f,3.13.14
5.0,single_fault_control,duplicate,1000,5209,0.05,0.5,0.5,S3_recovery,50,0,0,0,50,50,0,50,0,1,0,50,1000,1000,0,1000,0,0,0,0,0,1,1.0,0.0,0.0,0.0,1.0,0.0,0.0,50,50,50,0,0,0,0,0,0,0,0,0,0,0,0,15.3257,15.334585714285714,7,a65b68914ed795ad7f0b7abda6fce0cc64045f6f,3.13.14
5.0,single_fault_control,duplicate,1000,5209,0.05,0.5,0.5,S4_full,50,0,0,0,50,50,0,50,0,1,0,50,1000,1000,0,1000,0,0,0,0,0,1,1.0,0.0,0.0,0.0,1.0,0.0,0.0,50,50,50,0,0,0,0,0,0,0,0,0,0,0,0,15.4581,15.46037142857143,7,a65b68914ed795ad7f0b7abda6fce0cc64045f6f,3.13.14
5.0,single_fault_control,null_key,1000,5209,0.05,0.5,0.5,S1_minimal,0,50,0,0,50,49,0,1,0,50,1,50,950,1000,50,1000,0,0,0,0,0,1,0.98,0.0,0.0,0.02,0.95,0.05,0.0,0,0,0,50,50,50,0,0,0,0,0,0,0,0,0,14.602,15.072928571428571,7,a65b68914ed795ad7f0b7abda6fce0cc64045f6f,3.13.14
5.0,single_fault_control,null_key,1000,5209,0.05,0.5,0.5,S2_temporal,0,50,0,0,50,49,0,1,0,50,1,50,950,1000,50,1000,0,0,0,0,0,1,0.98,0.0,0.0,0.02,0.95,0.05,0.0,0,0,0,50,50,50,0,0,0,0,0,0,0,0,0,14.7832,14.896442857142857,7,a65b68914ed795ad7f0b7abda6fce0cc64045f6f,3.13.14
5.0,single_fault_control,null_key,1000,5209,0.05,0.5,0.5,S3_recovery,0,50,0,0,50,49,0,1,0,50,1,50,950,1000,50,1000,0,0,0,0,0,1,0.98,0.0,0.0,0.02,0.95,0.05,0.0,0,0,0,50,50,50,0,0,0,0,0,0,0,0,0,14.7197,14.967657142857142,7,a65b68914ed795ad7f0b7abda6fce0cc64045f6f,3.13.14
5.0,single_fault_control,null_key,1000,5209,0.05,0.5,0.5,S4_full,0,50,0,0,50,49,0,1,0,50,1,50,950,1000,50,1000,0,0,0,0,0,1,0.98,0.0,0.0,0.02,0.95,0.05,0.0,0,0,0,50,50,50,0,0,0,0,0,0,0,0,0,14.5661,14.855328571428572,7,a65b68914ed795ad7f0b7abda6fce0cc64045f6f,3.13.14
5.0,single_fault_control,late,1000,5209,0.05,0.5,0.5,S1_minimal,0,0,50,0,50,15,0,1,0,1,35,50,1000,1000,0,1000,0,0,0,0,0,1,0.3,0.0,0.0,0.7,1.0,0.0,0.0,0,0,0,0,0,0,50,0,0,0,0,0,0,0,0,15.0979,15.106242857142856,7,a65b68914ed795ad7f0b7abda6fce0cc64045f6f,3.13.14
5.0,single_fault_control,late,1000,5209,0.05,0.5,0.5,S2_temporal,0,0,50,0,50,50,0,1,0,1,0,50,1000,1000,0,1000,0,0,0,0,0,1,1.0,0.0,0.0,0.0,1.0,0.0,0.0,0,0,0,0,0,0,50,0,0,0,0,0,0,0,0,15.2163,15.6297,7,a65b68914ed795ad7f0b7abda6fce0cc64045f6f,3.13.14
5.0,single_fault_control,late,1000,5209,0.05,0.5,0.5,S3_recovery,0,0,50,0,50,15,0,1,0,1,35,50,1000,1000,0,1000,0,0,0,0,0,1,0.3,0.0,0.0,0.7,1.0,0.0,0.0,0,0,0,0,0,0,50,0,0,0,0,0,0,0,0,15.0832,15.141842857142857,7,a65b68914ed795ad7f0b7abda6fce0cc64045f6f,3.13.14
5.0,single_fault_control,late,1000,5209,0.05,0.5,0.5,S4_full,0,0,50,0,50,50,0,1,0,1,0,50,1000,1000,0,1000,0,0,0,0,0,1,1.0,0.0,0.0,0.0,1.0,0.0,0.0,0,0,0,0,0,0,50,0,0,0,0,0,0,0,0,15.4863,15.669828571428571,7,a65b68914ed795ad7f0b7abda6fce0cc64045f6f,3.13.14
5.0,single_fault_control,conflict,1000,5209,0.05,0.5,0.5,S1_minimal,0,0,0,2,50,48,0,1,0,1,2,50,1000,1000,0,1000,0,0,0,0,0,1,0.96,0.0,0.0,0.04,1.0,0.0,0.0,0,0,0,0,0,0,0,0,0,2,0,0,0,0,0,14.9065,14.958842857142857,7,a65b68914ed795ad7f0b7abda6fce0cc64045f6f,3.13.14
5.0,single_fault_control,conflict,1000,5209,0.05,0.5,0.5,S2_temporal,0,0,0,2,50,50,0,1,0,1,0,50,1000,1000,0,1000,0,0,0,0,0,1,1.0,0.0,0.0,0.0,1.0,0.0,0.0,0,0,0,0,0,0,0,0,0,2,0,0,0,0,0,15.1149,15.164557142857143,7,a65b68914ed795ad7f0b7abda6fce0cc64045f6f,3.13.14
5.0,single_fault_control,conflict,1000,5209,0.05,0.5,0.5,S3_recovery,0,0,0,2,50,48,0,1,0,1,2,50,1000,1000,0,1000,0,0,0,0,0,1,0.96,0.0,0.0,0.04,1.0,0.0,0.0,0,0,0,0,0,0,0,0,0,2,0,0,0,0,0,15.1657,15.602371428571429,7,a65b68914ed795ad7f0b7abda6fce0cc64045f6f,3.13.14
5.0,single_fault_control,conflict,1000,5209,0.05,0.5,0.5,S4_full,0,0,0,2,50,50,0,1,0,1,0,50,1000,1000,0,1000,0,0,0,0,0,1,1.0,0.0,0.0,0.0,1.0,0.0,0.0,0,0,0,0,0,0,0,0,0,2,0,0,0,0,0,15.7068,15.679628571428571,7,a65b68914ed795ad7f0b7abda6fce0cc64045f6f,3.13.14
5.0,single_fault_control,recovery,1000,5209,0.5,0.5,0.5,S1_minimal,0,0,0,0,50,50,250,250,0,1,0,50,1000,1000,0,1000,250,250,0,250,250,250,1.0,1.0,0.0,0.0,1.0,0.0,1.0,0,0,0,0,0,0,0,0,0,0,0,0,250,250,0,26.5606,26.757371428571428,7,a65b68914ed795ad7f0b7abda6fce0cc64045f6f,3.13.14
5.0,single_fault_control,recovery,1000,5209,0.5,0.5,0.5,S2_temporal,0,0,0,0,50,50,250,250,0,1,0,50,1000,1000,0,1000,250,250,0,250,250,250,1.0,1.0,0.0,0.0,1.0,0.0,1.0,0,0,0,0,0,0,0,0,0,0,0,0,250,250,0,26.863,26.853942857142858,7,a65b68914ed795ad7f0b7abda6fce0cc64045f6f,3.13.14
5.0,single_fault_control,recovery,1000,5209,0.5,0.5,0.5,S3_recovery,0,0,0,0,50,50,0,250,0,1,0,50,1000,1000,0,1000,250,250,250,0,0,250,1.0,0.0,0.0,0.0,1.0,0.0,0.0,0,0,0,0,0,0,0,0,0,0,0,0,250,250,250,24.031,24.350014285714284,7,a65b68914ed795ad7f0b7abda6fce0cc64045f6f,3.13.14
5.0,single_fault_control,recovery,1000,5209,0.5,0.5,0.5,S4_full,0,0,0,0,50,50,0,250,0,1,0,50,1000,1000,0,1000,250,250,250,0,0,250,1.0,0.0,0.0,0.0,1.0,0.0,0.0,0,0,0,0,0,0,0,0,0,0,0,0,250,250,250,23.9916,23.960042857142856,7,a65b68914ed795ad7f0b7abda6fce0cc64045f6f,3.13.14
5.0,single_fault_control,duplicate,1000,6521,0.05,0.5,0.5,S1_minimal,50,0,0,0,50,50,0,50,0,1,0,50,1000,1000,0,1000,0,0,0,0,0,1,1.0,0.0,0.0,0.0,1.0,0.0,0.0,50,50,50,0,0,0,0,0,0,0,0,0,0,0,0,15.5563,15.590171428571429,7,a65b68914ed795ad7f0b7abda6fce0cc64045f6f,3.13.14
5.0,single_fault_control,duplicate,1000,6521,0.05,0.5,0.5,S2_temporal,50,0,0,0,50,50,0,50,0,1,0,50,1000,1000,0,1000,0,0,0,0,0,1,1.0,0.0,0.0,0.0,1.0,0.0,0.0,50,50,50,0,0,0,0,0,0,0,0,0,0,0,0,16.1027,16.242428571428572,7,a65b68914ed795ad7f0b7abda6fce0cc64045f6f,3.13.14
5.0,single_fault_control,duplicate,1000,6521,0.05,0.5,0.5,S3_recovery,50,0,0,0,50,50,0,50,0,1,0,50,1000,1000,0,1000,0,0,0,0,0,1,1.0,0.0,0.0,0.0,1.0,0.0,0.0,50,50,50,0,0,0,0,0,0,0,0,0,0,0,0,15.6077,15.856685714285714,7,a65b68914ed795ad7f0b7abda6fce0cc64045f6f,3.13.14
5.0,single_fault_control,duplicate,1000,6521,0.05,0.5,0.5,S4_full,50,0,0,0,50,50,0,50,0,1,0,50,1000,1000,0,1000,0,0,0,0,0,1,1.0,0.0,0.0,0.0,1.0,0.0,0.0,50,50,50,0,0,0,0,0,0,0,0,0,0,0,0,15.6784,15.693485714285714,7,a65b68914ed795ad7f0b7abda6fce0cc64045f6f,3.13.14
5.0,single_fault_control,null_key,1000,6521,0.05,0.5,0.5,S1_minimal,0,50,0,0,50,49,0,1,0,50,1,50,950,1000,50,1000,0,0,0,0,0,1,0.98,0.0,0.0,0.02,0.95,0.05,0.0,0,0,0,50,50,50,0,0,0,0,0,0,0,0,0,14.9119,14.879428571428571,7,a65b68914ed795ad7f0b7abda6fce0cc64045f6f,3.13.14
5.0,single_fault_control,null_key,1000,6521,0.05,0.5,0.5,S2_temporal,0,50,0,0,50,49,0,1,0,50,1,50,950,1000,50,1000,0,0,0,0,0,1,0.98,0.0,0.0,0.02,0.95,0.05,0.0,0,0,0,50,50,50,0,0,0,0,0,0,0,0,0,14.9142,14.933142857142856,7,a65b68914ed795ad7f0b7abda6fce0cc64045f6f,3.13.14
5.0,single_fault_control,null_key,1000,6521,0.05,0.5,0.5,S3_recovery,0,50,0,0,50,49,0,1,0,50,1,50,950,1000,50,1000,0,0,0,0,0,1,0.98,0.0,0.0,0.02,0.95,0.05,0.0,0,0,0,50,50,50,0,0,0,0,0,0,0,0,0,15.1696,15.405442857142857,7,a65b68914ed795ad7f0b7abda6fce0cc64045f6f,3.13.14
5.0,single_fault_control,null_key,1000,6521,0.05,0.5,0.5,S4_full,0,50,0,0,50,49,0,1,0,50,1,50,950,1000,50,1000,0,0,0,0,0,1,0.98,0.0,0.0,0.02,0.95,0.05,0.0,0,0,0,50,50,50,0,0,0,0,0,0,0,0,0,14.7638,15.290714285714285,7,a65b68914ed795ad7f0b7abda6fce0cc64045f6f,3.13.14
5.0,single_fault_control,late,1000,6521,0.05,0.5,0.5,S1_minimal,0,0,50,0,50,18,0,1,0,1,32,50,1000,1000,0,1000,0,0,0,0,0,1,0.36,0.0,0.0,0.64,1.0,0.0,0.0,0,0,0,0,0,0,50,0,0,0,0,0,0,0,0,15.4508,15.440414285714285,7,a65b68914ed795ad7f0b7abda6fce0cc64045f6f,3.13.14
5.0,single_fault_control,late,1000,6521,0.05,0.5,0.5,S2_temporal,0,0,50,0,50,50,0,1,0,1,0,50,1000,1000,0,1000,0,0,0,0,0,1,1.0,0.0,0.0,0.0,1.0,0.0,0.0,0,0,0,0,0,0,50,0,0,0,0,0,0,0,0,15.4373,15.745700000000001,7,a65b68914ed795ad7f0b7abda6fce0cc64045f6f,3.13.14
5.0,single_fault_control,late,1000,6521,0.05,0.5,0.5,S3_recovery,0,0,50,0,50,18,0,1,0,1,32,50,1000,1000,0,1000,0,0,0,0,0,1,0.36,0.0,0.0,0.64,1.0,0.0,0.0,0,0,0,0,0,0,50,0,0,0,0,0,0,0,0,15.4691,15.5007,7,a65b68914ed795ad7f0b7abda6fce0cc64045f6f,3.13.14
5.0,single_fault_control,late,1000,6521,0.05,0.5,0.5,S4_full,0,0,50,0,50,50,0,1,0,1,0,50,1000,1000,0,1000,0,0,0,0,0,1,1.0,0.0,0.0,0.0,1.0,0.0,0.0,0,0,0,0,0,0,50,0,0,0,0,0,0,0,0,16.084,16.423142857142857,7,a65b68914ed795ad7f0b7abda6fce0cc64045f6f,3.13.14
5.0,single_fault_control,conflict,1000,6521,0.05,0.5,0.5,S1_minimal,0,0,0,2,50,48,0,1,0,1,2,50,1000,1000,0,1000,0,0,0,0,0,1,0.96,0.0,0.0,0.04,1.0,0.0,0.0,0,0,0,0,0,0,0,0,0,2,0,0,0,0,0,15.8717,15.670371428571428,7,a65b68914ed795ad7f0b7abda6fce0cc64045f6f,3.13.14
5.0,single_fault_control,conflict,1000,6521,0.05,0.5,0.5,S2_temporal,0,0,0,2,50,50,0,1,0,1,0,50,1000,1000,0,1000,0,0,0,0,0,1,1.0,0.0,0.0,0.0,1.0,0.0,0.0,0,0,0,0,0,0,0,0,0,2,0,0,0,0,0,15.4822,15.482628571428572,7,a65b68914ed795ad7f0b7abda6fce0cc64045f6f,3.13.14
5.0,single_fault_control,conflict,1000,6521,0.05,0.5,0.5,S3_recovery,0,0,0,2,50,48,0,1,0,1,2,50,1000,1000,0,1000,0,0,0,0,0,1,0.96,0.0,0.0,0.04,1.0,0.0,0.0,0,0,0,0,0,0,0,0,0,2,0,0,0,0,0,15.3667,15.252157142857143,7,a65b68914ed795ad7f0b7abda6fce0cc64045f6f,3.13.14
5.0,single_fault_control,conflict,1000,6521,0.05,0.5,0.5,S4_full,0,0,0,2,50,50,0,1,0,1,0,50,1000,1000,0,1000,0,0,0,0,0,1,1.0,0.0,0.0,0.0,1.0,0.0,0.0,0,0,0,0,0,0,0,0,0,2,0,0,0,0,0,15.3152,15.85592857142857,7,a65b68914ed795ad7f0b7abda6fce0cc64045f6f,3.13.14
5.0,single_fault_control,recovery,1000,6521,0.5,0.5,0.5,S1_minimal,0,0,0,0,50,50,250,250,0,1,0,50,1000,1000,0,1000,250,250,0,250,250,250,1.0,1.0,0.0,0.0,1.0,0.0,1.0,0,0,0,0,0,0,0,0,0,0,0,0,250,250,0,26.5213,27.2252,7,a65b68914ed795ad7f0b7abda6fce0cc64045f6f,3.13.14
5.0,single_fault_control,recovery,1000,6521,0.5,0.5,0.5,S2_temporal,0,0,0,0,50,50,250,250,0,1,0,50,1000,1000,0,1000,250,250,0,250,250,250,1.0,1.0,0.0,0.0,1.0,0.0,1.0,0,0,0,0,0,0,0,0,0,0,0,0,250,250,0,26.7538,26.833614285714287,7,a65b68914ed795ad7f0b7abda6fce0cc64045f6f,3.13.14
5.0,single_fault_control,recovery,1000,6521,0.5,0.5,0.5,S3_recovery,0,0,0,0,50,50,0,250,0,1,0,50,1000,1000,0,1000,250,250,250,0,0,250,1.0,0.0,0.0,0.0,1.0,0.0,0.0,0,0,0,0,0,0,0,0,0,0,0,0,250,250,250,24.1065,24.504528571428573,7,a65b68914ed795ad7f0b7abda6fce0cc64045f6f,3.13.14
5.0,single_fault_control,recovery,1000,6521,0.5,0.5,0.5,S4_full,0,0,0,0,50,50,0,250,0,1,0,50,1000,1000,0,1000,250,250,250,0,0,250,1.0,0.0,0.0,0.0,1.0,0.0,0.0,0,0,0,0,0,0,0,0,0,0,0,0,250,250,250,24.7919,24.711157142857143,7,a65b68914ed795ad7f0b7abda6fce0cc64045f6f,3.13.14
5.0,single_fault_control,duplicate,10000,1301,0.05,0.5,0.5,S1_minimal,500,0,0,0,500,500,0,500,0,1,0,500,10000,10000,0,10000,0,0,0,0,0,1,1.0,0.0,0.0,0.0,1.0,0.0,0.0,500,500,500,0,0,0,0,0,0,0,0,0,0,0,0,161.6392,161.70611428571428,7,a65b68914ed795ad7f0b7abda6fce0cc64045f6f,3.13.14
5.0,single_fault_control,duplicate,10000,1301,0.05,0.5,0.5,S2_temporal,500,0,0,0,500,500,0,500,0,1,0,500,10000,10000,0,10000,0,0,0,0,0,1,1.0,0.0,0.0,0.0,1.0,0.0,0.0,500,500,500,0,0,0,0,0,0,0,0,0,0,0,0,161.1907,162.23002857142856,7,a65b68914ed795ad7f0b7abda6fce0cc64045f6f,3.13.14
5.0,single_fault_control,duplicate,10000,1301,0.05,0.5,0.5,S3_recovery,500,0,0,0,500,500,0,500,0,1,0,500,10000,10000,0,10000,0,0,0,0,0,1,1.0,0.0,0.0,0.0,1.0,0.0,0.0,500,500,500,0,0,0,0,0,0,0,0,0,0,0,0,160.8544,161.23904285714286,7,a65b68914ed795ad7f0b7abda6fce0cc64045f6f,3.13.14
5.0,single_fault_control,duplicate,10000,1301,0.05,0.5,0.5,S4_full,500,0,0,0,500,500,0,500,0,1,0,500,10000,10000,0,10000,0,0,0,0,0,1,1.0,0.0,0.0,0.0,1.0,0.0,0.0,500,500,500,0,0,0,0,0,0,0,0,0,0,0,0,160.681,161.7251,7,a65b68914ed795ad7f0b7abda6fce0cc64045f6f,3.13.14
5.0,single_fault_control,null_key,10000,1301,0.05,0.5,0.5,S1_minimal,0,500,0,0,500,481,0,1,0,500,19,500,9500,10000,500,10000,0,0,0,0,0,1,0.962,0.0,0.0,0.038,0.95,0.05,0.0,0,0,0,500,500,500,0,0,0,0,0,0,0,0,0,152.2967,154.39558571428572,7,a65b68914ed795ad7f0b7abda6fce0cc64045f6f,3.13.14
5.0,single_fault_control,null_key,10000,1301,0.05,0.5,0.5,S2_temporal,0,500,0,0,500,481,0,1,0,500,19,500,9500,10000,500,10000,0,0,0,0,0,1,0.962,0.0,0.0,0.038,0.95,0.05,0.0,0,0,0,500,500,500,0,0,0,0,0,0,0,0,0,154.075,153.6265,7,a65b68914ed795ad7f0b7abda6fce0cc64045f6f,3.13.14
5.0,single_fault_control,null_key,10000,1301,0.05,0.5,0.5,S3_recovery,0,500,0,0,500,481,0,1,0,500,19,500,9500,10000,500,10000,0,0,0,0,0,1,0.962,0.0,0.0,0.038,0.95,0.05,0.0,0,0,0,500,500,500,0,0,0,0,0,0,0,0,0,152.0775,152.21167142857144,7,a65b68914ed795ad7f0b7abda6fce0cc64045f6f,3.13.14
5.0,single_fault_control,null_key,10000,1301,0.05,0.5,0.5,S4_full,0,500,0,0,500,481,0,1,0,500,19,500,9500,10000,500,10000,0,0,0,0,0,1,0.962,0.0,0.0,0.038,0.95,0.05,0.0,0,0,0,500,500,500,0,0,0,0,0,0,0,0,0,154.2032,153.46938571428572,7,a65b68914ed795ad7f0b7abda6fce0cc64045f6f,3.13.14
5.0,single_fault_control,late,10000,1301,0.05,0.5,0.5,S1_minimal,0,0,500,0,500,195,0,1,0,1,305,500,10000,10000,0,10000,0,0,0,0,0,1,0.39,0.0,0.0,0.61,1.0,0.0,0.0,0,0,0,0,0,0,500,0,0,0,0,0,0,0,0,159.2945,159.97624285714286,7,a65b68914ed795ad7f0b7abda6fce0cc64045f6f,3.13.14
5.0,single_fault_control,late,10000,1301,0.05,0.5,0.5,S2_temporal,0,0,500,0,500,500,0,1,0,1,0,500,10000,10000,0,10000,0,0,0,0,0,1,1.0,0.0,0.0,0.0,1.0,0.0,0.0,0,0,0,0,0,0,500,0,0,0,0,0,0,0,0,161.4525,161.69615714285715,7,a65b68914ed795ad7f0b7abda6fce0cc64045f6f,3.13.14
5.0,single_fault_control,late,10000,1301,0.05,0.5,0.5,S3_recovery,0,0,500,0,500,195,0,1,0,1,305,500,10000,10000,0,10000,0,0,0,0,0,1,0.39,0.0,0.0,0.61,1.0,0.0,0.0,0,0,0,0,0,0,500,0,0,0,0,0,0,0,0,159.7617,159.55780000000001,7,a65b68914ed795ad7f0b7abda6fce0cc64045f6f,3.13.14
5.0,single_fault_control,late,10000,1301,0.05,0.5,0.5,S4_full,0,0,500,0,500,500,0,1,0,1,0,500,10000,10000,0,10000,0,0,0,0,0,1,1.0,0.0,0.0,0.0,1.0,0.0,0.0,0,0,0,0,0,0,500,0,0,0,0,0,0,0,0,163.6623,179.33301428571428,7,a65b68914ed795ad7f0b7abda6fce0cc64045f6f,3.13.14
5.0,single_fault_control,conflict,10000,1301,0.05,0.5,0.5,S1_minimal,0,0,0,25,500,475,0,1,0,1,25,500,10000,10000,0,10000,0,0,0,0,0,1,0.95,0.0,0.0,0.05,1.0,0.0,0.0,0,0,0,0,0,0,0,0,0,25,0,0,0,0,0,160.5164,162.15765714285715,7,a65b68914ed795ad7f0b7abda6fce0cc64045f6f,3.13.14
5.0,single_fault_control,conflict,10000,1301,0.05,0.5,0.5,S2_temporal,0,0,0,25,500,500,0,1,0,1,0,500,10000,10000,0,10000,0,0,0,0,0,1,1.0,0.0,0.0,0.0,1.0,0.0,0.0,0,0,0,0,0,0,0,0,0,25,0,0,0,0,0,159.7108,158.95815714285715,7,a65b68914ed795ad7f0b7abda6fce0cc64045f6f,3.13.14
5.0,single_fault_control,conflict,10000,1301,0.05,0.5,0.5,S3_recovery,0,0,0,25,500,475,0,1,0,1,25,500,10000,10000,0,10000,0,0,0,0,0,1,0.95,0.0,0.0,0.05,1.0,0.0,0.0,0,0,0,0,0,0,0,0,0,25,0,0,0,0,0,159.4809,158.90621428571427,7,a65b68914ed795ad7f0b7abda6fce0cc64045f6f,3.13.14
5.0,single_fault_control,conflict,10000,1301,0.05,0.5,0.5,S4_full,0,0,0,25,500,500,0,1,0,1,0,500,10000,10000,0,10000,0,0,0,0,0,1,1.0,0.0,0.0,0.0,1.0,0.0,0.0,0,0,0,0,0,0,0,0,0,25,0,0,0,0,0,158.4422,158.40901428571428,7,a65b68914ed795ad7f0b7abda6fce0cc64045f6f,3.13.14
5.0,single_fault_control,recovery,10000,1301,0.5,0.5,0.5,S1_minimal,0,0,0,0,500,500,2500,2500,0,1,0,500,10000,10000,0,10000,2500,2500,0,2500,2500,2500,1.0,1.0,0.0,0.0,1.0,0.0,1.0,0,0,0,0,0,0,0,0,0,0,0,0,2500,2500,0,273.1147,272.4755,7,a65b68914ed795ad7f0b7abda6fce0cc64045f6f,3.13.14
5.0,single_fault_control,recovery,10000,1301,0.5,0.5,0.5,S2_temporal,0,0,0,0,500,500,2500,2500,0,1,0,500,10000,10000,0,10000,2500,2500,0,2500,2500,2500,1.0,1.0,0.0,0.0,1.0,0.0,1.0,0,0,0,0,0,0,0,0,0,0,0,0,2500,2500,0,273.3846,273.91945714285714,7,a65b68914ed795ad7f0b7abda6fce0cc64045f6f,3.13.14
5.0,single_fault_control,recovery,10000,1301,0.5,0.5,0.5,S3_recovery,0,0,0,0,500,500,0,2500,0,1,0,500,10000,10000,0,10000,2500,2500,2500,0,0,2500,1.0,0.0,0.0,0.0,1.0,0.0,0.0,0,0,0,0,0,0,0,0,0,0,0,0,2500,2500,2500,248.2036,248.48817142857143,7,a65b68914ed795ad7f0b7abda6fce0cc64045f6f,3.13.14
5.0,single_fault_control,recovery,10000,1301,0.5,0.5,0.5,S4_full,0,0,0,0,500,500,0,2500,0,1,0,500,10000,10000,0,10000,2500,2500,2500,0,0,2500,1.0,0.0,0.0,0.0,1.0,0.0,0.0,0,0,0,0,0,0,0,0,0,0,0,0,2500,2500,2500,248.7376,252.62715714285713,7,a65b68914ed795ad7f0b7abda6fce0cc64045f6f,3.13.14
5.0,single_fault_control,duplicate,10000,2609,0.05,0.5,0.5,S1_minimal,500,0,0,0,500,500,0,500,0,1,0,500,10000,10000,0,10000,0,0,0,0,0,1,1.0,0.0,0.0,0.0,1.0,0.0,0.0,500,500,500,0,0,0,0,0,0,0,0,0,0,0,0,165.0476,164.9201857142857,7,a65b68914ed795ad7f0b7abda6fce0cc64045f6f,3.13.14
5.0,single_fault_control,duplicate,10000,2609,0.05,0.5,0.5,S2_temporal,500,0,0,0,500,500,0,500,0,1,0,500,10000,10000,0,10000,0,0,0,0,0,1,1.0,0.0,0.0,0.0,1.0,0.0,0.0,500,500,500,0,0,0,0,0,0,0,0,0,0,0,0,163.9552,164.6432,7,a65b68914ed795ad7f0b7abda6fce0cc64045f6f,3.13.14
5.0,single_fault_control,duplicate,10000,2609,0.05,0.5,0.5,S3_recovery,500,0,0,0,500,500,0,500,0,1,0,500,10000,10000,0,10000,0,0,0,0,0,1,1.0,0.0,0.0,0.0,1.0,0.0,0.0,500,500,500,0,0,0,0,0,0,0,0,0,0,0,0,163.2847,163.62077142857143,7,a65b68914ed795ad7f0b7abda6fce0cc64045f6f,3.13.14
5.0,single_fault_control,duplicate,10000,2609,0.05,0.5,0.5,S4_full,500,0,0,0,500,500,0,500,0,1,0,500,10000,10000,0,10000,0,0,0,0,0,1,1.0,0.0,0.0,0.0,1.0,0.0,0.0,500,500,500,0,0,0,0,0,0,0,0,0,0,0,0,164.0376,163.66947142857143,7,a65b68914ed795ad7f0b7abda6fce0cc64045f6f,3.13.14
5.0,single_fault_control,null_key,10000,2609,0.05,0.5,0.5,S1_minimal,0,500,0,0,500,471,0,1,0,500,29,500,9500,10000,500,10000,0,0,0,0,0,1,0.942,0.0,0.0,0.058,0.95,0.05,0.0,0,0,0,500,500,500,0,0,0,0,0,0,0,0,0,155.1934,155.20162857142856,7,a65b68914ed795ad7f0b7abda6fce0cc64045f6f,3.13.14
5.0,single_fault_control,null_key,10000,2609,0.05,0.5,0.5,S2_temporal,0,500,0,0,500,471,0,1,0,500,29,500,9500,10000,500,10000,0,0,0,0,0,1,0.942,0.0,0.0,0.058,0.95,0.05,0.0,0,0,0,500,500,500,0,0,0,0,0,0,0,0,0,155.5563,155.36842857142858,7,a65b68914ed795ad7f0b7abda6fce0cc64045f6f,3.13.14
5.0,single_fault_control,null_key,10000,2609,0.05,0.5,0.5,S3_recovery,0,500,0,0,500,471,0,1,0,500,29,500,9500,10000,500,10000,0,0,0,0,0,1,0.942,0.0,0.0,0.058,0.95,0.05,0.0,0,0,0,500,500,500,0,0,0,0,0,0,0,0,0,154.9396,154.5102,7,a65b68914ed795ad7f0b7abda6fce0cc64045f6f,3.13.14
5.0,single_fault_control,null_key,10000,2609,0.05,0.5,0.5,S4_full,0,500,0,0,500,471,0,1,0,500,29,500,9500,10000,500,10000,0,0,0,0,0,1,0.942,0.0,0.0,0.058,0.95,0.05,0.0,0,0,0,500,500,500,0,0,0,0,0,0,0,0,0,155.5048,156.25372857142855,7,a65b68914ed795ad7f0b7abda6fce0cc64045f6f,3.13.14
5.0,single_fault_control,late,10000,2609,0.05,0.5,0.5,S1_minimal,0,0,500,0,500,212,0,1,0,1,288,500,10000,10000,0,10000,0,0,0,0,0,1,0.424,0.0,0.0,0.576,1.0,0.0,0.0,0,0,0,0,0,0,500,0,0,0,0,0,0,0,0,159.9325,160.1430142857143,7,a65b68914ed795ad7f0b7abda6fce0cc64045f6f,3.13.14
5.0,single_fault_control,late,10000,2609,0.05,0.5,0.5,S2_temporal,0,0,500,0,500,500,0,1,0,1,0,500,10000,10000,0,10000,0,0,0,0,0,1,1.0,0.0,0.0,0.0,1.0,0.0,0.0,0,0,0,0,0,0,500,0,0,0,0,0,0,0,0,161.67,161.80414285714286,7,a65b68914ed795ad7f0b7abda6fce0cc64045f6f,3.13.14
5.0,single_fault_control,late,10000,2609,0.05,0.5,0.5,S3_recovery,0,0,500,0,500,212,0,1,0,1,288,500,10000,10000,0,10000,0,0,0,0,0,1,0.424,0.0,0.0,0.576,1.0,0.0,0.0,0,0,0,0,0,0,500,0,0,0,0,0,0,0,0,158.8026,159.21704285714284,7,a65b68914ed795ad7f0b7abda6fce0cc64045f6f,3.13.14
5.0,single_fault_control,late,10000,2609,0.05,0.5,0.5,S4_full,0,0,500,0,500,500,0,1,0,1,0,500,10000,10000,0,10000,0,0,0,0,0,1,1.0,0.0,0.0,0.0,1.0,0.0,0.0,0,0,0,0,0,0,500,0,0,0,0,0,0,0,0,163.0594,162.49618571428573,7,a65b68914ed795ad7f0b7abda6fce0cc64045f6f,3.13.14
5.0,single_fault_control,conflict,10000,2609,0.05,0.5,0.5,S1_minimal,0,0,0,25,500,475,0,1,0,1,25,500,10000,10000,0,10000,0,0,0,0,0,1,0.95,0.0,0.0,0.05,1.0,0.0,0.0,0,0,0,0,0,0,0,0,0,25,0,0,0,0,0,160.0211,160.6836857142857,7,a65b68914ed795ad7f0b7abda6fce0cc64045f6f,3.13.14
5.0,single_fault_control,conflict,10000,2609,0.05,0.5,0.5,S2_temporal,0,0,0,25,500,500,0,1,0,1,0,500,10000,10000,0,10000,0,0,0,0,0,1,1.0,0.0,0.0,0.0,1.0,0.0,0.0,0,0,0,0,0,0,0,0,0,25,0,0,0,0,0,160.384,161.613,7,a65b68914ed795ad7f0b7abda6fce0cc64045f6f,3.13.14
5.0,single_fault_control,conflict,10000,2609,0.05,0.5,0.5,S3_recovery,0,0,0,25,500,475,0,1,0,1,25,500,10000,10000,0,10000,0,0,0,0,0,1,0.95,0.0,0.0,0.05,1.0,0.0,0.0,0,0,0,0,0,0,0,0,0,25,0,0,0,0,0,161.1893,161.07831428571427,7,a65b68914ed795ad7f0b7abda6fce0cc64045f6f,3.13.14
5.0,single_fault_control,conflict,10000,2609,0.05,0.5,0.5,S4_full,0,0,0,25,500,500,0,1,0,1,0,500,10000,10000,0,10000,0,0,0,0,0,1,1.0,0.0,0.0,0.0,1.0,0.0,0.0,0,0,0,0,0,0,0,0,0,25,0,0,0,0,0,161.3171,161.9188142857143,7,a65b68914ed795ad7f0b7abda6fce0cc64045f6f,3.13.14
5.0,single_fault_control,recovery,10000,2609,0.5,0.5,0.5,S1_minimal,0,0,0,0,500,500,2500,2500,0,1,0,500,10000,10000,0,10000,2500,2500,0,2500,2500,2500,1.0,1.0,0.0,0.0,1.0,0.0,1.0,0,0,0,0,0,0,0,0,0,0,0,0,2500,2500,0,272.5933,273.6753857142857,7,a65b68914ed795ad7f0b7abda6fce0cc64045f6f,3.13.14
5.0,single_fault_control,recovery,10000,2609,0.5,0.5,0.5,S2_temporal,0,0,0,0,500,500,2500,2500,0,1,0,500,10000,10000,0,10000,2500,2500,0,2500,2500,2500,1.0,1.0,0.0,0.0,1.0,0.0,1.0,0,0,0,0,0,0,0,0,0,0,0,0,2500,2500,0,275.3115,275.45792857142857,7,a65b68914ed795ad7f0b7abda6fce0cc64045f6f,3.13.14
5.0,single_fault_control,recovery,10000,2609,0.5,0.5,0.5,S3_recovery,0,0,0,0,500,500,0,2500,0,1,0,500,10000,10000,0,10000,2500,2500,2500,0,0,2500,1.0,0.0,0.0,0.0,1.0,0.0,0.0,0,0,0,0,0,0,0,0,0,0,0,0,2500,2500,2500,249.6082,248.6460142857143,7,a65b68914ed795ad7f0b7abda6fce0cc64045f6f,3.13.14
5.0,single_fault_control,recovery,10000,2609,0.5,0.5,0.5,S4_full,0,0,0,0,500,500,0,2500,0,1,0,500,10000,10000,0,10000,2500,2500,2500,0,0,2500,1.0,0.0,0.0,0.0,1.0,0.0,0.0,0,0,0,0,0,0,0,0,0,0,0,0,2500,2500,2500,252.2208,252.83495714285715,7,a65b68914ed795ad7f0b7abda6fce0cc64045f6f,3.13.14
5.0,single_fault_control,duplicate,10000,3911,0.05,0.5,0.5,S1_minimal,500,0,0,0,500,500,0,500,0,1,0,500,10000,10000,0,10000,0,0,0,0,0,1,1.0,0.0,0.0,0.0,1.0,0.0,0.0,500,500,500,0,0,0,0,0,0,0,0,0,0,0,0,164.4462,164.0850142857143,7,a65b68914ed795ad7f0b7abda6fce0cc64045f6f,3.13.14
5.0,single_fault_control,duplicate,10000,3911,0.05,0.5,0.5,S2_temporal,500,0,0,0,500,500,0,500,0,1,0,500,10000,10000,0,10000,0,0,0,0,0,1,1.0,0.0,0.0,0.0,1.0,0.0,0.0,500,500,500,0,0,0,0,0,0,0,0,0,0,0,0,164.3623,164.62158571428571,7,a65b68914ed795ad7f0b7abda6fce0cc64045f6f,3.13.14
5.0,single_fault_control,duplicate,10000,3911,0.05,0.5,0.5,S3_recovery,500,0,0,0,500,500,0,500,0,1,0,500,10000,10000,0,10000,0,0,0,0,0,1,1.0,0.0,0.0,0.0,1.0,0.0,0.0,500,500,500,0,0,0,0,0,0,0,0,0,0,0,0,163.2228,163.6633857142857,7,a65b68914ed795ad7f0b7abda6fce0cc64045f6f,3.13.14
5.0,single_fault_control,duplicate,10000,3911,0.05,0.5,0.5,S4_full,500,0,0,0,500,500,0,500,0,1,0,500,10000,10000,0,10000,0,0,0,0,0,1,1.0,0.0,0.0,0.0,1.0,0.0,0.0,500,500,500,0,0,0,0,0,0,0,0,0,0,0,0,164.9203,164.76015714285714,7,a65b68914ed795ad7f0b7abda6fce0cc64045f6f,3.13.14
5.0,single_fault_control,null_key,10000,3911,0.05,0.5,0.5,S1_minimal,0,500,0,0,500,475,0,1,0,500,25,500,9500,10000,500,10000,0,0,0,0,0,1,0.95,0.0,0.0,0.05,0.95,0.05,0.0,0,0,0,500,500,500,0,0,0,0,0,0,0,0,0,154.3747,154.53561428571427,7,a65b68914ed795ad7f0b7abda6fce0cc64045f6f,3.13.14
5.0,single_fault_control,null_key,10000,3911,0.05,0.5,0.5,S2_temporal,0,500,0,0,500,475,0,1,0,500,25,500,9500,10000,500,10000,0,0,0,0,0,1,0.95,0.0,0.0,0.05,0.95,0.05,0.0,0,0,0,500,500,500,0,0,0,0,0,0,0,0,0,156.4492,171.08525714285713,7,a65b68914ed795ad7f0b7abda6fce0cc64045f6f,3.13.14
5.0,single_fault_control,null_key,10000,3911,0.05,0.5,0.5,S3_recovery,0,500,0,0,500,475,0,1,0,500,25,500,9500,10000,500,10000,0,0,0,0,0,1,0.95,0.0,0.0,0.05,0.95,0.05,0.0,0,0,0,500,500,500,0,0,0,0,0,0,0,0,0,155.6849,156.1984857142857,7,a65b68914ed795ad7f0b7abda6fce0cc64045f6f,3.13.14
5.0,single_fault_control,null_key,10000,3911,0.05,0.5,0.5,S4_full,0,500,0,0,500,475,0,1,0,500,25,500,9500,10000,500,10000,0,0,0,0,0,1,0.95,0.0,0.0,0.05,0.95,0.05,0.0,0,0,0,500,500,500,0,0,0,0,0,0,0,0,0,157.2253,157.28614285714286,7,a65b68914ed795ad7f0b7abda6fce0cc64045f6f,3.13.14
5.0,single_fault_control,late,10000,3911,0.05,0.5,0.5,S1_minimal,0,0,500,0,500,210,0,1,0,1,290,500,10000,10000,0,10000,0,0,0,0,0,1,0.42,0.0,0.0,0.58,1.0,0.0,0.0,0,0,0,0,0,0,500,0,0,0,0,0,0,0,0,162.7921,162.0234142857143,7,a65b68914ed795ad7f0b7abda6fce0cc64045f6f,3.13.14
5.0,single_fault_control,late,10000,3911,0.05,0.5,0.5,S2_temporal,0,0,500,0,500,500,0,1,0,1,0,500,10000,10000,0,10000,0,0,0,0,0,1,1.0,0.0,0.0,0.0,1.0,0.0,0.0,0,0,0,0,0,0,500,0,0,0,0,0,0,0,0,161.8112,162.4221,7,a65b68914ed795ad7f0b7abda6fce0cc64045f6f,3.13.14
5.0,single_fault_control,late,10000,3911,0.05,0.5,0.5,S3_recovery,0,0,500,0,500,210,0,1,0,1,290,500,10000,10000,0,10000,0,0,0,0,0,1,0.42,0.0,0.0,0.58,1.0,0.0,0.0,0,0,0,0,0,0,500,0,0,0,0,0,0,0,0,159.2653,160.3336,7,a65b68914ed795ad7f0b7abda6fce0cc64045f6f,3.13.14
5.0,single_fault_control,late,10000,3911,0.05,0.5,0.5,S4_full,0,0,500,0,500,500,0,1,0,1,0,500,10000,10000,0,10000,0,0,0,0,0,1,1.0,0.0,0.0,0.0,1.0,0.0,0.0,0,0,0,0,0,0,500,0,0,0,0,0,0,0,0,161.8155,162.90554285714285,7,a65b68914ed795ad7f0b7abda6fce0cc64045f6f,3.13.14
5.0,single_fault_control,conflict,10000,3911,0.05,0.5,0.5,S1_minimal,0,0,0,25,500,475,0,1,0,1,25,500,10000,10000,0,10000,0,0,0,0,0,1,0.95,0.0,0.0,0.05,1.0,0.0,0.0,0,0,0,0,0,0,0,0,0,25,0,0,0,0,0,160.9348,159.9827857142857,7,a65b68914ed795ad7f0b7abda6fce0cc64045f6f,3.13.14
5.0,single_fault_control,conflict,10000,3911,0.05,0.5,0.5,S2_temporal,0,0,0,25,500,500,0,1,0,1,0,500,10000,10000,0,10000,0,0,0,0,0,1,1.0,0.0,0.0,0.0,1.0,0.0,0.0,0,0,0,0,0,0,0,0,0,25,0,0,0,0,0,162.0692,162.0442,7,a65b68914ed795ad7f0b7abda6fce0cc64045f6f,3.13.14
5.0,single_fault_control,conflict,10000,3911,0.05,0.5,0.5,S3_recovery,0,0,0,25,500,475,0,1,0,1,25,500,10000,10000,0,10000,0,0,0,0,0,1,0.95,0.0,0.0,0.05,1.0,0.0,0.0,0,0,0,0,0,0,0,0,0,25,0,0,0,0,0,161.1769,160.19257142857143,7,a65b68914ed795ad7f0b7abda6fce0cc64045f6f,3.13.14
5.0,single_fault_control,conflict,10000,3911,0.05,0.5,0.5,S4_full,0,0,0,25,500,500,0,1,0,1,0,500,10000,10000,0,10000,0,0,0,0,0,1,1.0,0.0,0.0,0.0,1.0,0.0,0.0,0,0,0,0,0,0,0,0,0,25,0,0,0,0,0,160.4803,160.60634285714286,7,a65b68914ed795ad7f0b7abda6fce0cc64045f6f,3.13.14
5.0,single_fault_control,recovery,10000,3911,0.5,0.5,0.5,S1_minimal,0,0,0,0,500,500,2500,2500,0,1,0,500,10000,10000,0,10000,2500,2500,0,2500,2500,2500,1.0,1.0,0.0,0.0,1.0,0.0,1.0,0,0,0,0,0,0,0,0,0,0,0,0,2500,2500,0,275.001,274.91415714285716,7,a65b68914ed795ad7f0b7abda6fce0cc64045f6f,3.13.14
5.0,single_fault_control,recovery,10000,3911,0.5,0.5,0.5,S2_temporal,0,0,0,0,500,500,2500,2500,0,1,0,500,10000,10000,0,10000,2500,2500,0,2500,2500,2500,1.0,1.0,0.0,0.0,1.0,0.0,1.0,0,0,0,0,0,0,0,0,0,0,0,0,2500,2500,0,283.1868,301.5925142857143,7,a65b68914ed795ad7f0b7abda6fce0cc64045f6f,3.13.14
5.0,single_fault_control,recovery,10000,3911,0.5,0.5,0.5,S3_recovery,0,0,0,0,500,500,0,2500,0,1,0,500,10000,10000,0,10000,2500,2500,2500,0,0,2500,1.0,0.0,0.0,0.0,1.0,0.0,0.0,0,0,0,0,0,0,0,0,0,0,0,0,2500,2500,2500,250.4805,251.98637142857143,7,a65b68914ed795ad7f0b7abda6fce0cc64045f6f,3.13.14
5.0,single_fault_control,recovery,10000,3911,0.5,0.5,0.5,S4_full,0,0,0,0,500,500,0,2500,0,1,0,500,10000,10000,0,10000,2500,2500,2500,0,0,2500,1.0,0.0,0.0,0.0,1.0,0.0,0.0,0,0,0,0,0,0,0,0,0,0,0,0,2500,2500,2500,251.9398,251.78224285714285,7,a65b68914ed795ad7f0b7abda6fce0cc64045f6f,3.13.14
5.0,single_fault_control,duplicate,10000,5209,0.05,0.5,0.5,S1_minimal,500,0,0,0,500,500,0,500,0,1,0,500,10000,10000,0,10000,0,0,0,0,0,1,1.0,0.0,0.0,0.0,1.0,0.0,0.0,500,500,500,0,0,0,0,0,0,0,0,0,0,0,0,164.2863,165.0186857142857,7,a65b68914ed795ad7f0b7abda6fce0cc64045f6f,3.13.14
5.0,single_fault_control,duplicate,10000,5209,0.05,0.5,0.5,S2_temporal,500,0,0,0,500,500,0,500,0,1,0,500,10000,10000,0,10000,0,0,0,0,0,1,1.0,0.0,0.0,0.0,1.0,0.0,0.0,500,500,500,0,0,0,0,0,0,0,0,0,0,0,0,165.2505,165.65062857142857,7,a65b68914ed795ad7f0b7abda6fce0cc64045f6f,3.13.14
5.0,single_fault_control,duplicate,10000,5209,0.05,0.5,0.5,S3_recovery,500,0,0,0,500,500,0,500,0,1,0,500,10000,10000,0,10000,0,0,0,0,0,1,1.0,0.0,0.0,0.0,1.0,0.0,0.0,500,500,500,0,0,0,0,0,0,0,0,0,0,0,0,163.8317,164.5586142857143,7,a65b68914ed795ad7f0b7abda6fce0cc64045f6f,3.13.14
5.0,single_fault_control,duplicate,10000,5209,0.05,0.5,0.5,S4_full,500,0,0,0,500,500,0,500,0,1,0,500,10000,10000,0,10000,0,0,0,0,0,1,1.0,0.0,0.0,0.0,1.0,0.0,0.0,500,500,500,0,0,0,0,0,0,0,0,0,0,0,0,168.2855,167.87194285714287,7,a65b68914ed795ad7f0b7abda6fce0cc64045f6f,3.13.14
5.0,single_fault_control,null_key,10000,5209,0.05,0.5,0.5,S1_minimal,0,500,0,0,500,475,0,1,0,500,25,500,9500,10000,500,10000,0,0,0,0,0,1,0.95,0.0,0.0,0.05,0.95,0.05,0.0,0,0,0,500,500,500,0,0,0,0,0,0,0,0,0,156.3035,156.42895714285714,7,a65b68914ed795ad7f0b7abda6fce0cc64045f6f,3.13.14
5.0,single_fault_control,null_key,10000,5209,0.05,0.5,0.5,S2_temporal,0,500,0,0,500,475,0,1,0,500,25,500,9500,10000,500,10000,0,0,0,0,0,1,0.95,0.0,0.0,0.05,0.95,0.05,0.0,0,0,0,500,500,500,0,0,0,0,0,0,0,0,0,156.8755,157.07911428571427,7,a65b68914ed795ad7f0b7abda6fce0cc64045f6f,3.13.14
5.0,single_fault_control,null_key,10000,5209,0.05,0.5,0.5,S3_recovery,0,500,0,0,500,475,0,1,0,500,25,500,9500,10000,500,10000,0,0,0,0,0,1,0.95,0.0,0.0,0.05,0.95,0.05,0.0,0,0,0,500,500,500,0,0,0,0,0,0,0,0,0,157.0136,157.5603142857143,7,a65b68914ed795ad7f0b7abda6fce0cc64045f6f,3.13.14
5.0,single_fault_control,null_key,10000,5209,0.05,0.5,0.5,S4_full,0,500,0,0,500,475,0,1,0,500,25,500,9500,10000,500,10000,0,0,0,0,0,1,0.95,0.0,0.0,0.05,0.95,0.05,0.0,0,0,0,500,500,500,0,0,0,0,0,0,0,0,0,156.5049,157.01674285714284,7,a65b68914ed795ad7f0b7abda6fce0cc64045f6f,3.13.14
5.0,single_fault_control,late,10000,5209,0.05,0.5,0.5,S1_minimal,0,0,500,0,500,199,0,1,0,1,301,500,10000,10000,0,10000,0,0,0,0,0,1,0.398,0.0,0.0,0.602,1.0,0.0,0.0,0,0,0,0,0,0,500,0,0,0,0,0,0,0,0,162.3545,165.2195714285714,7,a65b68914ed795ad7f0b7abda6fce0cc64045f6f,3.13.14
5.0,single_fault_control,late,10000,5209,0.05,0.5,0.5,S2_temporal,0,0,500,0,500,500,0,1,0,1,0,500,10000,10000,0,10000,0,0,0,0,0,1,1.0,0.0,0.0,0.0,1.0,0.0,0.0,0,0,0,0,0,0,500,0,0,0,0,0,0,0,0,163.6183,163.39617142857142,7,a65b68914ed795ad7f0b7abda6fce0cc64045f6f,3.13.14
5.0,single_fault_control,late,10000,5209,0.05,0.5,0.5,S3_recovery,0,0,500,0,500,199,0,1,0,1,301,500,10000,10000,0,10000,0,0,0,0,0,1,0.398,0.0,0.0,0.602,1.0,0.0,0.0,0,0,0,0,0,0,500,0,0,0,0,0,0,0,0,162.49,162.4902,7,a65b68914ed795ad7f0b7abda6fce0cc64045f6f,3.13.14
5.0,single_fault_control,late,10000,5209,0.05,0.5,0.5,S4_full,0,0,500,0,500,500,0,1,0,1,0,500,10000,10000,0,10000,0,0,0,0,0,1,1.0,0.0,0.0,0.0,1.0,0.0,0.0,0,0,0,0,0,0,500,0,0,0,0,0,0,0,0,162.452,162.99525714285716,7,a65b68914ed795ad7f0b7abda6fce0cc64045f6f,3.13.14
5.0,single_fault_control,conflict,10000,5209,0.05,0.5,0.5,S1_minimal,0,0,0,25,500,475,0,1,0,1,25,500,10000,10000,0,10000,0,0,0,0,0,1,0.95,0.0,0.0,0.05,1.0,0.0,0.0,0,0,0,0,0,0,0,0,0,25,0,0,0,0,0,162.4701,161.62755714285714,7,a65b68914ed795ad7f0b7abda6fce0cc64045f6f,3.13.14
5.0,single_fault_control,conflict,10000,5209,0.05,0.5,0.5,S2_temporal,0,0,0,25,500,500,0,1,0,1,0,500,10000,10000,0,10000,0,0,0,0,0,1,1.0,0.0,0.0,0.0,1.0,0.0,0.0,0,0,0,0,0,0,0,0,0,25,0,0,0,0,0,163.2633,162.03732857142856,7,a65b68914ed795ad7f0b7abda6fce0cc64045f6f,3.13.14
5.0,single_fault_control,conflict,10000,5209,0.05,0.5,0.5,S3_recovery,0,0,0,25,500,475,0,1,0,1,25,500,10000,10000,0,10000,0,0,0,0,0,1,0.95,0.0,0.0,0.05,1.0,0.0,0.0,0,0,0,0,0,0,0,0,0,25,0,0,0,0,0,160.9098,161.1585142857143,7,a65b68914ed795ad7f0b7abda6fce0cc64045f6f,3.13.14
5.0,single_fault_control,conflict,10000,5209,0.05,0.5,0.5,S4_full,0,0,0,25,500,500,0,1,0,1,0,500,10000,10000,0,10000,0,0,0,0,0,1,1.0,0.0,0.0,0.0,1.0,0.0,0.0,0,0,0,0,0,0,0,0,0,25,0,0,0,0,0,162.2399,162.33944285714287,7,a65b68914ed795ad7f0b7abda6fce0cc64045f6f,3.13.14
5.0,single_fault_control,recovery,10000,5209,0.5,0.5,0.5,S1_minimal,0,0,0,0,500,500,2500,2500,0,1,0,500,10000,10000,0,10000,2500,2500,0,2500,2500,2500,1.0,1.0,0.0,0.0,1.0,0.0,1.0,0,0,0,0,0,0,0,0,0,0,0,0,2500,2500,0,275.8283,275.7478,7,a65b68914ed795ad7f0b7abda6fce0cc64045f6f,3.13.14
5.0,single_fault_control,recovery,10000,5209,0.5,0.5,0.5,S2_temporal,0,0,0,0,500,500,2500,2500,0,1,0,500,10000,10000,0,10000,2500,2500,0,2500,2500,2500,1.0,1.0,0.0,0.0,1.0,0.0,1.0,0,0,0,0,0,0,0,0,0,0,0,0,2500,2500,0,281.1501,280.96738571428574,7,a65b68914ed795ad7f0b7abda6fce0cc64045f6f,3.13.14
5.0,single_fault_control,recovery,10000,5209,0.5,0.5,0.5,S3_recovery,0,0,0,0,500,500,0,2500,0,1,0,500,10000,10000,0,10000,2500,2500,2500,0,0,2500,1.0,0.0,0.0,0.0,1.0,0.0,0.0,0,0,0,0,0,0,0,0,0,0,0,0,2500,2500,2500,253.2337,253.07134285714287,7,a65b68914ed795ad7f0b7abda6fce0cc64045f6f,3.13.14
5.0,single_fault_control,recovery,10000,5209,0.5,0.5,0.5,S4_full,0,0,0,0,500,500,0,2500,0,1,0,500,10000,10000,0,10000,2500,2500,2500,0,0,2500,1.0,0.0,0.0,0.0,1.0,0.0,0.0,0,0,0,0,0,0,0,0,0,0,0,0,2500,2500,2500,253.1051,254.41655714285716,7,a65b68914ed795ad7f0b7abda6fce0cc64045f6f,3.13.14
5.0,single_fault_control,duplicate,10000,6521,0.05,0.5,0.5,S1_minimal,500,0,0,0,500,500,0,500,0,1,0,500,10000,10000,0,10000,0,0,0,0,0,1,1.0,0.0,0.0,0.0,1.0,0.0,0.0,500,500,500,0,0,0,0,0,0,0,0,0,0,0,0,164.9721,165.73895714285715,7,a65b68914ed795ad7f0b7abda6fce0cc64045f6f,3.13.14
5.0,single_fault_control,duplicate,10000,6521,0.05,0.5,0.5,S2_temporal,500,0,0,0,500,500,0,500,0,1,0,500,10000,10000,0,10000,0,0,0,0,0,1,1.0,0.0,0.0,0.0,1.0,0.0,0.0,500,500,500,0,0,0,0,0,0,0,0,0,0,0,0,163.9231,165.59494285714285,7,a65b68914ed795ad7f0b7abda6fce0cc64045f6f,3.13.14
5.0,single_fault_control,duplicate,10000,6521,0.05,0.5,0.5,S3_recovery,500,0,0,0,500,500,0,500,0,1,0,500,10000,10000,0,10000,0,0,0,0,0,1,1.0,0.0,0.0,0.0,1.0,0.0,0.0,500,500,500,0,0,0,0,0,0,0,0,0,0,0,0,163.8927,163.87302857142856,7,a65b68914ed795ad7f0b7abda6fce0cc64045f6f,3.13.14
5.0,single_fault_control,duplicate,10000,6521,0.05,0.5,0.5,S4_full,500,0,0,0,500,500,0,500,0,1,0,500,10000,10000,0,10000,0,0,0,0,0,1,1.0,0.0,0.0,0.0,1.0,0.0,0.0,500,500,500,0,0,0,0,0,0,0,0,0,0,0,0,164.2908,166.15348571428572,7,a65b68914ed795ad7f0b7abda6fce0cc64045f6f,3.13.14
5.0,single_fault_control,null_key,10000,6521,0.05,0.5,0.5,S1_minimal,0,500,0,0,500,474,0,1,0,500,26,500,9500,10000,500,10000,0,0,0,0,0,1,0.948,0.0,0.0,0.052,0.95,0.05,0.0,0,0,0,500,500,500,0,0,0,0,0,0,0,0,0,155.7042,157.53665714285714,7,a65b68914ed795ad7f0b7abda6fce0cc64045f6f,3.13.14
5.0,single_fault_control,null_key,10000,6521,0.05,0.5,0.5,S2_temporal,0,500,0,0,500,474,0,1,0,500,26,500,9500,10000,500,10000,0,0,0,0,0,1,0.948,0.0,0.0,0.052,0.95,0.05,0.0,0,0,0,500,500,500,0,0,0,0,0,0,0,0,0,156.9827,157.05195714285713,7,a65b68914ed795ad7f0b7abda6fce0cc64045f6f,3.13.14
5.0,single_fault_control,null_key,10000,6521,0.05,0.5,0.5,S3_recovery,0,500,0,0,500,474,0,1,0,500,26,500,9500,10000,500,10000,0,0,0,0,0,1,0.948,0.0,0.0,0.052,0.95,0.05,0.0,0,0,0,500,500,500,0,0,0,0,0,0,0,0,0,157.5683,157.99772857142858,7,a65b68914ed795ad7f0b7abda6fce0cc64045f6f,3.13.14
5.0,single_fault_control,null_key,10000,6521,0.05,0.5,0.5,S4_full,0,500,0,0,500,474,0,1,0,500,26,500,9500,10000,500,10000,0,0,0,0,0,1,0.948,0.0,0.0,0.052,0.95,0.05,0.0,0,0,0,500,500,500,0,0,0,0,0,0,0,0,0,161.0411,160.6980142857143,7,a65b68914ed795ad7f0b7abda6fce0cc64045f6f,3.13.14
5.0,single_fault_control,late,10000,6521,0.05,0.5,0.5,S1_minimal,0,0,500,0,500,200,0,1,0,1,300,500,10000,10000,0,10000,0,0,0,0,0,1,0.4,0.0,0.0,0.6,1.0,0.0,0.0,0,0,0,0,0,0,500,0,0,0,0,0,0,0,0,162.2843,163.0263857142857,7,a65b68914ed795ad7f0b7abda6fce0cc64045f6f,3.13.14
5.0,single_fault_control,late,10000,6521,0.05,0.5,0.5,S2_temporal,0,0,500,0,500,500,0,1,0,1,0,500,10000,10000,0,10000,0,0,0,0,0,1,1.0,0.0,0.0,0.0,1.0,0.0,0.0,0,0,0,0,0,0,500,0,0,0,0,0,0,0,0,162.0661,161.9129142857143,7,a65b68914ed795ad7f0b7abda6fce0cc64045f6f,3.13.14
5.0,single_fault_control,late,10000,6521,0.05,0.5,0.5,S3_recovery,0,0,500,0,500,200,0,1,0,1,300,500,10000,10000,0,10000,0,0,0,0,0,1,0.4,0.0,0.0,0.6,1.0,0.0,0.0,0,0,0,0,0,0,500,0,0,0,0,0,0,0,0,161.6942,162.4635,7,a65b68914ed795ad7f0b7abda6fce0cc64045f6f,3.13.14
5.0,single_fault_control,late,10000,6521,0.05,0.5,0.5,S4_full,0,0,500,0,500,500,0,1,0,1,0,500,10000,10000,0,10000,0,0,0,0,0,1,1.0,0.0,0.0,0.0,1.0,0.0,0.0,0,0,0,0,0,0,500,0,0,0,0,0,0,0,0,161.4693,161.5566,7,a65b68914ed795ad7f0b7abda6fce0cc64045f6f,3.13.14
5.0,single_fault_control,conflict,10000,6521,0.05,0.5,0.5,S1_minimal,0,0,0,25,500,475,0,1,0,1,25,500,10000,10000,0,10000,0,0,0,0,0,1,0.95,0.0,0.0,0.05,1.0,0.0,0.0,0,0,0,0,0,0,0,0,0,25,0,0,0,0,0,162.1529,161.69157142857142,7,a65b68914ed795ad7f0b7abda6fce0cc64045f6f,3.13.14
5.0,single_fault_control,conflict,10000,6521,0.05,0.5,0.5,S2_temporal,0,0,0,25,500,500,0,1,0,1,0,500,10000,10000,0,10000,0,0,0,0,0,1,1.0,0.0,0.0,0.0,1.0,0.0,0.0,0,0,0,0,0,0,0,0,0,25,0,0,0,0,0,163.2778,163.41854285714285,7,a65b68914ed795ad7f0b7abda6fce0cc64045f6f,3.13.14
5.0,single_fault_control,conflict,10000,6521,0.05,0.5,0.5,S3_recovery,0,0,0,25,500,475,0,1,0,1,25,500,10000,10000,0,10000,0,0,0,0,0,1,0.95,0.0,0.0,0.05,1.0,0.0,0.0,0,0,0,0,0,0,0,0,0,25,0,0,0,0,0,162.6619,161.8114857142857,7,a65b68914ed795ad7f0b7abda6fce0cc64045f6f,3.13.14
5.0,single_fault_control,conflict,10000,6521,0.05,0.5,0.5,S4_full,0,0,0,25,500,500,0,1,0,1,0,500,10000,10000,0,10000,0,0,0,0,0,1,1.0,0.0,0.0,0.0,1.0,0.0,0.0,0,0,0,0,0,0,0,0,0,25,0,0,0,0,0,161.2664,161.61301428571429,7,a65b68914ed795ad7f0b7abda6fce0cc64045f6f,3.13.14
5.0,single_fault_control,recovery,10000,6521,0.5,0.5,0.5,S1_minimal,0,0,0,0,500,500,2500,2500,0,1,0,500,10000,10000,0,10000,2500,2500,0,2500,2500,2500,1.0,1.0,0.0,0.0,1.0,0.0,1.0,0,0,0,0,0,0,0,0,0,0,0,0,2500,2500,0,277.0976,276.2631714285714,7,a65b68914ed795ad7f0b7abda6fce0cc64045f6f,3.13.14
5.0,single_fault_control,recovery,10000,6521,0.5,0.5,0.5,S2_temporal,0,0,0,0,500,500,2500,2500,0,1,0,500,10000,10000,0,10000,2500,2500,0,2500,2500,2500,1.0,1.0,0.0,0.0,1.0,0.0,1.0,0,0,0,0,0,0,0,0,0,0,0,0,2500,2500,0,280.7299,279.6759,7,a65b68914ed795ad7f0b7abda6fce0cc64045f6f,3.13.14
5.0,single_fault_control,recovery,10000,6521,0.5,0.5,0.5,S3_recovery,0,0,0,0,500,500,0,2500,0,1,0,500,10000,10000,0,10000,2500,2500,2500,0,0,2500,1.0,0.0,0.0,0.0,1.0,0.0,0.0,0,0,0,0,0,0,0,0,0,0,0,0,2500,2500,2500,252.6149,252.6128,7,a65b68914ed795ad7f0b7abda6fce0cc64045f6f,3.13.14
5.0,single_fault_control,recovery,10000,6521,0.5,0.5,0.5,S4_full,0,0,0,0,500,500,0,2500,0,1,0,500,10000,10000,0,10000,2500,2500,2500,0,0,2500,1.0,0.0,0.0,0.0,1.0,0.0,0.0,0,0,0,0,0,0,0,0,0,0,0,0,2500,2500,2500,251.8894,252.82547142857143,7,a65b68914ed795ad7f0b7abda6fce0cc64045f6f,3.13.14
5.0,single_fault_control,duplicate,100000,1301,0.05,0.5,0.5,S1_minimal,5000,0,0,0,5000,5000,0,5000,0,1,0,5000,100000,100000,0,100000,0,0,0,0,0,1,1.0,0.0,0.0,0.0,1.0,0.0,0.0,5000,5000,5000,0,0,0,0,0,0,0,0,0,0,0,0,1693.0895,1711.0700714285715,7,a65b68914ed795ad7f0b7abda6fce0cc64045f6f,3.13.14
5.0,single_fault_control,duplicate,100000,1301,0.05,0.5,0.5,S2_temporal,5000,0,0,0,5000,5000,0,5000,0,1,0,5000,100000,100000,0,100000,0,0,0,0,0,1,1.0,0.0,0.0,0.0,1.0,0.0,0.0,5000,5000,5000,0,0,0,0,0,0,0,0,0,0,0,0,1680.7522,1685.0628,7,a65b68914ed795ad7f0b7abda6fce0cc64045f6f,3.13.14
5.0,single_fault_control,duplicate,100000,1301,0.05,0.5,0.5,S3_recovery,5000,0,0,0,5000,5000,0,5000,0,1,0,5000,100000,100000,0,100000,0,0,0,0,0,1,1.0,0.0,0.0,0.0,1.0,0.0,0.0,5000,5000,5000,0,0,0,0,0,0,0,0,0,0,0,0,1682.1704,1682.7359,7,a65b68914ed795ad7f0b7abda6fce0cc64045f6f,3.13.14
5.0,single_fault_control,duplicate,100000,1301,0.05,0.5,0.5,S4_full,5000,0,0,0,5000,5000,0,5000,0,1,0,5000,100000,100000,0,100000,0,0,0,0,0,1,1.0,0.0,0.0,0.0,1.0,0.0,0.0,5000,5000,5000,0,0,0,0,0,0,0,0,0,0,0,0,1687.5522,1687.744357142857,7,a65b68914ed795ad7f0b7abda6fce0cc64045f6f,3.13.14
5.0,single_fault_control,null_key,100000,1301,0.05,0.5,0.5,S1_minimal,0,5000,0,0,5000,4740,0,1,0,5000,260,5000,95000,100000,5000,100000,0,0,0,0,0,1,0.948,0.0,0.0,0.052,0.95,0.05,0.0,0,0,0,5000,5000,5000,0,0,0,0,0,0,0,0,0,1604.3788,1606.8348142857142,7,a65b68914ed795ad7f0b7abda6fce0cc64045f6f,3.13.14
5.0,single_fault_control,null_key,100000,1301,0.05,0.5,0.5,S2_temporal,0,5000,0,0,5000,4740,0,1,0,5000,260,5000,95000,100000,5000,100000,0,0,0,0,0,1,0.948,0.0,0.0,0.052,0.95,0.05,0.0,0,0,0,5000,5000,5000,0,0,0,0,0,0,0,0,0,1608.1207,1626.5758714285714,7,a65b68914ed795ad7f0b7abda6fce0cc64045f6f,3.13.14
5.0,single_fault_control,null_key,100000,1301,0.05,0.5,0.5,S3_recovery,0,5000,0,0,5000,4740,0,1,0,5000,260,5000,95000,100000,5000,100000,0,0,0,0,0,1,0.948,0.0,0.0,0.052,0.95,0.05,0.0,0,0,0,5000,5000,5000,0,0,0,0,0,0,0,0,0,1598.285,1599.5418142857143,7,a65b68914ed795ad7f0b7abda6fce0cc64045f6f,3.13.14
5.0,single_fault_control,null_key,100000,1301,0.05,0.5,0.5,S4_full,0,5000,0,0,5000,4740,0,1,0,5000,260,5000,95000,100000,5000,100000,0,0,0,0,0,1,0.948,0.0,0.0,0.052,0.95,0.05,0.0,0,0,0,5000,5000,5000,0,0,0,0,0,0,0,0,0,1606.113,1605.0807857142856,7,a65b68914ed795ad7f0b7abda6fce0cc64045f6f,3.13.14
5.0,single_fault_control,late,100000,1301,0.05,0.5,0.5,S1_minimal,0,0,5000,0,5000,2061,0,1,0,1,2939,5000,100000,100000,0,100000,0,0,0,0,0,1,0.4122,0.0,0.0,0.5878,1.0,0.0,0.0,0,0,0,0,0,0,5000,0,0,0,0,0,0,0,0,1652.5048,1657.4161,7,a65b68914ed795ad7f0b7abda6fce0cc64045f6f,3.13.14
5.0,single_fault_control,late,100000,1301,0.05,0.5,0.5,S2_temporal,0,0,5000,0,5000,5000,0,1,0,1,0,5000,100000,100000,0,100000,0,0,0,0,0,1,1.0,0.0,0.0,0.0,1.0,0.0,0.0,0,0,0,0,0,0,5000,0,0,0,0,0,0,0,0,1659.0965,1659.1134857142856,7,a65b68914ed795ad7f0b7abda6fce0cc64045f6f,3.13.14
5.0,single_fault_control,late,100000,1301,0.05,0.5,0.5,S3_recovery,0,0,5000,0,5000,2061,0,1,0,1,2939,5000,100000,100000,0,100000,0,0,0,0,0,1,0.4122,0.0,0.0,0.5878,1.0,0.0,0.0,0,0,0,0,0,0,5000,0,0,0,0,0,0,0,0,1662.9384,1679.1762142857142,7,a65b68914ed795ad7f0b7abda6fce0cc64045f6f,3.13.14
5.0,single_fault_control,late,100000,1301,0.05,0.5,0.5,S4_full,0,0,5000,0,5000,5000,0,1,0,1,0,5000,100000,100000,0,100000,0,0,0,0,0,1,1.0,0.0,0.0,0.0,1.0,0.0,0.0,0,0,0,0,0,0,5000,0,0,0,0,0,0,0,0,1656.1074,1656.777,7,a65b68914ed795ad7f0b7abda6fce0cc64045f6f,3.13.14
5.0,single_fault_control,conflict,100000,1301,0.05,0.5,0.5,S1_minimal,0,0,0,250,5000,4750,0,1,0,1,250,5000,100000,100000,0,100000,0,0,0,0,0,1,0.95,0.0,0.0,0.05,1.0,0.0,0.0,0,0,0,0,0,0,0,0,0,250,0,0,0,0,0,1634.4397,1636.7066142857143,7,a65b68914ed795ad7f0b7abda6fce0cc64045f6f,3.13.14
5.0,single_fault_control,conflict,100000,1301,0.05,0.5,0.5,S2_temporal,0,0,0,250,5000,5000,0,1,0,1,0,5000,100000,100000,0,100000,0,0,0,0,0,1,1.0,0.0,0.0,0.0,1.0,0.0,0.0,0,0,0,0,0,0,0,0,0,250,0,0,0,0,0,1654.7841,1650.5235428571427,7,a65b68914ed795ad7f0b7abda6fce0cc64045f6f,3.13.14
5.0,single_fault_control,conflict,100000,1301,0.05,0.5,0.5,S3_recovery,0,0,0,250,5000,4750,0,1,0,1,250,5000,100000,100000,0,100000,0,0,0,0,0,1,0.95,0.0,0.0,0.05,1.0,0.0,0.0,0,0,0,0,0,0,0,0,0,250,0,0,0,0,0,1644.3732,1645.807242857143,7,a65b68914ed795ad7f0b7abda6fce0cc64045f6f,3.13.14
5.0,single_fault_control,conflict,100000,1301,0.05,0.5,0.5,S4_full,0,0,0,250,5000,5000,0,1,0,1,0,5000,100000,100000,0,100000,0,0,0,0,0,1,1.0,0.0,0.0,0.0,1.0,0.0,0.0,0,0,0,0,0,0,0,0,0,250,0,0,0,0,0,1656.9838,1674.5419285714286,7,a65b68914ed795ad7f0b7abda6fce0cc64045f6f,3.13.14
5.0,single_fault_control,recovery,100000,1301,0.5,0.5,0.5,S1_minimal,0,0,0,0,5000,5000,25000,25000,0,1,0,5000,100000,100000,0,100000,25000,25000,0,25000,25000,25000,1.0,1.0,0.0,0.0,1.0,0.0,1.0,0,0,0,0,0,0,0,0,0,0,0,0,25000,25000,0,2874.0105,2867.6087714285713,7,a65b68914ed795ad7f0b7abda6fce0cc64045f6f,3.13.14
5.0,single_fault_control,recovery,100000,1301,0.5,0.5,0.5,S2_temporal,0,0,0,0,5000,5000,25000,25000,0,1,0,5000,100000,100000,0,100000,25000,25000,0,25000,25000,25000,1.0,1.0,0.0,0.0,1.0,0.0,1.0,0,0,0,0,0,0,0,0,0,0,0,0,25000,25000,0,2866.3758,2894.9691857142857,7,a65b68914ed795ad7f0b7abda6fce0cc64045f6f,3.13.14
5.0,single_fault_control,recovery,100000,1301,0.5,0.5,0.5,S3_recovery,0,0,0,0,5000,5000,0,25000,0,1,0,5000,100000,100000,0,100000,25000,25000,25000,0,0,25000,1.0,0.0,0.0,0.0,1.0,0.0,0.0,0,0,0,0,0,0,0,0,0,0,0,0,25000,25000,25000,2601.8379,2615.2655714285715,7,a65b68914ed795ad7f0b7abda6fce0cc64045f6f,3.13.14
5.0,single_fault_control,recovery,100000,1301,0.5,0.5,0.5,S4_full,0,0,0,0,5000,5000,0,25000,0,1,0,5000,100000,100000,0,100000,25000,25000,25000,0,0,25000,1.0,0.0,0.0,0.0,1.0,0.0,0.0,0,0,0,0,0,0,0,0,0,0,0,0,25000,25000,25000,2627.3759,2627.1258428571427,7,a65b68914ed795ad7f0b7abda6fce0cc64045f6f,3.13.14
5.0,single_fault_control,duplicate,100000,2609,0.05,0.5,0.5,S1_minimal,5000,0,0,0,5000,5000,0,5000,0,1,0,5000,100000,100000,0,100000,0,0,0,0,0,1,1.0,0.0,0.0,0.0,1.0,0.0,0.0,5000,5000,5000,0,0,0,0,0,0,0,0,0,0,0,0,1686.9349,1693.9362428571428,7,a65b68914ed795ad7f0b7abda6fce0cc64045f6f,3.13.14
5.0,single_fault_control,duplicate,100000,2609,0.05,0.5,0.5,S2_temporal,5000,0,0,0,5000,5000,0,5000,0,1,0,5000,100000,100000,0,100000,0,0,0,0,0,1,1.0,0.0,0.0,0.0,1.0,0.0,0.0,5000,5000,5000,0,0,0,0,0,0,0,0,0,0,0,0,1681.6607,1682.9891,7,a65b68914ed795ad7f0b7abda6fce0cc64045f6f,3.13.14
5.0,single_fault_control,duplicate,100000,2609,0.05,0.5,0.5,S3_recovery,5000,0,0,0,5000,5000,0,5000,0,1,0,5000,100000,100000,0,100000,0,0,0,0,0,1,1.0,0.0,0.0,0.0,1.0,0.0,0.0,5000,5000,5000,0,0,0,0,0,0,0,0,0,0,0,0,1941.4877,1930.3915714285715,7,a65b68914ed795ad7f0b7abda6fce0cc64045f6f,3.13.14
5.0,single_fault_control,duplicate,100000,2609,0.05,0.5,0.5,S4_full,5000,0,0,0,5000,5000,0,5000,0,1,0,5000,100000,100000,0,100000,0,0,0,0,0,1,1.0,0.0,0.0,0.0,1.0,0.0,0.0,5000,5000,5000,0,0,0,0,0,0,0,0,0,0,0,0,1819.0392,1984.3310142857142,7,a65b68914ed795ad7f0b7abda6fce0cc64045f6f,3.13.14
5.0,single_fault_control,null_key,100000,2609,0.05,0.5,0.5,S1_minimal,0,5000,0,0,5000,4760,0,1,0,5000,240,5000,95000,100000,5000,100000,0,0,0,0,0,1,0.952,0.0,0.0,0.048,0.95,0.05,0.0,0,0,0,5000,5000,5000,0,0,0,0,0,0,0,0,0,1625.9345,1632.2510857142856,7,a65b68914ed795ad7f0b7abda6fce0cc64045f6f,3.13.14
5.0,single_fault_control,null_key,100000,2609,0.05,0.5,0.5,S2_temporal,0,5000,0,0,5000,4760,0,1,0,5000,240,5000,95000,100000,5000,100000,0,0,0,0,0,1,0.952,0.0,0.0,0.048,0.95,0.05,0.0,0,0,0,5000,5000,5000,0,0,0,0,0,0,0,0,0,1627.0677,1627.0277714285714,7,a65b68914ed795ad7f0b7abda6fce0cc64045f6f,3.13.14
5.0,single_fault_control,null_key,100000,2609,0.05,0.5,0.5,S3_recovery,0,5000,0,0,5000,4760,0,1,0,5000,240,5000,95000,100000,5000,100000,0,0,0,0,0,1,0.952,0.0,0.0,0.048,0.95,0.05,0.0,0,0,0,5000,5000,5000,0,0,0,0,0,0,0,0,0,1613.6148,1616.8098285714286,7,a65b68914ed795ad7f0b7abda6fce0cc64045f6f,3.13.14
5.0,single_fault_control,null_key,100000,2609,0.05,0.5,0.5,S4_full,0,5000,0,0,5000,4760,0,1,0,5000,240,5000,95000,100000,5000,100000,0,0,0,0,0,1,0.952,0.0,0.0,0.048,0.95,0.05,0.0,0,0,0,5000,5000,5000,0,0,0,0,0,0,0,0,0,1637.3093,1649.8888285714286,7,a65b68914ed795ad7f0b7abda6fce0cc64045f6f,3.13.14
5.0,single_fault_control,late,100000,2609,0.05,0.5,0.5,S1_minimal,0,0,5000,0,5000,2042,0,1,0,1,2958,5000,100000,100000,0,100000,0,0,0,0,0,1,0.4084,0.0,0.0,0.5916,1.0,0.0,0.0,0,0,0,0,0,0,5000,0,0,0,0,0,0,0,0,1670.1013,1676.7913857142858,7,a65b68914ed795ad7f0b7abda6fce0cc64045f6f,3.13.14
5.0,single_fault_control,late,100000,2609,0.05,0.5,0.5,S2_temporal,0,0,5000,0,5000,5000,0,1,0,1,0,5000,100000,100000,0,100000,0,0,0,0,0,1,1.0,0.0,0.0,0.0,1.0,0.0,0.0,0,0,0,0,0,0,5000,0,0,0,0,0,0,0,0,1671.7421,1695.8977142857143,7,a65b68914ed795ad7f0b7abda6fce0cc64045f6f,3.13.14
5.0,single_fault_control,late,100000,2609,0.05,0.5,0.5,S3_recovery,0,0,5000,0,5000,2042,0,1,0,1,2958,5000,100000,100000,0,100000,0,0,0,0,0,1,0.4084,0.0,0.0,0.5916,1.0,0.0,0.0,0,0,0,0,0,0,5000,0,0,0,0,0,0,0,0,1664.2296,1666.8920142857144,7,a65b68914ed795ad7f0b7abda6fce0cc64045f6f,3.13.14
5.0,single_fault_control,late,100000,2609,0.05,0.5,0.5,S4_full,0,0,5000,0,5000,5000,0,1,0,1,0,5000,100000,100000,0,100000,0,0,0,0,0,1,1.0,0.0,0.0,0.0,1.0,0.0,0.0,0,0,0,0,0,0,5000,0,0,0,0,0,0,0,0,1664.3554,1693.4878285714285,7,a65b68914ed795ad7f0b7abda6fce0cc64045f6f,3.13.14
5.0,single_fault_control,conflict,100000,2609,0.05,0.5,0.5,S1_minimal,0,0,0,250,5000,4750,0,1,0,1,250,5000,100000,100000,0,100000,0,0,0,0,0,1,0.95,0.0,0.0,0.05,1.0,0.0,0.0,0,0,0,0,0,0,0,0,0,250,0,0,0,0,0,1657.0354,1671.9842714285714,7,a65b68914ed795ad7f0b7abda6fce0cc64045f6f,3.13.14
5.0,single_fault_control,conflict,100000,2609,0.05,0.5,0.5,S2_temporal,0,0,0,250,5000,5000,0,1,0,1,0,5000,100000,100000,0,100000,0,0,0,0,0,1,1.0,0.0,0.0,0.0,1.0,0.0,0.0,0,0,0,0,0,0,0,0,0,250,0,0,0,0,0,1666.3836,1665.3974285714287,7,a65b68914ed795ad7f0b7abda6fce0cc64045f6f,3.13.14
5.0,single_fault_control,conflict,100000,2609,0.05,0.5,0.5,S3_recovery,0,0,0,250,5000,4750,0,1,0,1,250,5000,100000,100000,0,100000,0,0,0,0,0,1,0.95,0.0,0.0,0.05,1.0,0.0,0.0,0,0,0,0,0,0,0,0,0,250,0,0,0,0,0,1643.2487,1642.8426571428572,7,a65b68914ed795ad7f0b7abda6fce0cc64045f6f,3.13.14
5.0,single_fault_control,conflict,100000,2609,0.05,0.5,0.5,S4_full,0,0,0,250,5000,5000,0,1,0,1,0,5000,100000,100000,0,100000,0,0,0,0,0,1,1.0,0.0,0.0,0.0,1.0,0.0,0.0,0,0,0,0,0,0,0,0,0,250,0,0,0,0,0,1655.875,1660.4804,7,a65b68914ed795ad7f0b7abda6fce0cc64045f6f,3.13.14
5.0,single_fault_control,recovery,100000,2609,0.5,0.5,0.5,S1_minimal,0,0,0,0,5000,5000,25000,25000,0,1,0,5000,100000,100000,0,100000,25000,25000,0,25000,25000,25000,1.0,1.0,0.0,0.0,1.0,0.0,1.0,0,0,0,0,0,0,0,0,0,0,0,0,25000,25000,0,2881.7736,2891.672285714286,7,a65b68914ed795ad7f0b7abda6fce0cc64045f6f,3.13.14
5.0,single_fault_control,recovery,100000,2609,0.5,0.5,0.5,S2_temporal,0,0,0,0,5000,5000,25000,25000,0,1,0,5000,100000,100000,0,100000,25000,25000,0,25000,25000,25000,1.0,1.0,0.0,0.0,1.0,0.0,1.0,0,0,0,0,0,0,0,0,0,0,0,0,25000,25000,0,2890.5306,2911.3903999999998,7,a65b68914ed795ad7f0b7abda6fce0cc64045f6f,3.13.14
5.0,single_fault_control,recovery,100000,2609,0.5,0.5,0.5,S3_recovery,0,0,0,0,5000,5000,0,25000,0,1,0,5000,100000,100000,0,100000,25000,25000,25000,0,0,25000,1.0,0.0,0.0,0.0,1.0,0.0,0.0,0,0,0,0,0,0,0,0,0,0,0,0,25000,25000,25000,2614.2656,2606.4992428571427,7,a65b68914ed795ad7f0b7abda6fce0cc64045f6f,3.13.14
5.0,single_fault_control,recovery,100000,2609,0.5,0.5,0.5,S4_full,0,0,0,0,5000,5000,0,25000,0,1,0,5000,100000,100000,0,100000,25000,25000,25000,0,0,25000,1.0,0.0,0.0,0.0,1.0,0.0,0.0,0,0,0,0,0,0,0,0,0,0,0,0,25000,25000,25000,2640.514,2649.084842857143,7,a65b68914ed795ad7f0b7abda6fce0cc64045f6f,3.13.14
5.0,single_fault_control,duplicate,100000,3911,0.05,0.5,0.5,S1_minimal,5000,0,0,0,5000,5000,0,5000,0,1,0,5000,100000,100000,0,100000,0,0,0,0,0,1,1.0,0.0,0.0,0.0,1.0,0.0,0.0,5000,5000,5000,0,0,0,0,0,0,0,0,0,0,0,0,1700.1365,1702.3572571428572,7,a65b68914ed795ad7f0b7abda6fce0cc64045f6f,3.13.14
5.0,single_fault_control,duplicate,100000,3911,0.05,0.5,0.5,S2_temporal,5000,0,0,0,5000,5000,0,5000,0,1,0,5000,100000,100000,0,100000,0,0,0,0,0,1,1.0,0.0,0.0,0.0,1.0,0.0,0.0,5000,5000,5000,0,0,0,0,0,0,0,0,0,0,0,0,1710.8114,1711.0470714285714,7,a65b68914ed795ad7f0b7abda6fce0cc64045f6f,3.13.14
5.0,single_fault_control,duplicate,100000,3911,0.05,0.5,0.5,S3_recovery,5000,0,0,0,5000,5000,0,5000,0,1,0,5000,100000,100000,0,100000,0,0,0,0,0,1,1.0,0.0,0.0,0.0,1.0,0.0,0.0,5000,5000,5000,0,0,0,0,0,0,0,0,0,0,0,0,1703.6128,1695.1354714285715,7,a65b68914ed795ad7f0b7abda6fce0cc64045f6f,3.13.14
5.0,single_fault_control,duplicate,100000,3911,0.05,0.5,0.5,S4_full,5000,0,0,0,5000,5000,0,5000,0,1,0,5000,100000,100000,0,100000,0,0,0,0,0,1,1.0,0.0,0.0,0.0,1.0,0.0,0.0,5000,5000,5000,0,0,0,0,0,0,0,0,0,0,0,0,1708.4597,1711.073442857143,7,a65b68914ed795ad7f0b7abda6fce0cc64045f6f,3.13.14
5.0,single_fault_control,null_key,100000,3911,0.05,0.5,0.5,S1_minimal,0,5000,0,0,5000,4748,0,1,0,5000,252,5000,95000,100000,5000,100000,0,0,0,0,0,1,0.9496,0.0,0.0,0.0504,0.95,0.05,0.0,0,0,0,5000,5000,5000,0,0,0,0,0,0,0,0,0,1630.2382,1639.2639714285715,7,a65b68914ed795ad7f0b7abda6fce0cc64045f6f,3.13.14
5.0,single_fault_control,null_key,100000,3911,0.05,0.5,0.5,S2_temporal,0,5000,0,0,5000,4748,0,1,0,5000,252,5000,95000,100000,5000,100000,0,0,0,0,0,1,0.9496,0.0,0.0,0.0504,0.95,0.05,0.0,0,0,0,5000,5000,5000,0,0,0,0,0,0,0,0,0,1629.9286,1630.5545714285713,7,a65b68914ed795ad7f0b7abda6fce0cc64045f6f,3.13.14
5.0,single_fault_control,null_key,100000,3911,0.05,0.5,0.5,S3_recovery,0,5000,0,0,5000,4748,0,1,0,5000,252,5000,95000,100000,5000,100000,0,0,0,0,0,1,0.9496,0.0,0.0,0.0504,0.95,0.05,0.0,0,0,0,5000,5000,5000,0,0,0,0,0,0,0,0,0,1617.2062,1619.0112,7,a65b68914ed795ad7f0b7abda6fce0cc64045f6f,3.13.14
5.0,single_fault_control,null_key,100000,3911,0.05,0.5,0.5,S4_full,0,5000,0,0,5000,4748,0,1,0,5000,252,5000,95000,100000,5000,100000,0,0,0,0,0,1,0.9496,0.0,0.0,0.0504,0.95,0.05,0.0,0,0,0,5000,5000,5000,0,0,0,0,0,0,0,0,0,1636.301,1648.2422428571429,7,a65b68914ed795ad7f0b7abda6fce0cc64045f6f,3.13.14
5.0,single_fault_control,late,100000,3911,0.05,0.5,0.5,S1_minimal,0,0,5000,0,5000,2066,0,1,0,1,2934,5000,100000,100000,0,100000,0,0,0,0,0,1,0.4132,0.0,0.0,0.5868,1.0,0.0,0.0,0,0,0,0,0,0,5000,0,0,0,0,0,0,0,0,1656.7622,1660.7850285714285,7,a65b68914ed795ad7f0b7abda6fce0cc64045f6f,3.13.14
5.0,single_fault_control,late,100000,3911,0.05,0.5,0.5,S2_temporal,0,0,5000,0,5000,5000,0,1,0,1,0,5000,100000,100000,0,100000,0,0,0,0,0,1,1.0,0.0,0.0,0.0,1.0,0.0,0.0,0,0,0,0,0,0,5000,0,0,0,0,0,0,0,0,1673.3386,1682.2240142857142,7,a65b68914ed795ad7f0b7abda6fce0cc64045f6f,3.13.14
5.0,single_fault_control,late,100000,3911,0.05,0.5,0.5,S3_recovery,0,0,5000,0,5000,2066,0,1,0,1,2934,5000,100000,100000,0,100000,0,0,0,0,0,1,0.4132,0.0,0.0,0.5868,1.0,0.0,0.0,0,0,0,0,0,0,5000,0,0,0,0,0,0,0,0,1662.8989,1674.8361428571427,7,a65b68914ed795ad7f0b7abda6fce0cc64045f6f,3.13.14
5.0,single_fault_control,late,100000,3911,0.05,0.5,0.5,S4_full,0,0,5000,0,5000,5000,0,1,0,1,0,5000,100000,100000,0,100000,0,0,0,0,0,1,1.0,0.0,0.0,0.0,1.0,0.0,0.0,0,0,0,0,0,0,5000,0,0,0,0,0,0,0,0,1666.6463,1667.3116285714286,7,a65b68914ed795ad7f0b7abda6fce0cc64045f6f,3.13.14
5.0,single_fault_control,conflict,100000,3911,0.05,0.5,0.5,S1_minimal,0,0,0,250,5000,4750,0,1,0,1,250,5000,100000,100000,0,100000,0,0,0,0,0,1,0.95,0.0,0.0,0.05,1.0,0.0,0.0,0,0,0,0,0,0,0,0,0,250,0,0,0,0,0,1664.3286,1661.8925857142858,7,a65b68914ed795ad7f0b7abda6fce0cc64045f6f,3.13.14
5.0,single_fault_control,conflict,100000,3911,0.05,0.5,0.5,S2_temporal,0,0,0,250,5000,5000,0,1,0,1,0,5000,100000,100000,0,100000,0,0,0,0,0,1,1.0,0.0,0.0,0.0,1.0,0.0,0.0,0,0,0,0,0,0,0,0,0,250,0,0,0,0,0,1681.3568,1689.4829285714286,7,a65b68914ed795ad7f0b7abda6fce0cc64045f6f,3.13.14
5.0,single_fault_control,conflict,100000,3911,0.05,0.5,0.5,S3_recovery,0,0,0,250,5000,4750,0,1,0,1,250,5000,100000,100000,0,100000,0,0,0,0,0,1,0.95,0.0,0.0,0.05,1.0,0.0,0.0,0,0,0,0,0,0,0,0,0,250,0,0,0,0,0,1671.0123,1683.8101571428572,7,a65b68914ed795ad7f0b7abda6fce0cc64045f6f,3.13.14
5.0,single_fault_control,conflict,100000,3911,0.05,0.5,0.5,S4_full,0,0,0,250,5000,5000,0,1,0,1,0,5000,100000,100000,0,100000,0,0,0,0,0,1,1.0,0.0,0.0,0.0,1.0,0.0,0.0,0,0,0,0,0,0,0,0,0,250,0,0,0,0,0,1680.2983,1683.1813714285713,7,a65b68914ed795ad7f0b7abda6fce0cc64045f6f,3.13.14
5.0,single_fault_control,recovery,100000,3911,0.5,0.5,0.5,S1_minimal,0,0,0,0,5000,5000,25000,25000,0,1,0,5000,100000,100000,0,100000,25000,25000,0,25000,25000,25000,1.0,1.0,0.0,0.0,1.0,0.0,1.0,0,0,0,0,0,0,0,0,0,0,0,0,25000,25000,0,2889.0563,2895.9256571428573,7,a65b68914ed795ad7f0b7abda6fce0cc64045f6f,3.13.14
5.0,single_fault_control,recovery,100000,3911,0.5,0.5,0.5,S2_temporal,0,0,0,0,5000,5000,25000,25000,0,1,0,5000,100000,100000,0,100000,25000,25000,0,25000,25000,25000,1.0,1.0,0.0,0.0,1.0,0.0,1.0,0,0,0,0,0,0,0,0,0,0,0,0,25000,25000,0,2919.3103,2917.662014285714,7,a65b68914ed795ad7f0b7abda6fce0cc64045f6f,3.13.14
5.0,single_fault_control,recovery,100000,3911,0.5,0.5,0.5,S3_recovery,0,0,0,0,5000,5000,0,25000,0,1,0,5000,100000,100000,0,100000,25000,25000,25000,0,0,25000,1.0,0.0,0.0,0.0,1.0,0.0,0.0,0,0,0,0,0,0,0,0,0,0,0,0,25000,25000,25000,2641.1882,2662.201357142857,7,a65b68914ed795ad7f0b7abda6fce0cc64045f6f,3.13.14
5.0,single_fault_control,recovery,100000,3911,0.5,0.5,0.5,S4_full,0,0,0,0,5000,5000,0,25000,0,1,0,5000,100000,100000,0,100000,25000,25000,25000,0,0,25000,1.0,0.0,0.0,0.0,1.0,0.0,0.0,0,0,0,0,0,0,0,0,0,0,0,0,25000,25000,25000,2646.3439,2639.7446571428572,7,a65b68914ed795ad7f0b7abda6fce0cc64045f6f,3.13.14
5.0,single_fault_control,duplicate,100000,5209,0.05,0.5,0.5,S1_minimal,5000,0,0,0,5000,5000,0,5000,0,1,0,5000,100000,100000,0,100000,0,0,0,0,0,1,1.0,0.0,0.0,0.0,1.0,0.0,0.0,5000,5000,5000,0,0,0,0,0,0,0,0,0,0,0,0,1711.6757,1723.7992571428572,7,a65b68914ed795ad7f0b7abda6fce0cc64045f6f,3.13.14
5.0,single_fault_control,duplicate,100000,5209,0.05,0.5,0.5,S2_temporal,5000,0,0,0,5000,5000,0,5000,0,1,0,5000,100000,100000,0,100000,0,0,0,0,0,1,1.0,0.0,0.0,0.0,1.0,0.0,0.0,5000,5000,5000,0,0,0,0,0,0,0,0,0,0,0,0,1710.506,1711.6029142857144,7,a65b68914ed795ad7f0b7abda6fce0cc64045f6f,3.13.14
5.0,single_fault_control,duplicate,100000,5209,0.05,0.5,0.5,S3_recovery,5000,0,0,0,5000,5000,0,5000,0,1,0,5000,100000,100000,0,100000,0,0,0,0,0,1,1.0,0.0,0.0,0.0,1.0,0.0,0.0,5000,5000,5000,0,0,0,0,0,0,0,0,0,0,0,0,1707.5727,1789.702242857143,7,a65b68914ed795ad7f0b7abda6fce0cc64045f6f,3.13.14
5.0,single_fault_control,duplicate,100000,5209,0.05,0.5,0.5,S4_full,5000,0,0,0,5000,5000,0,5000,0,1,0,5000,100000,100000,0,100000,0,0,0,0,0,1,1.0,0.0,0.0,0.0,1.0,0.0,0.0,5000,5000,5000,0,0,0,0,0,0,0,0,0,0,0,0,1724.6871,1722.8199714285715,7,a65b68914ed795ad7f0b7abda6fce0cc64045f6f,3.13.14
5.0,single_fault_control,null_key,100000,5209,0.05,0.5,0.5,S1_minimal,0,5000,0,0,5000,4754,0,1,0,5000,246,5000,95000,100000,5000,100000,0,0,0,0,0,1,0.9508,0.0,0.0,0.0492,0.95,0.05,0.0,0,0,0,5000,5000,5000,0,0,0,0,0,0,0,0,0,1632.3256,1628.2522571428572,7,a65b68914ed795ad7f0b7abda6fce0cc64045f6f,3.13.14
5.0,single_fault_control,null_key,100000,5209,0.05,0.5,0.5,S2_temporal,0,5000,0,0,5000,4754,0,1,0,5000,246,5000,95000,100000,5000,100000,0,0,0,0,0,1,0.9508,0.0,0.0,0.0492,0.95,0.05,0.0,0,0,0,5000,5000,5000,0,0,0,0,0,0,0,0,0,1636.0001,1643.4147714285714,7,a65b68914ed795ad7f0b7abda6fce0cc64045f6f,3.13.14
5.0,single_fault_control,null_key,100000,5209,0.05,0.5,0.5,S3_recovery,0,5000,0,0,5000,4754,0,1,0,5000,246,5000,95000,100000,5000,100000,0,0,0,0,0,1,0.9508,0.0,0.0,0.0492,0.95,0.05,0.0,0,0,0,5000,5000,5000,0,0,0,0,0,0,0,0,0,1614.9042,1617.551642857143,7,a65b68914ed795ad7f0b7abda6fce0cc64045f6f,3.13.14
5.0,single_fault_control,null_key,100000,5209,0.05,0.5,0.5,S4_full,0,5000,0,0,5000,4754,0,1,0,5000,246,5000,95000,100000,5000,100000,0,0,0,0,0,1,0.9508,0.0,0.0,0.0492,0.95,0.05,0.0,0,0,0,5000,5000,5000,0,0,0,0,0,0,0,0,0,1646.4781,1662.5109285714286,7,a65b68914ed795ad7f0b7abda6fce0cc64045f6f,3.13.14
5.0,single_fault_control,late,100000,5209,0.05,0.5,0.5,S1_minimal,0,0,5000,0,5000,2035,0,1,0,1,2965,5000,100000,100000,0,100000,0,0,0,0,0,1,0.407,0.0,0.0,0.593,1.0,0.0,0.0,0,0,0,0,0,0,5000,0,0,0,0,0,0,0,0,1682.7409,1684.3820285714285,7,a65b68914ed795ad7f0b7abda6fce0cc64045f6f,3.13.14
5.0,single_fault_control,late,100000,5209,0.05,0.5,0.5,S2_temporal,0,0,5000,0,5000,5000,0,1,0,1,0,5000,100000,100000,0,100000,0,0,0,0,0,1,1.0,0.0,0.0,0.0,1.0,0.0,0.0,0,0,0,0,0,0,5000,0,0,0,0,0,0,0,0,1688.9195,1688.491742857143,7,a65b68914ed795ad7f0b7abda6fce0cc64045f6f,3.13.14
5.0,single_fault_control,late,100000,5209,0.05,0.5,0.5,S3_recovery,0,0,5000,0,5000,2035,0,1,0,1,2965,5000,100000,100000,0,100000,0,0,0,0,0,1,0.407,0.0,0.0,0.593,1.0,0.0,0.0,0,0,0,0,0,0,5000,0,0,0,0,0,0,0,0,1675.3655,1678.7261857142857,7,a65b68914ed795ad7f0b7abda6fce0cc64045f6f,3.13.14
5.0,single_fault_control,late,100000,5209,0.05,0.5,0.5,S4_full,0,0,5000,0,5000,5000,0,1,0,1,0,5000,100000,100000,0,100000,0,0,0,0,0,1,1.0,0.0,0.0,0.0,1.0,0.0,0.0,0,0,0,0,0,0,5000,0,0,0,0,0,0,0,0,1683.1276,1688.2645,7,a65b68914ed795ad7f0b7abda6fce0cc64045f6f,3.13.14
5.0,single_fault_control,conflict,100000,5209,0.05,0.5,0.5,S1_minimal,0,0,0,250,5000,4750,0,1,0,1,250,5000,100000,100000,0,100000,0,0,0,0,0,1,0.95,0.0,0.0,0.05,1.0,0.0,0.0,0,0,0,0,0,0,0,0,0,250,0,0,0,0,0,1679.7932,1688.7788857142857,7,a65b68914ed795ad7f0b7abda6fce0cc64045f6f,3.13.14
5.0,single_fault_control,conflict,100000,5209,0.05,0.5,0.5,S2_temporal,0,0,0,250,5000,5000,0,1,0,1,0,5000,100000,100000,0,100000,0,0,0,0,0,1,1.0,0.0,0.0,0.0,1.0,0.0,0.0,0,0,0,0,0,0,0,0,0,250,0,0,0,0,0,1683.2612,1680.2581714285714,7,a65b68914ed795ad7f0b7abda6fce0cc64045f6f,3.13.14
5.0,single_fault_control,conflict,100000,5209,0.05,0.5,0.5,S3_recovery,0,0,0,250,5000,4750,0,1,0,1,250,5000,100000,100000,0,100000,0,0,0,0,0,1,0.95,0.0,0.0,0.05,1.0,0.0,0.0,0,0,0,0,0,0,0,0,0,250,0,0,0,0,0,1665.8447,1666.5380857142857,7,a65b68914ed795ad7f0b7abda6fce0cc64045f6f,3.13.14
5.0,single_fault_control,conflict,100000,5209,0.05,0.5,0.5,S4_full,0,0,0,250,5000,5000,0,1,0,1,0,5000,100000,100000,0,100000,0,0,0,0,0,1,1.0,0.0,0.0,0.0,1.0,0.0,0.0,0,0,0,0,0,0,0,0,0,250,0,0,0,0,0,1684.1866,1695.6916142857142,7,a65b68914ed795ad7f0b7abda6fce0cc64045f6f,3.13.14
5.0,single_fault_control,recovery,100000,5209,0.5,0.5,0.5,S1_minimal,0,0,0,0,5000,5000,25000,25000,0,1,0,5000,100000,100000,0,100000,25000,25000,0,25000,25000,25000,1.0,1.0,0.0,0.0,1.0,0.0,1.0,0,0,0,0,0,0,0,0,0,0,0,0,25000,25000,0,2915.197,2918.8727,7,a65b68914ed795ad7f0b7abda6fce0cc64045f6f,3.13.14
5.0,single_fault_control,recovery,100000,5209,0.5,0.5,0.5,S2_temporal,0,0,0,0,5000,5000,25000,25000,0,1,0,5000,100000,100000,0,100000,25000,25000,0,25000,25000,25000,1.0,1.0,0.0,0.0,1.0,0.0,1.0,0,0,0,0,0,0,0,0,0,0,0,0,25000,25000,0,2897.0471,2900.5468,7,a65b68914ed795ad7f0b7abda6fce0cc64045f6f,3.13.14
5.0,single_fault_control,recovery,100000,5209,0.5,0.5,0.5,S3_recovery,0,0,0,0,5000,5000,0,25000,0,1,0,5000,100000,100000,0,100000,25000,25000,25000,0,0,25000,1.0,0.0,0.0,0.0,1.0,0.0,0.0,0,0,0,0,0,0,0,0,0,0,0,0,25000,25000,25000,2627.8083,2635.214385714286,7,a65b68914ed795ad7f0b7abda6fce0cc64045f6f,3.13.14
5.0,single_fault_control,recovery,100000,5209,0.5,0.5,0.5,S4_full,0,0,0,0,5000,5000,0,25000,0,1,0,5000,100000,100000,0,100000,25000,25000,25000,0,0,25000,1.0,0.0,0.0,0.0,1.0,0.0,0.0,0,0,0,0,0,0,0,0,0,0,0,0,25000,25000,25000,2657.3375,2675.4904,7,a65b68914ed795ad7f0b7abda6fce0cc64045f6f,3.13.14
5.0,single_fault_control,duplicate,100000,6521,0.05,0.5,0.5,S1_minimal,5000,0,0,0,5000,5000,0,5000,0,1,0,5000,100000,100000,0,100000,0,0,0,0,0,1,1.0,0.0,0.0,0.0,1.0,0.0,0.0,5000,5000,5000,0,0,0,0,0,0,0,0,0,0,0,0,1715.7063,1715.997257142857,7,a65b68914ed795ad7f0b7abda6fce0cc64045f6f,3.13.14
5.0,single_fault_control,duplicate,100000,6521,0.05,0.5,0.5,S2_temporal,5000,0,0,0,5000,5000,0,5000,0,1,0,5000,100000,100000,0,100000,0,0,0,0,0,1,1.0,0.0,0.0,0.0,1.0,0.0,0.0,5000,5000,5000,0,0,0,0,0,0,0,0,0,0,0,0,1721.3297,1727.396557142857,7,a65b68914ed795ad7f0b7abda6fce0cc64045f6f,3.13.14
5.0,single_fault_control,duplicate,100000,6521,0.05,0.5,0.5,S3_recovery,5000,0,0,0,5000,5000,0,5000,0,1,0,5000,100000,100000,0,100000,0,0,0,0,0,1,1.0,0.0,0.0,0.0,1.0,0.0,0.0,5000,5000,5000,0,0,0,0,0,0,0,0,0,0,0,0,1714.2792,1721.3544142857143,7,a65b68914ed795ad7f0b7abda6fce0cc64045f6f,3.13.14
5.0,single_fault_control,duplicate,100000,6521,0.05,0.5,0.5,S4_full,5000,0,0,0,5000,5000,0,5000,0,1,0,5000,100000,100000,0,100000,0,0,0,0,0,1,1.0,0.0,0.0,0.0,1.0,0.0,0.0,5000,5000,5000,0,0,0,0,0,0,0,0,0,0,0,0,1716.1312,1718.5910285714285,7,a65b68914ed795ad7f0b7abda6fce0cc64045f6f,3.13.14
5.0,single_fault_control,null_key,100000,6521,0.05,0.5,0.5,S1_minimal,0,5000,0,0,5000,4764,0,1,0,5000,236,5000,95000,100000,5000,100000,0,0,0,0,0,1,0.9528,0.0,0.0,0.0472,0.95,0.05,0.0,0,0,0,5000,5000,5000,0,0,0,0,0,0,0,0,0,1608.7541,1636.7255285714286,7,a65b68914ed795ad7f0b7abda6fce0cc64045f6f,3.13.14
5.0,single_fault_control,null_key,100000,6521,0.05,0.5,0.5,S2_temporal,0,5000,0,0,5000,4764,0,1,0,5000,236,5000,95000,100000,5000,100000,0,0,0,0,0,1,0.9528,0.0,0.0,0.0472,0.95,0.05,0.0,0,0,0,5000,5000,5000,0,0,0,0,0,0,0,0,0,1632.3368,1633.7391,7,a65b68914ed795ad7f0b7abda6fce0cc64045f6f,3.13.14
5.0,single_fault_control,null_key,100000,6521,0.05,0.5,0.5,S3_recovery,0,5000,0,0,5000,4764,0,1,0,5000,236,5000,95000,100000,5000,100000,0,0,0,0,0,1,0.9528,0.0,0.0,0.0472,0.95,0.05,0.0,0,0,0,5000,5000,5000,0,0,0,0,0,0,0,0,0,1619.1399,1620.8155285714286,7,a65b68914ed795ad7f0b7abda6fce0cc64045f6f,3.13.14
5.0,single_fault_control,null_key,100000,6521,0.05,0.5,0.5,S4_full,0,5000,0,0,5000,4764,0,1,0,5000,236,5000,95000,100000,5000,100000,0,0,0,0,0,1,0.9528,0.0,0.0,0.0472,0.95,0.05,0.0,0,0,0,5000,5000,5000,0,0,0,0,0,0,0,0,0,1631.4473,1631.5373857142856,7,a65b68914ed795ad7f0b7abda6fce0cc64045f6f,3.13.14
5.0,single_fault_control,late,100000,6521,0.05,0.5,0.5,S1_minimal,0,0,5000,0,5000,2020,0,1,0,1,2980,5000,100000,100000,0,100000,0,0,0,0,0,1,0.404,0.0,0.0,0.596,1.0,0.0,0.0,0,0,0,0,0,0,5000,0,0,0,0,0,0,0,0,1674.589,1677.5216714285714,7,a65b68914ed795ad7f0b7abda6fce0cc64045f6f,3.13.14
5.0,single_fault_control,late,100000,6521,0.05,0.5,0.5,S2_temporal,0,0,5000,0,5000,5000,0,1,0,1,0,5000,100000,100000,0,100000,0,0,0,0,0,1,1.0,0.0,0.0,0.0,1.0,0.0,0.0,0,0,0,0,0,0,5000,0,0,0,0,0,0,0,0,1693.8758,1716.274357142857,7,a65b68914ed795ad7f0b7abda6fce0cc64045f6f,3.13.14
5.0,single_fault_control,late,100000,6521,0.05,0.5,0.5,S3_recovery,0,0,5000,0,5000,2020,0,1,0,1,2980,5000,100000,100000,0,100000,0,0,0,0,0,1,0.404,0.0,0.0,0.596,1.0,0.0,0.0,0,0,0,0,0,0,5000,0,0,0,0,0,0,0,0,1788.5153,1856.9470285714285,7,a65b68914ed795ad7f0b7abda6fce0cc64045f6f,3.13.14
5.0,single_fault_control,late,100000,6521,0.05,0.5,0.5,S4_full,0,0,5000,0,5000,5000,0,1,0,1,0,5000,100000,100000,0,100000,0,0,0,0,0,1,1.0,0.0,0.0,0.0,1.0,0.0,0.0,0,0,0,0,0,0,5000,0,0,0,0,0,0,0,0,1717.8045,1740.0110142857143,7,a65b68914ed795ad7f0b7abda6fce0cc64045f6f,3.13.14
5.0,single_fault_control,conflict,100000,6521,0.05,0.5,0.5,S1_minimal,0,0,0,250,5000,4750,0,1,0,1,250,5000,100000,100000,0,100000,0,0,0,0,0,1,0.95,0.0,0.0,0.05,1.0,0.0,0.0,0,0,0,0,0,0,0,0,0,250,0,0,0,0,0,1826.1764,1925.7069142857144,7,a65b68914ed795ad7f0b7abda6fce0cc64045f6f,3.13.14
5.0,single_fault_control,conflict,100000,6521,0.05,0.5,0.5,S2_temporal,0,0,0,250,5000,5000,0,1,0,1,0,5000,100000,100000,0,100000,0,0,0,0,0,1,1.0,0.0,0.0,0.0,1.0,0.0,0.0,0,0,0,0,0,0,0,0,0,250,0,0,0,0,0,2099.7677,2078.561342857143,7,a65b68914ed795ad7f0b7abda6fce0cc64045f6f,3.13.14
5.0,single_fault_control,conflict,100000,6521,0.05,0.5,0.5,S3_recovery,0,0,0,250,5000,4750,0,1,0,1,250,5000,100000,100000,0,100000,0,0,0,0,0,1,0.95,0.0,0.0,0.05,1.0,0.0,0.0,0,0,0,0,0,0,0,0,0,250,0,0,0,0,0,1786.0143,1806.1965714285716,7,a65b68914ed795ad7f0b7abda6fce0cc64045f6f,3.13.14
5.0,single_fault_control,conflict,100000,6521,0.05,0.5,0.5,S4_full,0,0,0,250,5000,5000,0,1,0,1,0,5000,100000,100000,0,100000,0,0,0,0,0,1,1.0,0.0,0.0,0.0,1.0,0.0,0.0,0,0,0,0,0,0,0,0,0,250,0,0,0,0,0,1784.8019,1869.2201,7,a65b68914ed795ad7f0b7abda6fce0cc64045f6f,3.13.14
5.0,single_fault_control,recovery,100000,6521,0.5,0.5,0.5,S1_minimal,0,0,0,0,5000,5000,25000,25000,0,1,0,5000,100000,100000,0,100000,25000,25000,0,25000,25000,25000,1.0,1.0,0.0,0.0,1.0,0.0,1.0,0,0,0,0,0,0,0,0,0,0,0,0,25000,25000,0,3095.9612,3227.707585714286,7,a65b68914ed795ad7f0b7abda6fce0cc64045f6f,3.13.14
5.0,single_fault_control,recovery,100000,6521,0.5,0.5,0.5,S2_temporal,0,0,0,0,5000,5000,25000,25000,0,1,0,5000,100000,100000,0,100000,25000,25000,0,25000,25000,25000,1.0,1.0,0.0,0.0,1.0,0.0,1.0,0,0,0,0,0,0,0,0,0,0,0,0,25000,25000,0,2984.9106,3116.1427857142858,7,a65b68914ed795ad7f0b7abda6fce0cc64045f6f,3.13.14
5.0,single_fault_control,recovery,100000,6521,0.5,0.5,0.5,S3_recovery,0,0,0,0,5000,5000,0,25000,0,1,0,5000,100000,100000,0,100000,25000,25000,25000,0,0,25000,1.0,0.0,0.0,0.0,1.0,0.0,0.0,0,0,0,0,0,0,0,0,0,0,0,0,25000,25000,25000,2683.262,2683.3470714285713,7,a65b68914ed795ad7f0b7abda6fce0cc64045f6f,3.13.14
5.0,single_fault_control,recovery,100000,6521,0.5,0.5,0.5,S4_full,0,0,0,0,5000,5000,0,25000,0,1,0,5000,100000,100000,0,100000,25000,25000,25000,0,0,25000,1.0,0.0,0.0,0.0,1.0,0.0,0.0,0,0,0,0,0,0,0,0,0,0,0,0,25000,25000,25000,2677.4174,2684.242514285714,7,a65b68914ed795ad7f0b7abda6fce0cc64045f6f,3.13.14
