schema_version,experiment_kind,fault_condition,dataset_size,seed,duplicate_rate,null_key_rate,late_rate,conflict_rate,replay_fraction,checkpoint_fraction,strategy,realized_duplicate,realized_null_key,realized_late,realized_conflict,realized_recovery_replay,oracle_entities,entities_matching_oracle,duplicate_leakage_count,duplicate_denominator,invalid_key_leakage_count,invalid_key_denominator,stale_state_count,stale_state_denominator,recovered_expected_count,recovery_denominator,false_rejection_count,false_rejection_denominator,faults_injected,faults_detected,fault_detection_denominator,state_correctness_rate,duplicate_leakage_rate,invalid_key_leakage_rate,stale_state_rate,recovery_completeness_rate,false_rejection_rate,fault_detection_recall,runtime_ms_median,runtime_ms_mean,timing_repeats,commit_sha,python
4.0,principal,compound,1000,1301,0.01,0.01,0.01,0.01,0.5,0.5,S1_minimal,10,10,10,10,255,50,36,0,1000,0,10,14,50,990,1000,10,1000,295,20,295,0.72,0.0,0.0,0.28,0.99,0.01,0.06779661,0.2105,0.237143,7,7ef6a1c6728d49ed12693b7ed0dc2d69de7f13d2,3.13.14
4.0,principal,compound,1000,1301,0.01,0.01,0.01,0.01,0.5,0.5,S2_temporal,10,10,10,10,255,50,50,0,1000,0,10,0,50,990,1000,10,1000,295,40,295,1.0,0.0,0.0,0.0,0.99,0.01,0.13559322,0.4524,0.4881,7,7ef6a1c6728d49ed12693b7ed0dc2d69de7f13d2,3.13.14
4.0,principal,compound,1000,1301,0.01,0.01,0.01,0.01,0.5,0.5,S3_recovery,10,10,10,10,255,50,36,0,1000,0,10,14,50,990,1000,10,1000,295,20,295,0.72,0.0,0.0,0.28,0.99,0.01,0.06779661,0.2039,0.207457,7,7ef6a1c6728d49ed12693b7ed0dc2d69de7f13d2,3.13.14
4.0,principal,compound,1000,1301,0.01,0.01,0.01,0.01,0.5,0.5,S4_full,10,10,10,10,255,50,50,0,1000,0,10,0,50,990,1000,10,1000,295,40,295,1.0,0.0,0.0,0.0,0.99,0.01,0.13559322,0.4571,0.459829,7,7ef6a1c6728d49ed12693b7ed0dc2d69de7f13d2,3.13.14
4.0,principal,compound,1000,1301,0.05,0.05,0.05,0.05,0.5,0.5,S1_minimal,50,50,50,50,275,50,3,0,1000,0,50,47,50,950,1000,50,1000,475,100,475,0.06,0.0,0.0,0.94,0.95,0.05,0.210526316,0.2155,0.217043,7,7ef6a1c6728d49ed12693b7ed0dc2d69de7f13d2,3.13.14
4.0,principal,compound,1000,1301,0.05,0.05,0.05,0.05,0.5,0.5,S2_temporal,50,50,50,50,275,50,49,0,1000,0,50,1,50,950,1000,50,1000,475,200,475,0.98,0.0,0.0,0.02,0.95,0.05,0.421052632,0.4763,0.477286,7,7ef6a1c6728d49ed12693b7ed0dc2d69de7f13d2,3.13.14
4.0,principal,compound,1000,1301,0.05,0.05,0.05,0.05,0.5,0.5,S3_recovery,50,50,50,50,275,50,3,0,1000,0,50,47,50,950,1000,50,1000,475,100,475,0.06,0.0,0.0,0.94,0.95,0.05,0.210526316,0.2123,0.212457,7,7ef6a1c6728d49ed12693b7ed0dc2d69de7f13d2,3.13.14
4.0,principal,compound,1000,1301,0.05,0.05,0.05,0.05,0.5,0.5,S4_full,50,50,50,50,275,50,49,0,1000,0,50,1,50,950,1000,50,1000,475,200,475,0.98,0.0,0.0,0.02,0.95,0.05,0.421052632,0.4895,0.493571,7,7ef6a1c6728d49ed12693b7ed0dc2d69de7f13d2,3.13.14
4.0,principal,compound,1000,1301,0.1,0.1,0.1,0.1,0.5,0.5,S1_minimal,100,100,100,50,287,50,1,0,1000,0,100,49,50,900,1000,100,1000,637,200,637,0.02,0.0,0.0,0.98,0.9,0.1,0.313971743,0.2208,0.222471,7,7ef6a1c6728d49ed12693b7ed0dc2d69de7f13d2,3.13.14
4.0,principal,compound,1000,1301,0.1,0.1,0.1,0.1,0.5,0.5,S2_temporal,100,100,100,50,287,50,46,0,1000,0,100,4,50,900,1000,100,1000,637,350,637,0.92,0.0,0.0,0.08,0.9,0.1,0.549450549,0.4899,0.491529,7,7ef6a1c6728d49ed12693b7ed0dc2d69de7f13d2,3.13.14
4.0,principal,compound,1000,1301,0.1,0.1,0.1,0.1,0.5,0.5,S3_recovery,100,100,100,50,287,50,1,0,1000,0,100,49,50,900,1000,100,1000,637,200,637,0.02,0.0,0.0,0.98,0.9,0.1,0.313971743,0.2187,0.219214,7,7ef6a1c6728d49ed12693b7ed0dc2d69de7f13d2,3.13.14
4.0,principal,compound,1000,1301,0.1,0.1,0.1,0.1,0.5,0.5,S4_full,100,100,100,50,287,50,46,0,1000,0,100,4,50,900,1000,100,1000,637,350,637,0.92,0.0,0.0,0.08,0.9,0.1,0.549450549,0.4858,0.489386,7,7ef6a1c6728d49ed12693b7ed0dc2d69de7f13d2,3.13.14
4.0,single_fault_control,duplicate,1000,1301,0.05,0.0,0.0,0.0,0.0,0.5,S1_minimal,50,0,0,0,0,50,50,0,1000,0,1,0,50,1000,1000,0,1000,50,50,50,1.0,0.0,0.0,0.0,1.0,0.0,1.0,0.1842,0.185729,7,7ef6a1c6728d49ed12693b7ed0dc2d69de7f13d2,3.13.14
4.0,single_fault_control,duplicate,1000,1301,0.05,0.0,0.0,0.0,0.0,0.5,S2_temporal,50,0,0,0,0,50,50,0,1000,0,1,0,50,1000,1000,0,1000,50,50,50,1.0,0.0,0.0,0.0,1.0,0.0,1.0,0.4154,0.418457,7,7ef6a1c6728d49ed12693b7ed0dc2d69de7f13d2,3.13.14
4.0,single_fault_control,duplicate,1000,1301,0.05,0.0,0.0,0.0,0.0,0.5,S3_recovery,50,0,0,0,0,50,50,0,1000,0,1,0,50,1000,1000,0,1000,50,50,50,1.0,0.0,0.0,0.0,1.0,0.0,1.0,0.1843,0.1847,7,7ef6a1c6728d49ed12693b7ed0dc2d69de7f13d2,3.13.14
4.0,single_fault_control,duplicate,1000,1301,0.05,0.0,0.0,0.0,0.0,0.5,S4_full,50,0,0,0,0,50,50,0,1000,0,1,0,50,1000,1000,0,1000,50,50,50,1.0,0.0,0.0,0.0,1.0,0.0,1.0,0.419,0.420929,7,7ef6a1c6728d49ed12693b7ed0dc2d69de7f13d2,3.13.14
4.0,single_fault_control,null_key,1000,1301,0.0,0.05,0.0,0.0,0.0,0.5,S1_minimal,0,50,0,0,0,50,47,0,1000,0,50,3,50,950,1000,50,1000,50,50,50,0.94,0.0,0.0,0.06,0.95,0.05,1.0,0.1791,0.1808,7,7ef6a1c6728d49ed12693b7ed0dc2d69de7f13d2,3.13.14
4.0,single_fault_control,null_key,1000,1301,0.0,0.05,0.0,0.0,0.0,0.5,S2_temporal,0,50,0,0,0,50,47,0,1000,0,50,3,50,950,1000,50,1000,50,50,50,0.94,0.0,0.0,0.06,0.95,0.05,1.0,0.398,0.397914,7,7ef6a1c6728d49ed12693b7ed0dc2d69de7f13d2,3.13.14
4.0,single_fault_control,null_key,1000,1301,0.0,0.05,0.0,0.0,0.0,0.5,S3_recovery,0,50,0,0,0,50,47,0,1000,0,50,3,50,950,1000,50,1000,50,50,50,0.94,0.0,0.0,0.06,0.95,0.05,1.0,0.1849,0.182957,7,7ef6a1c6728d49ed12693b7ed0dc2d69de7f13d2,3.13.14
4.0,single_fault_control,null_key,1000,1301,0.0,0.05,0.0,0.0,0.0,0.5,S4_full,0,50,0,0,0,50,47,0,1000,0,50,3,50,950,1000,50,1000,50,50,50,0.94,0.0,0.0,0.06,0.95,0.05,1.0,0.4039,0.408457,7,7ef6a1c6728d49ed12693b7ed0dc2d69de7f13d2,3.13.14
4.0,single_fault_control,late,1000,1301,0.0,0.0,0.05,0.0,0.0,0.5,S1_minimal,0,0,50,0,0,50,24,0,1000,0,1,26,50,1000,1000,0,1000,50,0,50,0.48,0.0,0.0,0.52,1.0,0.0,0.0,0.1854,0.198343,7,7ef6a1c6728d49ed12693b7ed0dc2d69de7f13d2,3.13.14
4.0,single_fault_control,late,1000,1301,0.0,0.0,0.05,0.0,0.0,0.5,S2_temporal,0,0,50,0,0,50,50,0,1000,0,1,0,50,1000,1000,0,1000,50,50,50,1.0,0.0,0.0,0.0,1.0,0.0,1.0,0.4087,0.411257,7,7ef6a1c6728d49ed12693b7ed0dc2d69de7f13d2,3.13.14
4.0,single_fault_control,late,1000,1301,0.0,0.0,0.05,0.0,0.0,0.5,S3_recovery,0,0,50,0,0,50,24,0,1000,0,1,26,50,1000,1000,0,1000,50,0,50,0.48,0.0,0.0,0.52,1.0,0.0,0.0,0.1824,0.183114,7,7ef6a1c6728d49ed12693b7ed0dc2d69de7f13d2,3.13.14
4.0,single_fault_control,late,1000,1301,0.0,0.0,0.05,0.0,0.0,0.5,S4_full,0,0,50,0,0,50,50,0,1000,0,1,0,50,1000,1000,0,1000,50,50,50,1.0,0.0,0.0,0.0,1.0,0.0,1.0,0.4125,0.412971,7,7ef6a1c6728d49ed12693b7ed0dc2d69de7f13d2,3.13.14
4.0,single_fault_control,conflict,1000,1301,0.0,0.0,0.0,0.05,0.0,0.5,S1_minimal,0,0,0,50,0,50,0,0,1000,0,1,50,50,1000,1000,0,1000,50,0,50,0.0,0.0,0.0,1.0,1.0,0.0,0.0,0.1971,0.196929,7,7ef6a1c6728d49ed12693b7ed0dc2d69de7f13d2,3.13.14
4.0,single_fault_control,conflict,1000,1301,0.0,0.0,0.0,0.05,0.0,0.5,S2_temporal,0,0,0,50,0,50,50,0,1000,0,1,0,50,1000,1000,0,1000,50,50,50,1.0,0.0,0.0,0.0,1.0,0.0,1.0,0.4333,0.437914,7,7ef6a1c6728d49ed12693b7ed0dc2d69de7f13d2,3.13.14
4.0,single_fault_control,conflict,1000,1301,0.0,0.0,0.0,0.05,0.0,0.5,S3_recovery,0,0,0,50,0,50,0,0,1000,0,1,50,50,1000,1000,0,1000,50,0,50,0.0,0.0,0.0,1.0,1.0,0.0,0.0,0.1997,0.200486,7,7ef6a1c6728d49ed12693b7ed0dc2d69de7f13d2,3.13.14
4.0,single_fault_control,conflict,1000,1301,0.0,0.0,0.0,0.05,0.0,0.5,S4_full,0,0,0,50,0,50,50,0,1000,0,1,0,50,1000,1000,0,1000,50,50,50,1.0,0.0,0.0,0.0,1.0,0.0,1.0,0.4368,0.435686,7,7ef6a1c6728d49ed12693b7ed0dc2d69de7f13d2,3.13.14
4.0,single_fault_control,recovery,1000,1301,0.0,0.0,0.0,0.0,0.5,0.5,S1_minimal,0,0,0,0,250,50,50,0,1000,0,1,0,50,1000,1000,0,1000,250,0,250,1.0,0.0,0.0,0.0,1.0,0.0,0.0,0.2024,0.206357,7,7ef6a1c6728d49ed12693b7ed0dc2d69de7f13d2,3.13.14
4.0,single_fault_control,recovery,1000,1301,0.0,0.0,0.0,0.0,0.5,0.5,S2_temporal,0,0,0,0,250,50,50,0,1000,0,1,0,50,1000,1000,0,1000,250,0,250,1.0,0.0,0.0,0.0,1.0,0.0,0.0,0.459,0.460571,7,7ef6a1c6728d49ed12693b7ed0dc2d69de7f13d2,3.13.14
4.0,single_fault_control,recovery,1000,1301,0.0,0.0,0.0,0.0,0.5,0.5,S3_recovery,0,0,0,0,250,50,50,0,1000,0,1,0,50,1000,1000,0,1000,250,0,250,1.0,0.0,0.0,0.0,1.0,0.0,0.0,0.1999,0.200886,7,7ef6a1c6728d49ed12693b7ed0dc2d69de7f13d2,3.13.14
4.0,single_fault_control,recovery,1000,1301,0.0,0.0,0.0,0.0,0.5,0.5,S4_full,0,0,0,0,250,50,50,0,1000,0,1,0,50,1000,1000,0,1000,250,0,250,1.0,0.0,0.0,0.0,1.0,0.0,0.0,0.4605,0.461843,7,7ef6a1c6728d49ed12693b7ed0dc2d69de7f13d2,3.13.14
4.0,principal,compound,1000,2609,0.01,0.01,0.01,0.01,0.5,0.5,S1_minimal,10,10,10,10,255,50,32,0,1000,0,10,18,50,990,1000,10,1000,295,20,295,0.64,0.0,0.0,0.36,0.99,0.01,0.06779661,0.2082,0.209343,7,7ef6a1c6728d49ed12693b7ed0dc2d69de7f13d2,3.13.14
4.0,principal,compound,1000,2609,0.01,0.01,0.01,0.01,0.5,0.5,S2_temporal,10,10,10,10,255,50,49,0,1000,0,10,1,50,990,1000,10,1000,295,40,295,0.98,0.0,0.0,0.02,0.99,0.01,0.13559322,0.4751,0.478571,7,7ef6a1c6728d49ed12693b7ed0dc2d69de7f13d2,3.13.14
4.0,principal,compound,1000,2609,0.01,0.01,0.01,0.01,0.5,0.5,S3_recovery,10,10,10,10,255,50,32,0,1000,0,10,18,50,990,1000,10,1000,295,20,295,0.64,0.0,0.0,0.36,0.99,0.01,0.06779661,0.2073,0.208214,7,7ef6a1c6728d49ed12693b7ed0dc2d69de7f13d2,3.13.14
4.0,principal,compound,1000,2609,0.01,0.01,0.01,0.01,0.5,0.5,S4_full,10,10,10,10,255,50,49,0,1000,0,10,1,50,990,1000,10,1000,295,40,295,0.98,0.0,0.0,0.02,0.99,0.01,0.13559322,0.4707,0.469657,7,7ef6a1c6728d49ed12693b7ed0dc2d69de7f13d2,3.13.14
4.0,principal,compound,1000,2609,0.05,0.05,0.05,0.05,0.5,0.5,S1_minimal,50,50,50,50,275,50,3,0,1000,0,50,47,50,950,1000,50,1000,475,100,475,0.06,0.0,0.0,0.94,0.95,0.05,0.210526316,0.2214,0.229157,7,7ef6a1c6728d49ed12693b7ed0dc2d69de7f13d2,3.13.14
4.0,principal,compound,1000,2609,0.05,0.05,0.05,0.05,0.5,0.5,S2_temporal,50,50,50,50,275,50,47,0,1000,0,50,3,50,950,1000,50,1000,475,200,475,0.94,0.0,0.0,0.06,0.95,0.05,0.421052632,0.4922,0.496629,7,7ef6a1c6728d49ed12693b7ed0dc2d69de7f13d2,3.13.14
4.0,principal,compound,1000,2609,0.05,0.05,0.05,0.05,0.5,0.5,S3_recovery,50,50,50,50,275,50,3,0,1000,0,50,47,50,950,1000,50,1000,475,100,475,0.06,0.0,0.0,0.94,0.95,0.05,0.210526316,0.219,0.220029,7,7ef6a1c6728d49ed12693b7ed0dc2d69de7f13d2,3.13.14
4.0,principal,compound,1000,2609,0.05,0.05,0.05,0.05,0.5,0.5,S4_full,50,50,50,50,275,50,47,0,1000,0,50,3,50,950,1000,50,1000,475,200,475,0.94,0.0,0.0,0.06,0.95,0.05,0.421052632,0.4981,0.498157,7,7ef6a1c6728d49ed12693b7ed0dc2d69de7f13d2,3.13.14
4.0,principal,compound,1000,2609,0.1,0.1,0.1,0.1,0.5,0.5,S1_minimal,100,100,100,50,287,50,6,0,1000,0,100,44,50,900,1000,100,1000,637,200,637,0.12,0.0,0.0,0.88,0.9,0.1,0.313971743,0.2238,0.232329,7,7ef6a1c6728d49ed12693b7ed0dc2d69de7f13d2,3.13.14
4.0,principal,compound,1000,2609,0.1,0.1,0.1,0.1,0.5,0.5,S2_temporal,100,100,100,50,287,50,44,0,1000,0,100,6,50,900,1000,100,1000,637,350,637,0.88,0.0,0.0,0.12,0.9,0.1,0.549450549,0.4934,0.492457,7,7ef6a1c6728d49ed12693b7ed0dc2d69de7f13d2,3.13.14
4.0,principal,compound,1000,2609,0.1,0.1,0.1,0.1,0.5,0.5,S3_recovery,100,100,100,50,287,50,6,0,1000,0,100,44,50,900,1000,100,1000,637,200,637,0.12,0.0,0.0,0.88,0.9,0.1,0.313971743,0.2149,0.217629,7,7ef6a1c6728d49ed12693b7ed0dc2d69de7f13d2,3.13.14
4.0,principal,compound,1000,2609,0.1,0.1,0.1,0.1,0.5,0.5,S4_full,100,100,100,50,287,50,44,0,1000,0,100,6,50,900,1000,100,1000,637,350,637,0.88,0.0,0.0,0.12,0.9,0.1,0.549450549,0.5191,0.529329,7,7ef6a1c6728d49ed12693b7ed0dc2d69de7f13d2,3.13.14
4.0,single_fault_control,duplicate,1000,2609,0.05,0.0,0.0,0.0,0.0,0.5,S1_minimal,50,0,0,0,0,50,50,0,1000,0,1,0,50,1000,1000,0,1000,50,50,50,1.0,0.0,0.0,0.0,1.0,0.0,1.0,0.1861,0.188029,7,7ef6a1c6728d49ed12693b7ed0dc2d69de7f13d2,3.13.14
4.0,single_fault_control,duplicate,1000,2609,0.05,0.0,0.0,0.0,0.0,0.5,S2_temporal,50,0,0,0,0,50,50,0,1000,0,1,0,50,1000,1000,0,1000,50,50,50,1.0,0.0,0.0,0.0,1.0,0.0,1.0,0.4314,0.520586,7,7ef6a1c6728d49ed12693b7ed0dc2d69de7f13d2,3.13.14
4.0,single_fault_control,duplicate,1000,2609,0.05,0.0,0.0,0.0,0.0,0.5,S3_recovery,50,0,0,0,0,50,50,0,1000,0,1,0,50,1000,1000,0,1000,50,50,50,1.0,0.0,0.0,0.0,1.0,0.0,1.0,0.186,0.243714,7,7ef6a1c6728d49ed12693b7ed0dc2d69de7f13d2,3.13.14
4.0,single_fault_control,duplicate,1000,2609,0.05,0.0,0.0,0.0,0.0,0.5,S4_full,50,0,0,0,0,50,50,0,1000,0,1,0,50,1000,1000,0,1000,50,50,50,1.0,0.0,0.0,0.0,1.0,0.0,1.0,0.4102,0.416829,7,7ef6a1c6728d49ed12693b7ed0dc2d69de7f13d2,3.13.14
4.0,single_fault_control,null_key,1000,2609,0.0,0.05,0.0,0.0,0.0,0.5,S1_minimal,0,50,0,0,0,50,46,0,1000,0,50,4,50,950,1000,50,1000,50,50,50,0.92,0.0,0.0,0.08,0.95,0.05,1.0,0.1765,0.178257,7,7ef6a1c6728d49ed12693b7ed0dc2d69de7f13d2,3.13.14
4.0,single_fault_control,null_key,1000,2609,0.0,0.05,0.0,0.0,0.0,0.5,S2_temporal,0,50,0,0,0,50,46,0,1000,0,50,4,50,950,1000,50,1000,50,50,50,0.92,0.0,0.0,0.08,0.95,0.05,1.0,0.3989,0.401843,7,7ef6a1c6728d49ed12693b7ed0dc2d69de7f13d2,3.13.14
4.0,single_fault_control,null_key,1000,2609,0.0,0.05,0.0,0.0,0.0,0.5,S3_recovery,0,50,0,0,0,50,46,0,1000,0,50,4,50,950,1000,50,1000,50,50,50,0.92,0.0,0.0,0.08,0.95,0.05,1.0,0.1748,0.175357,7,7ef6a1c6728d49ed12693b7ed0dc2d69de7f13d2,3.13.14
4.0,single_fault_control,null_key,1000,2609,0.0,0.05,0.0,0.0,0.0,0.5,S4_full,0,50,0,0,0,50,46,0,1000,0,50,4,50,950,1000,50,1000,50,50,50,0.92,0.0,0.0,0.08,0.95,0.05,1.0,0.422,0.420657,7,7ef6a1c6728d49ed12693b7ed0dc2d69de7f13d2,3.13.14
4.0,single_fault_control,late,1000,2609,0.0,0.0,0.05,0.0,0.0,0.5,S1_minimal,0,0,50,0,0,50,22,0,1000,0,1,28,50,1000,1000,0,1000,50,0,50,0.44,0.0,0.0,0.56,1.0,0.0,0.0,0.1905,0.203657,7,7ef6a1c6728d49ed12693b7ed0dc2d69de7f13d2,3.13.14
4.0,single_fault_control,late,1000,2609,0.0,0.0,0.05,0.0,0.0,0.5,S2_temporal,0,0,50,0,0,50,50,0,1000,0,1,0,50,1000,1000,0,1000,50,50,50,1.0,0.0,0.0,0.0,1.0,0.0,1.0,0.4341,0.430857,7,7ef6a1c6728d49ed12693b7ed0dc2d69de7f13d2,3.13.14
4.0,single_fault_control,late,1000,2609,0.0,0.0,0.05,0.0,0.0,0.5,S3_recovery,0,0,50,0,0,50,22,0,1000,0,1,28,50,1000,1000,0,1000,50,0,50,0.44,0.0,0.0,0.56,1.0,0.0,0.0,0.1778,0.1794,7,7ef6a1c6728d49ed12693b7ed0dc2d69de7f13d2,3.13.14
4.0,single_fault_control,late,1000,2609,0.0,0.0,0.05,0.0,0.0,0.5,S4_full,0,0,50,0,0,50,50,0,1000,0,1,0,50,1000,1000,0,1000,50,50,50,1.0,0.0,0.0,0.0,1.0,0.0,1.0,0.4162,0.415671,7,7ef6a1c6728d49ed12693b7ed0dc2d69de7f13d2,3.13.14
4.0,single_fault_control,conflict,1000,2609,0.0,0.0,0.0,0.05,0.0,0.5,S1_minimal,0,0,0,50,0,50,0,0,1000,0,1,50,50,1000,1000,0,1000,50,0,50,0.0,0.0,0.0,1.0,1.0,0.0,0.0,0.21,0.217729,7,7ef6a1c6728d49ed12693b7ed0dc2d69de7f13d2,3.13.14
4.0,single_fault_control,conflict,1000,2609,0.0,0.0,0.0,0.05,0.0,0.5,S2_temporal,0,0,0,50,0,50,50,0,1000,0,1,0,50,1000,1000,0,1000,50,50,50,1.0,0.0,0.0,0.0,1.0,0.0,1.0,0.4312,0.433129,7,7ef6a1c6728d49ed12693b7ed0dc2d69de7f13d2,3.13.14
4.0,single_fault_control,conflict,1000,2609,0.0,0.0,0.0,0.05,0.0,0.5,S3_recovery,0,0,0,50,0,50,0,0,1000,0,1,50,50,1000,1000,0,1000,50,0,50,0.0,0.0,0.0,1.0,1.0,0.0,0.0,0.1969,0.203386,7,7ef6a1c6728d49ed12693b7ed0dc2d69de7f13d2,3.13.14
4.0,single_fault_control,conflict,1000,2609,0.0,0.0,0.0,0.05,0.0,0.5,S4_full,0,0,0,50,0,50,50,0,1000,0,1,0,50,1000,1000,0,1000,50,50,50,1.0,0.0,0.0,0.0,1.0,0.0,1.0,0.4447,0.450986,7,7ef6a1c6728d49ed12693b7ed0dc2d69de7f13d2,3.13.14
4.0,single_fault_control,recovery,1000,2609,0.0,0.0,0.0,0.0,0.5,0.5,S1_minimal,0,0,0,0,250,50,50,0,1000,0,1,0,50,1000,1000,0,1000,250,0,250,1.0,0.0,0.0,0.0,1.0,0.0,0.0,0.2021,0.203057,7,7ef6a1c6728d49ed12693b7ed0dc2d69de7f13d2,3.13.14
4.0,single_fault_control,recovery,1000,2609,0.0,0.0,0.0,0.0,0.5,0.5,S2_temporal,0,0,0,0,250,50,50,0,1000,0,1,0,50,1000,1000,0,1000,250,0,250,1.0,0.0,0.0,0.0,1.0,0.0,0.0,0.4618,0.464657,7,7ef6a1c6728d49ed12693b7ed0dc2d69de7f13d2,3.13.14
4.0,single_fault_control,recovery,1000,2609,0.0,0.0,0.0,0.0,0.5,0.5,S3_recovery,0,0,0,0,250,50,50,0,1000,0,1,0,50,1000,1000,0,1000,250,0,250,1.0,0.0,0.0,0.0,1.0,0.0,0.0,0.2033,0.203157,7,7ef6a1c6728d49ed12693b7ed0dc2d69de7f13d2,3.13.14
4.0,single_fault_control,recovery,1000,2609,0.0,0.0,0.0,0.0,0.5,0.5,S4_full,0,0,0,0,250,50,50,0,1000,0,1,0,50,1000,1000,0,1000,250,0,250,1.0,0.0,0.0,0.0,1.0,0.0,0.0,0.4566,0.460371,7,7ef6a1c6728d49ed12693b7ed0dc2d69de7f13d2,3.13.14
4.0,principal,compound,1000,3911,0.01,0.01,0.01,0.01,0.5,0.5,S1_minimal,10,10,10,10,255,50,34,0,1000,0,10,16,50,990,1000,10,1000,295,20,295,0.68,0.0,0.0,0.32,0.99,0.01,0.06779661,0.2145,0.2193,7,7ef6a1c6728d49ed12693b7ed0dc2d69de7f13d2,3.13.14
4.0,principal,compound,1000,3911,0.01,0.01,0.01,0.01,0.5,0.5,S2_temporal,10,10,10,10,255,50,49,0,1000,0,10,1,50,990,1000,10,1000,295,40,295,0.98,0.0,0.0,0.02,0.99,0.01,0.13559322,0.4665,0.462886,7,7ef6a1c6728d49ed12693b7ed0dc2d69de7f13d2,3.13.14
4.0,principal,compound,1000,3911,0.01,0.01,0.01,0.01,0.5,0.5,S3_recovery,10,10,10,10,255,50,34,0,1000,0,10,16,50,990,1000,10,1000,295,20,295,0.68,0.0,0.0,0.32,0.99,0.01,0.06779661,0.2027,0.207229,7,7ef6a1c6728d49ed12693b7ed0dc2d69de7f13d2,3.13.14
4.0,principal,compound,1000,3911,0.01,0.01,0.01,0.01,0.5,0.5,S4_full,10,10,10,10,255,50,49,0,1000,0,10,1,50,990,1000,10,1000,295,40,295,0.98,0.0,0.0,0.02,0.99,0.01,0.13559322,0.4673,0.4697,7,7ef6a1c6728d49ed12693b7ed0dc2d69de7f13d2,3.13.14
4.0,principal,compound,1000,3911,0.05,0.05,0.05,0.05,0.5,0.5,S1_minimal,50,50,50,50,275,50,5,0,1000,0,50,45,50,950,1000,50,1000,475,100,475,0.1,0.0,0.0,0.9,0.95,0.05,0.210526316,0.223,0.224057,7,7ef6a1c6728d49ed12693b7ed0dc2d69de7f13d2,3.13.14
4.0,principal,compound,1000,3911,0.05,0.05,0.05,0.05,0.5,0.5,S2_temporal,50,50,50,50,275,50,48,0,1000,0,50,2,50,950,1000,50,1000,475,200,475,0.96,0.0,0.0,0.04,0.95,0.05,0.421052632,0.5286,0.520129,7,7ef6a1c6728d49ed12693b7ed0dc2d69de7f13d2,3.13.14
4.0,principal,compound,1000,3911,0.05,0.05,0.05,0.05,0.5,0.5,S3_recovery,50,50,50,50,275,50,5,0,1000,0,50,45,50,950,1000,50,1000,475,100,475,0.1,0.0,0.0,0.9,0.95,0.05,0.210526316,0.2166,0.2168,7,7ef6a1c6728d49ed12693b7ed0dc2d69de7f13d2,3.13.14
4.0,principal,compound,1000,3911,0.05,0.05,0.05,0.05,0.5,0.5,S4_full,50,50,50,50,275,50,48,0,1000,0,50,2,50,950,1000,50,1000,475,200,475,0.96,0.0,0.0,0.04,0.95,0.05,0.421052632,0.4982,0.502029,7,7ef6a1c6728d49ed12693b7ed0dc2d69de7f13d2,3.13.14
4.0,principal,compound,1000,3911,0.1,0.1,0.1,0.1,0.5,0.5,S1_minimal,100,100,100,50,287,50,6,0,1000,0,100,44,50,900,1000,100,1000,637,200,637,0.12,0.0,0.0,0.88,0.9,0.1,0.313971743,0.221,0.224486,7,7ef6a1c6728d49ed12693b7ed0dc2d69de7f13d2,3.13.14
4.0,principal,compound,1000,3911,0.1,0.1,0.1,0.1,0.5,0.5,S2_temporal,100,100,100,50,287,50,45,0,1000,0,100,5,50,900,1000,100,1000,637,350,637,0.9,0.0,0.0,0.1,0.9,0.1,0.549450549,0.5175,0.5191,7,7ef6a1c6728d49ed12693b7ed0dc2d69de7f13d2,3.13.14
4.0,principal,compound,1000,3911,0.1,0.1,0.1,0.1,0.5,0.5,S3_recovery,100,100,100,50,287,50,6,0,1000,0,100,44,50,900,1000,100,1000,637,200,637,0.12,0.0,0.0,0.88,0.9,0.1,0.313971743,0.2331,0.229343,7,7ef6a1c6728d49ed12693b7ed0dc2d69de7f13d2,3.13.14
4.0,principal,compound,1000,3911,0.1,0.1,0.1,0.1,0.5,0.5,S4_full,100,100,100,50,287,50,45,0,1000,0,100,5,50,900,1000,100,1000,637,350,637,0.9,0.0,0.0,0.1,0.9,0.1,0.549450549,0.5012,0.498971,7,7ef6a1c6728d49ed12693b7ed0dc2d69de7f13d2,3.13.14
4.0,single_fault_control,duplicate,1000,3911,0.05,0.0,0.0,0.0,0.0,0.5,S1_minimal,50,0,0,0,0,50,50,0,1000,0,1,0,50,1000,1000,0,1000,50,50,50,1.0,0.0,0.0,0.0,1.0,0.0,1.0,0.1875,0.189729,7,7ef6a1c6728d49ed12693b7ed0dc2d69de7f13d2,3.13.14
4.0,single_fault_control,duplicate,1000,3911,0.05,0.0,0.0,0.0,0.0,0.5,S2_temporal,50,0,0,0,0,50,50,0,1000,0,1,0,50,1000,1000,0,1000,50,50,50,1.0,0.0,0.0,0.0,1.0,0.0,1.0,0.4175,0.419614,7,7ef6a1c6728d49ed12693b7ed0dc2d69de7f13d2,3.13.14
4.0,single_fault_control,duplicate,1000,3911,0.05,0.0,0.0,0.0,0.0,0.5,S3_recovery,50,0,0,0,0,50,50,0,1000,0,1,0,50,1000,1000,0,1000,50,50,50,1.0,0.0,0.0,0.0,1.0,0.0,1.0,0.1851,0.185629,7,7ef6a1c6728d49ed12693b7ed0dc2d69de7f13d2,3.13.14
4.0,single_fault_control,duplicate,1000,3911,0.05,0.0,0.0,0.0,0.0,0.5,S4_full,50,0,0,0,0,50,50,0,1000,0,1,0,50,1000,1000,0,1000,50,50,50,1.0,0.0,0.0,0.0,1.0,0.0,1.0,0.4361,0.441714,7,7ef6a1c6728d49ed12693b7ed0dc2d69de7f13d2,3.13.14
4.0,single_fault_control,null_key,1000,3911,0.0,0.05,0.0,0.0,0.0,0.5,S1_minimal,0,50,0,0,0,50,45,0,1000,0,50,5,50,950,1000,50,1000,50,50,50,0.9,0.0,0.0,0.1,0.95,0.05,1.0,0.1907,0.191586,7,7ef6a1c6728d49ed12693b7ed0dc2d69de7f13d2,3.13.14
4.0,single_fault_control,null_key,1000,3911,0.0,0.05,0.0,0.0,0.0,0.5,S2_temporal,0,50,0,0,0,50,45,0,1000,0,50,5,50,950,1000,50,1000,50,50,50,0.9,0.0,0.0,0.1,0.95,0.05,1.0,0.4068,0.411314,7,7ef6a1c6728d49ed12693b7ed0dc2d69de7f13d2,3.13.14
4.0,single_fault_control,null_key,1000,3911,0.0,0.05,0.0,0.0,0.0,0.5,S3_recovery,0,50,0,0,0,50,45,0,1000,0,50,5,50,950,1000,50,1000,50,50,50,0.9,0.0,0.0,0.1,0.95,0.05,1.0,0.1809,0.181143,7,7ef6a1c6728d49ed12693b7ed0dc2d69de7f13d2,3.13.14
4.0,single_fault_control,null_key,1000,3911,0.0,0.05,0.0,0.0,0.0,0.5,S4_full,0,50,0,0,0,50,45,0,1000,0,50,5,50,950,1000,50,1000,50,50,50,0.9,0.0,0.0,0.1,0.95,0.05,1.0,0.4064,0.406257,7,7ef6a1c6728d49ed12693b7ed0dc2d69de7f13d2,3.13.14
4.0,single_fault_control,late,1000,3911,0.0,0.0,0.05,0.0,0.0,0.5,S1_minimal,0,0,50,0,0,50,24,0,1000,0,1,26,50,1000,1000,0,1000,50,0,50,0.48,0.0,0.0,0.52,1.0,0.0,0.0,0.182,0.182657,7,7ef6a1c6728d49ed12693b7ed0dc2d69de7f13d2,3.13.14
4.0,single_fault_control,late,1000,3911,0.0,0.0,0.05,0.0,0.0,0.5,S2_temporal,0,0,50,0,0,50,50,0,1000,0,1,0,50,1000,1000,0,1000,50,50,50,1.0,0.0,0.0,0.0,1.0,0.0,1.0,0.4295,0.430129,7,7ef6a1c6728d49ed12693b7ed0dc2d69de7f13d2,3.13.14
4.0,single_fault_control,late,1000,3911,0.0,0.0,0.05,0.0,0.0,0.5,S3_recovery,0,0,50,0,0,50,24,0,1000,0,1,26,50,1000,1000,0,1000,50,0,50,0.48,0.0,0.0,0.52,1.0,0.0,0.0,0.2046,0.205429,7,7ef6a1c6728d49ed12693b7ed0dc2d69de7f13d2,3.13.14
4.0,single_fault_control,late,1000,3911,0.0,0.0,0.05,0.0,0.0,0.5,S4_full,0,0,50,0,0,50,50,0,1000,0,1,0,50,1000,1000,0,1000,50,50,50,1.0,0.0,0.0,0.0,1.0,0.0,1.0,0.4155,0.421814,7,7ef6a1c6728d49ed12693b7ed0dc2d69de7f13d2,3.13.14
4.0,single_fault_control,conflict,1000,3911,0.0,0.0,0.0,0.05,0.0,0.5,S1_minimal,0,0,0,50,0,50,0,0,1000,0,1,50,50,1000,1000,0,1000,50,0,50,0.0,0.0,0.0,1.0,1.0,0.0,0.0,0.1954,0.1955,7,7ef6a1c6728d49ed12693b7ed0dc2d69de7f13d2,3.13.14
4.0,single_fault_control,conflict,1000,3911,0.0,0.0,0.0,0.05,0.0,0.5,S2_temporal,0,0,0,50,0,50,50,0,1000,0,1,0,50,1000,1000,0,1000,50,50,50,1.0,0.0,0.0,0.0,1.0,0.0,1.0,0.4378,0.4377,7,7ef6a1c6728d49ed12693b7ed0dc2d69de7f13d2,3.13.14
4.0,single_fault_control,conflict,1000,3911,0.0,0.0,0.0,0.05,0.0,0.5,S3_recovery,0,0,0,50,0,50,0,0,1000,0,1,50,50,1000,1000,0,1000,50,0,50,0.0,0.0,0.0,1.0,1.0,0.0,0.0,0.1945,0.198714,7,7ef6a1c6728d49ed12693b7ed0dc2d69de7f13d2,3.13.14
4.0,single_fault_control,conflict,1000,3911,0.0,0.0,0.0,0.05,0.0,0.5,S4_full,0,0,0,50,0,50,50,0,1000,0,1,0,50,1000,1000,0,1000,50,50,50,1.0,0.0,0.0,0.0,1.0,0.0,1.0,0.4337,0.4339,7,7ef6a1c6728d49ed12693b7ed0dc2d69de7f13d2,3.13.14
4.0,single_fault_control,recovery,1000,3911,0.0,0.0,0.0,0.0,0.5,0.5,S1_minimal,0,0,0,0,250,50,50,0,1000,0,1,0,50,1000,1000,0,1000,250,0,250,1.0,0.0,0.0,0.0,1.0,0.0,0.0,0.1995,0.200986,7,7ef6a1c6728d49ed12693b7ed0dc2d69de7f13d2,3.13.14
4.0,single_fault_control,recovery,1000,3911,0.0,0.0,0.0,0.0,0.5,0.5,S2_temporal,0,0,0,0,250,50,50,0,1000,0,1,0,50,1000,1000,0,1000,250,0,250,1.0,0.0,0.0,0.0,1.0,0.0,0.0,0.4705,0.472386,7,7ef6a1c6728d49ed12693b7ed0dc2d69de7f13d2,3.13.14
4.0,single_fault_control,recovery,1000,3911,0.0,0.0,0.0,0.0,0.5,0.5,S3_recovery,0,0,0,0,250,50,50,0,1000,0,1,0,50,1000,1000,0,1000,250,0,250,1.0,0.0,0.0,0.0,1.0,0.0,0.0,0.1997,0.200229,7,7ef6a1c6728d49ed12693b7ed0dc2d69de7f13d2,3.13.14
4.0,single_fault_control,recovery,1000,3911,0.0,0.0,0.0,0.0,0.5,0.5,S4_full,0,0,0,0,250,50,50,0,1000,0,1,0,50,1000,1000,0,1000,250,0,250,1.0,0.0,0.0,0.0,1.0,0.0,0.0,0.4535,0.4542,7,7ef6a1c6728d49ed12693b7ed0dc2d69de7f13d2,3.13.14
4.0,principal,compound,1000,5209,0.01,0.01,0.01,0.01,0.5,0.5,S1_minimal,10,10,10,10,255,50,34,0,1000,0,10,16,50,990,1000,10,1000,295,20,295,0.68,0.0,0.0,0.32,0.99,0.01,0.06779661,0.2014,0.203886,7,7ef6a1c6728d49ed12693b7ed0dc2d69de7f13d2,3.13.14
4.0,principal,compound,1000,5209,0.01,0.01,0.01,0.01,0.5,0.5,S2_temporal,10,10,10,10,255,50,50,0,1000,0,10,0,50,990,1000,10,1000,295,40,295,1.0,0.0,0.0,0.0,0.99,0.01,0.13559322,0.4583,0.458886,7,7ef6a1c6728d49ed12693b7ed0dc2d69de7f13d2,3.13.14
4.0,principal,compound,1000,5209,0.01,0.01,0.01,0.01,0.5,0.5,S3_recovery,10,10,10,10,255,50,34,0,1000,0,10,16,50,990,1000,10,1000,295,20,295,0.68,0.0,0.0,0.32,0.99,0.01,0.06779661,0.2167,0.215729,7,7ef6a1c6728d49ed12693b7ed0dc2d69de7f13d2,3.13.14
4.0,principal,compound,1000,5209,0.01,0.01,0.01,0.01,0.5,0.5,S4_full,10,10,10,10,255,50,50,0,1000,0,10,0,50,990,1000,10,1000,295,40,295,1.0,0.0,0.0,0.0,0.99,0.01,0.13559322,0.4681,0.470186,7,7ef6a1c6728d49ed12693b7ed0dc2d69de7f13d2,3.13.14
4.0,principal,compound,1000,5209,0.05,0.05,0.05,0.05,0.5,0.5,S1_minimal,50,50,50,50,275,50,2,0,1000,0,50,48,50,950,1000,50,1000,475,100,475,0.04,0.0,0.0,0.96,0.95,0.05,0.210526316,0.2196,0.220571,7,7ef6a1c6728d49ed12693b7ed0dc2d69de7f13d2,3.13.14
4.0,principal,compound,1000,5209,0.05,0.05,0.05,0.05,0.5,0.5,S2_temporal,50,50,50,50,275,50,46,0,1000,0,50,4,50,950,1000,50,1000,475,200,475,0.92,0.0,0.0,0.08,0.95,0.05,0.421052632,0.4885,0.492857,7,7ef6a1c6728d49ed12693b7ed0dc2d69de7f13d2,3.13.14
4.0,principal,compound,1000,5209,0.05,0.05,0.05,0.05,0.5,0.5,S3_recovery,50,50,50,50,275,50,2,0,1000,0,50,48,50,950,1000,50,1000,475,100,475,0.04,0.0,0.0,0.96,0.95,0.05,0.210526316,0.2203,0.221657,7,7ef6a1c6728d49ed12693b7ed0dc2d69de7f13d2,3.13.14
4.0,principal,compound,1000,5209,0.05,0.05,0.05,0.05,0.5,0.5,S4_full,50,50,50,50,275,50,46,0,1000,0,50,4,50,950,1000,50,1000,475,200,475,0.92,0.0,0.0,0.08,0.95,0.05,0.421052632,0.5064,0.508943,7,7ef6a1c6728d49ed12693b7ed0dc2d69de7f13d2,3.13.14
4.0,principal,compound,1000,5209,0.1,0.1,0.1,0.1,0.5,0.5,S1_minimal,100,100,100,50,287,50,5,0,1000,0,100,45,50,900,1000,100,1000,637,200,637,0.1,0.0,0.0,0.9,0.9,0.1,0.313971743,0.2329,0.2338,7,7ef6a1c6728d49ed12693b7ed0dc2d69de7f13d2,3.13.14
4.0,principal,compound,1000,5209,0.1,0.1,0.1,0.1,0.5,0.5,S2_temporal,100,100,100,50,287,50,46,0,1000,0,100,4,50,900,1000,100,1000,637,350,637,0.92,0.0,0.0,0.08,0.9,0.1,0.549450549,0.4916,0.495986,7,7ef6a1c6728d49ed12693b7ed0dc2d69de7f13d2,3.13.14
4.0,principal,compound,1000,5209,0.1,0.1,0.1,0.1,0.5,0.5,S3_recovery,100,100,100,50,287,50,5,0,1000,0,100,45,50,900,1000,100,1000,637,200,637,0.1,0.0,0.0,0.9,0.9,0.1,0.313971743,0.2289,0.235757,7,7ef6a1c6728d49ed12693b7ed0dc2d69de7f13d2,3.13.14
4.0,principal,compound,1000,5209,0.1,0.1,0.1,0.1,0.5,0.5,S4_full,100,100,100,50,287,50,46,0,1000,0,100,4,50,900,1000,100,1000,637,350,637,0.92,0.0,0.0,0.08,0.9,0.1,0.549450549,0.4996,0.514343,7,7ef6a1c6728d49ed12693b7ed0dc2d69de7f13d2,3.13.14
4.0,single_fault_control,duplicate,1000,5209,0.05,0.0,0.0,0.0,0.0,0.5,S1_minimal,50,0,0,0,0,50,50,0,1000,0,1,0,50,1000,1000,0,1000,50,50,50,1.0,0.0,0.0,0.0,1.0,0.0,1.0,0.1849,0.188014,7,7ef6a1c6728d49ed12693b7ed0dc2d69de7f13d2,3.13.14
4.0,single_fault_control,duplicate,1000,5209,0.05,0.0,0.0,0.0,0.0,0.5,S2_temporal,50,0,0,0,0,50,50,0,1000,0,1,0,50,1000,1000,0,1000,50,50,50,1.0,0.0,0.0,0.0,1.0,0.0,1.0,0.4247,0.425571,7,7ef6a1c6728d49ed12693b7ed0dc2d69de7f13d2,3.13.14
4.0,single_fault_control,duplicate,1000,5209,0.05,0.0,0.0,0.0,0.0,0.5,S3_recovery,50,0,0,0,0,50,50,0,1000,0,1,0,50,1000,1000,0,1000,50,50,50,1.0,0.0,0.0,0.0,1.0,0.0,1.0,0.1846,0.186043,7,7ef6a1c6728d49ed12693b7ed0dc2d69de7f13d2,3.13.14
4.0,single_fault_control,duplicate,1000,5209,0.05,0.0,0.0,0.0,0.0,0.5,S4_full,50,0,0,0,0,50,50,0,1000,0,1,0,50,1000,1000,0,1000,50,50,50,1.0,0.0,0.0,0.0,1.0,0.0,1.0,0.4252,0.424657,7,7ef6a1c6728d49ed12693b7ed0dc2d69de7f13d2,3.13.14
4.0,single_fault_control,null_key,1000,5209,0.0,0.05,0.0,0.0,0.0,0.5,S1_minimal,0,50,0,0,0,50,48,0,1000,0,50,2,50,950,1000,50,1000,50,50,50,0.96,0.0,0.0,0.04,0.95,0.05,1.0,0.1828,0.186029,7,7ef6a1c6728d49ed12693b7ed0dc2d69de7f13d2,3.13.14
4.0,single_fault_control,null_key,1000,5209,0.0,0.05,0.0,0.0,0.0,0.5,S2_temporal,0,50,0,0,0,50,48,0,1000,0,50,2,50,950,1000,50,1000,50,50,50,0.96,0.0,0.0,0.04,0.95,0.05,1.0,0.4083,0.412543,7,7ef6a1c6728d49ed12693b7ed0dc2d69de7f13d2,3.13.14
4.0,single_fault_control,null_key,1000,5209,0.0,0.05,0.0,0.0,0.0,0.5,S3_recovery,0,50,0,0,0,50,48,0,1000,0,50,2,50,950,1000,50,1000,50,50,50,0.96,0.0,0.0,0.04,0.95,0.05,1.0,0.1829,0.184771,7,7ef6a1c6728d49ed12693b7ed0dc2d69de7f13d2,3.13.14
4.0,single_fault_control,null_key,1000,5209,0.0,0.05,0.0,0.0,0.0,0.5,S4_full,0,50,0,0,0,50,48,0,1000,0,50,2,50,950,1000,50,1000,50,50,50,0.96,0.0,0.0,0.04,0.95,0.05,1.0,0.4061,0.407,7,7ef6a1c6728d49ed12693b7ed0dc2d69de7f13d2,3.13.14
4.0,single_fault_control,late,1000,5209,0.0,0.0,0.05,0.0,0.0,0.5,S1_minimal,0,0,50,0,0,50,16,0,1000,0,1,34,50,1000,1000,0,1000,50,0,50,0.32,0.0,0.0,0.68,1.0,0.0,0.0,0.182,0.183543,7,7ef6a1c6728d49ed12693b7ed0dc2d69de7f13d2,3.13.14
4.0,single_fault_control,late,1000,5209,0.0,0.0,0.05,0.0,0.0,0.5,S2_temporal,0,0,50,0,0,50,50,0,1000,0,1,0,50,1000,1000,0,1000,50,50,50,1.0,0.0,0.0,0.0,1.0,0.0,1.0,0.4102,0.413143,7,7ef6a1c6728d49ed12693b7ed0dc2d69de7f13d2,3.13.14
4.0,single_fault_control,late,1000,5209,0.0,0.0,0.05,0.0,0.0,0.5,S3_recovery,0,0,50,0,0,50,16,0,1000,0,1,34,50,1000,1000,0,1000,50,0,50,0.32,0.0,0.0,0.68,1.0,0.0,0.0,0.1806,0.1811,7,7ef6a1c6728d49ed12693b7ed0dc2d69de7f13d2,3.13.14
4.0,single_fault_control,late,1000,5209,0.0,0.0,0.05,0.0,0.0,0.5,S4_full,0,0,50,0,0,50,50,0,1000,0,1,0,50,1000,1000,0,1000,50,50,50,1.0,0.0,0.0,0.0,1.0,0.0,1.0,0.4147,0.413971,7,7ef6a1c6728d49ed12693b7ed0dc2d69de7f13d2,3.13.14
4.0,single_fault_control,conflict,1000,5209,0.0,0.0,0.0,0.05,0.0,0.5,S1_minimal,0,0,0,50,0,50,0,0,1000,0,1,50,50,1000,1000,0,1000,50,0,50,0.0,0.0,0.0,1.0,1.0,0.0,0.0,0.1928,0.198686,7,7ef6a1c6728d49ed12693b7ed0dc2d69de7f13d2,3.13.14
4.0,single_fault_control,conflict,1000,5209,0.0,0.0,0.0,0.05,0.0,0.5,S2_temporal,0,0,0,50,0,50,50,0,1000,0,1,0,50,1000,1000,0,1000,50,50,50,1.0,0.0,0.0,0.0,1.0,0.0,1.0,0.4332,0.436843,7,7ef6a1c6728d49ed12693b7ed0dc2d69de7f13d2,3.13.14
4.0,single_fault_control,conflict,1000,5209,0.0,0.0,0.0,0.05,0.0,0.5,S3_recovery,0,0,0,50,0,50,0,0,1000,0,1,50,50,1000,1000,0,1000,50,0,50,0.0,0.0,0.0,1.0,1.0,0.0,0.0,0.195,0.195457,7,7ef6a1c6728d49ed12693b7ed0dc2d69de7f13d2,3.13.14
4.0,single_fault_control,conflict,1000,5209,0.0,0.0,0.0,0.05,0.0,0.5,S4_full,0,0,0,50,0,50,50,0,1000,0,1,0,50,1000,1000,0,1000,50,50,50,1.0,0.0,0.0,0.0,1.0,0.0,1.0,0.4277,0.430314,7,7ef6a1c6728d49ed12693b7ed0dc2d69de7f13d2,3.13.14
4.0,single_fault_control,recovery,1000,5209,0.0,0.0,0.0,0.0,0.5,0.5,S1_minimal,0,0,0,0,250,50,50,0,1000,0,1,0,50,1000,1000,0,1000,250,0,250,1.0,0.0,0.0,0.0,1.0,0.0,0.0,0.1985,0.198857,7,7ef6a1c6728d49ed12693b7ed0dc2d69de7f13d2,3.13.14
4.0,single_fault_control,recovery,1000,5209,0.0,0.0,0.0,0.0,0.5,0.5,S2_temporal,0,0,0,0,250,50,50,0,1000,0,1,0,50,1000,1000,0,1000,250,0,250,1.0,0.0,0.0,0.0,1.0,0.0,0.0,0.452,0.4556,7,7ef6a1c6728d49ed12693b7ed0dc2d69de7f13d2,3.13.14
4.0,single_fault_control,recovery,1000,5209,0.0,0.0,0.0,0.0,0.5,0.5,S3_recovery,0,0,0,0,250,50,50,0,1000,0,1,0,50,1000,1000,0,1000,250,0,250,1.0,0.0,0.0,0.0,1.0,0.0,0.0,0.2026,0.2086,7,7ef6a1c6728d49ed12693b7ed0dc2d69de7f13d2,3.13.14
4.0,single_fault_control,recovery,1000,5209,0.0,0.0,0.0,0.0,0.5,0.5,S4_full,0,0,0,0,250,50,50,0,1000,0,1,0,50,1000,1000,0,1000,250,0,250,1.0,0.0,0.0,0.0,1.0,0.0,0.0,0.4573,0.4592,7,7ef6a1c6728d49ed12693b7ed0dc2d69de7f13d2,3.13.14
4.0,principal,compound,1000,6521,0.01,0.01,0.01,0.01,0.5,0.5,S1_minimal,10,10,10,10,255,50,32,0,1000,0,10,18,50,990,1000,10,1000,295,20,295,0.64,0.0,0.0,0.36,0.99,0.01,0.06779661,0.2041,0.205343,7,7ef6a1c6728d49ed12693b7ed0dc2d69de7f13d2,3.13.14
4.0,principal,compound,1000,6521,0.01,0.01,0.01,0.01,0.5,0.5,S2_temporal,10,10,10,10,255,50,50,0,1000,0,10,0,50,990,1000,10,1000,295,40,295,1.0,0.0,0.0,0.0,0.99,0.01,0.13559322,0.4589,0.462557,7,7ef6a1c6728d49ed12693b7ed0dc2d69de7f13d2,3.13.14
4.0,principal,compound,1000,6521,0.01,0.01,0.01,0.01,0.5,0.5,S3_recovery,10,10,10,10,255,50,32,0,1000,0,10,18,50,990,1000,10,1000,295,20,295,0.64,0.0,0.0,0.36,0.99,0.01,0.06779661,0.201,0.201386,7,7ef6a1c6728d49ed12693b7ed0dc2d69de7f13d2,3.13.14
4.0,principal,compound,1000,6521,0.01,0.01,0.01,0.01,0.5,0.5,S4_full,10,10,10,10,255,50,50,0,1000,0,10,0,50,990,1000,10,1000,295,40,295,1.0,0.0,0.0,0.0,0.99,0.01,0.13559322,0.4653,0.475971,7,7ef6a1c6728d49ed12693b7ed0dc2d69de7f13d2,3.13.14
4.0,principal,compound,1000,6521,0.05,0.05,0.05,0.05,0.5,0.5,S1_minimal,50,50,50,50,275,50,1,0,1000,0,50,49,50,950,1000,50,1000,475,100,475,0.02,0.0,0.0,0.98,0.95,0.05,0.210526316,0.2212,0.226814,7,7ef6a1c6728d49ed12693b7ed0dc2d69de7f13d2,3.13.14
4.0,principal,compound,1000,6521,0.05,0.05,0.05,0.05,0.5,0.5,S2_temporal,50,50,50,50,275,50,46,0,1000,0,50,4,50,950,1000,50,1000,475,200,475,0.92,0.0,0.0,0.08,0.95,0.05,0.421052632,0.4902,0.491914,7,7ef6a1c6728d49ed12693b7ed0dc2d69de7f13d2,3.13.14
4.0,principal,compound,1000,6521,0.05,0.05,0.05,0.05,0.5,0.5,S3_recovery,50,50,50,50,275,50,1,0,1000,0,50,49,50,950,1000,50,1000,475,100,475,0.02,0.0,0.0,0.98,0.95,0.05,0.210526316,0.2182,0.2186,7,7ef6a1c6728d49ed12693b7ed0dc2d69de7f13d2,3.13.14
4.0,principal,compound,1000,6521,0.05,0.05,0.05,0.05,0.5,0.5,S4_full,50,50,50,50,275,50,46,0,1000,0,50,4,50,950,1000,50,1000,475,200,475,0.92,0.0,0.0,0.08,0.95,0.05,0.421052632,0.4975,0.495571,7,7ef6a1c6728d49ed12693b7ed0dc2d69de7f13d2,3.13.14
4.0,principal,compound,1000,6521,0.1,0.1,0.1,0.1,0.5,0.5,S1_minimal,100,100,100,50,287,50,4,0,1000,0,100,46,50,900,1000,100,1000,637,200,637,0.08,0.0,0.0,0.92,0.9,0.1,0.313971743,0.2326,0.2316,7,7ef6a1c6728d49ed12693b7ed0dc2d69de7f13d2,3.13.14
4.0,principal,compound,1000,6521,0.1,0.1,0.1,0.1,0.5,0.5,S2_temporal,100,100,100,50,287,50,44,0,1000,0,100,6,50,900,1000,100,1000,637,350,637,0.88,0.0,0.0,0.12,0.9,0.1,0.549450549,0.4934,0.4949,7,7ef6a1c6728d49ed12693b7ed0dc2d69de7f13d2,3.13.14
4.0,principal,compound,1000,6521,0.1,0.1,0.1,0.1,0.5,0.5,S3_recovery,100,100,100,50,287,50,4,0,1000,0,100,46,50,900,1000,100,1000,637,200,637,0.08,0.0,0.0,0.92,0.9,0.1,0.313971743,0.2248,0.226057,7,7ef6a1c6728d49ed12693b7ed0dc2d69de7f13d2,3.13.14
4.0,principal,compound,1000,6521,0.1,0.1,0.1,0.1,0.5,0.5,S4_full,100,100,100,50,287,50,44,0,1000,0,100,6,50,900,1000,100,1000,637,350,637,0.88,0.0,0.0,0.12,0.9,0.1,0.549450549,0.4955,0.495757,7,7ef6a1c6728d49ed12693b7ed0dc2d69de7f13d2,3.13.14
4.0,single_fault_control,duplicate,1000,6521,0.05,0.0,0.0,0.0,0.0,0.5,S1_minimal,50,0,0,0,0,50,50,0,1000,0,1,0,50,1000,1000,0,1000,50,50,50,1.0,0.0,0.0,0.0,1.0,0.0,1.0,0.2096,0.215343,7,7ef6a1c6728d49ed12693b7ed0dc2d69de7f13d2,3.13.14
4.0,single_fault_control,duplicate,1000,6521,0.05,0.0,0.0,0.0,0.0,0.5,S2_temporal,50,0,0,0,0,50,50,0,1000,0,1,0,50,1000,1000,0,1000,50,50,50,1.0,0.0,0.0,0.0,1.0,0.0,1.0,0.4429,0.4462,7,7ef6a1c6728d49ed12693b7ed0dc2d69de7f13d2,3.13.14
4.0,single_fault_control,duplicate,1000,6521,0.05,0.0,0.0,0.0,0.0,0.5,S3_recovery,50,0,0,0,0,50,50,0,1000,0,1,0,50,1000,1000,0,1000,50,50,50,1.0,0.0,0.0,0.0,1.0,0.0,1.0,0.192,0.192857,7,7ef6a1c6728d49ed12693b7ed0dc2d69de7f13d2,3.13.14
4.0,single_fault_control,duplicate,1000,6521,0.05,0.0,0.0,0.0,0.0,0.5,S4_full,50,0,0,0,0,50,50,0,1000,0,1,0,50,1000,1000,0,1000,50,50,50,1.0,0.0,0.0,0.0,1.0,0.0,1.0,0.4449,0.441586,7,7ef6a1c6728d49ed12693b7ed0dc2d69de7f13d2,3.13.14
4.0,single_fault_control,null_key,1000,6521,0.0,0.05,0.0,0.0,0.0,0.5,S1_minimal,0,50,0,0,0,50,47,0,1000,0,50,3,50,950,1000,50,1000,50,50,50,0.94,0.0,0.0,0.06,0.95,0.05,1.0,0.188,0.193929,7,7ef6a1c6728d49ed12693b7ed0dc2d69de7f13d2,3.13.14
4.0,single_fault_control,null_key,1000,6521,0.0,0.05,0.0,0.0,0.0,0.5,S2_temporal,0,50,0,0,0,50,47,0,1000,0,50,3,50,950,1000,50,1000,50,50,50,0.94,0.0,0.0,0.06,0.95,0.05,1.0,0.4261,0.460586,7,7ef6a1c6728d49ed12693b7ed0dc2d69de7f13d2,3.13.14
4.0,single_fault_control,null_key,1000,6521,0.0,0.05,0.0,0.0,0.0,0.5,S3_recovery,0,50,0,0,0,50,47,0,1000,0,50,3,50,950,1000,50,1000,50,50,50,0.94,0.0,0.0,0.06,0.95,0.05,1.0,0.2107,0.227186,7,7ef6a1c6728d49ed12693b7ed0dc2d69de7f13d2,3.13.14
4.0,single_fault_control,null_key,1000,6521,0.0,0.05,0.0,0.0,0.0,0.5,S4_full,0,50,0,0,0,50,47,0,1000,0,50,3,50,950,1000,50,1000,50,50,50,0.94,0.0,0.0,0.06,0.95,0.05,1.0,0.4167,0.422943,7,7ef6a1c6728d49ed12693b7ed0dc2d69de7f13d2,3.13.14
4.0,single_fault_control,late,1000,6521,0.0,0.0,0.05,0.0,0.0,0.5,S1_minimal,0,0,50,0,0,50,21,0,1000,0,1,29,50,1000,1000,0,1000,50,0,50,0.42,0.0,0.0,0.58,1.0,0.0,0.0,0.1928,0.196129,7,7ef6a1c6728d49ed12693b7ed0dc2d69de7f13d2,3.13.14
4.0,single_fault_control,late,1000,6521,0.0,0.0,0.05,0.0,0.0,0.5,S2_temporal,0,0,50,0,0,50,50,0,1000,0,1,0,50,1000,1000,0,1000,50,50,50,1.0,0.0,0.0,0.0,1.0,0.0,1.0,0.4246,0.431,7,7ef6a1c6728d49ed12693b7ed0dc2d69de7f13d2,3.13.14
4.0,single_fault_control,late,1000,6521,0.0,0.0,0.05,0.0,0.0,0.5,S3_recovery,0,0,50,0,0,50,21,0,1000,0,1,29,50,1000,1000,0,1000,50,0,50,0.42,0.0,0.0,0.58,1.0,0.0,0.0,0.1842,0.186343,7,7ef6a1c6728d49ed12693b7ed0dc2d69de7f13d2,3.13.14
4.0,single_fault_control,late,1000,6521,0.0,0.0,0.05,0.0,0.0,0.5,S4_full,0,0,50,0,0,50,50,0,1000,0,1,0,50,1000,1000,0,1000,50,50,50,1.0,0.0,0.0,0.0,1.0,0.0,1.0,0.4426,0.482957,7,7ef6a1c6728d49ed12693b7ed0dc2d69de7f13d2,3.13.14
4.0,single_fault_control,conflict,1000,6521,0.0,0.0,0.0,0.05,0.0,0.5,S1_minimal,0,0,0,50,0,50,0,0,1000,0,1,50,50,1000,1000,0,1000,50,0,50,0.0,0.0,0.0,1.0,1.0,0.0,0.0,0.2066,0.209,7,7ef6a1c6728d49ed12693b7ed0dc2d69de7f13d2,3.13.14
4.0,single_fault_control,conflict,1000,6521,0.0,0.0,0.0,0.05,0.0,0.5,S2_temporal,0,0,0,50,0,50,50,0,1000,0,1,0,50,1000,1000,0,1000,50,50,50,1.0,0.0,0.0,0.0,1.0,0.0,1.0,0.4481,0.449171,7,7ef6a1c6728d49ed12693b7ed0dc2d69de7f13d2,3.13.14
4.0,single_fault_control,conflict,1000,6521,0.0,0.0,0.0,0.05,0.0,0.5,S3_recovery,0,0,0,50,0,50,0,0,1000,0,1,50,50,1000,1000,0,1000,50,0,50,0.0,0.0,0.0,1.0,1.0,0.0,0.0,0.1953,0.198314,7,7ef6a1c6728d49ed12693b7ed0dc2d69de7f13d2,3.13.14
4.0,single_fault_control,conflict,1000,6521,0.0,0.0,0.0,0.05,0.0,0.5,S4_full,0,0,0,50,0,50,50,0,1000,0,1,0,50,1000,1000,0,1000,50,50,50,1.0,0.0,0.0,0.0,1.0,0.0,1.0,0.4475,0.451086,7,7ef6a1c6728d49ed12693b7ed0dc2d69de7f13d2,3.13.14
4.0,single_fault_control,recovery,1000,6521,0.0,0.0,0.0,0.0,0.5,0.5,S1_minimal,0,0,0,0,250,50,50,0,1000,0,1,0,50,1000,1000,0,1000,250,0,250,1.0,0.0,0.0,0.0,1.0,0.0,0.0,0.2671,0.335214,7,7ef6a1c6728d49ed12693b7ed0dc2d69de7f13d2,3.13.14
4.0,single_fault_control,recovery,1000,6521,0.0,0.0,0.0,0.0,0.5,0.5,S2_temporal,0,0,0,0,250,50,50,0,1000,0,1,0,50,1000,1000,0,1000,250,0,250,1.0,0.0,0.0,0.0,1.0,0.0,0.0,0.5007,0.509086,7,7ef6a1c6728d49ed12693b7ed0dc2d69de7f13d2,3.13.14
4.0,single_fault_control,recovery,1000,6521,0.0,0.0,0.0,0.0,0.5,0.5,S3_recovery,0,0,0,0,250,50,50,0,1000,0,1,0,50,1000,1000,0,1000,250,0,250,1.0,0.0,0.0,0.0,1.0,0.0,0.0,0.2027,0.208114,7,7ef6a1c6728d49ed12693b7ed0dc2d69de7f13d2,3.13.14
4.0,single_fault_control,recovery,1000,6521,0.0,0.0,0.0,0.0,0.5,0.5,S4_full,0,0,0,0,250,50,50,0,1000,0,1,0,50,1000,1000,0,1000,250,0,250,1.0,0.0,0.0,0.0,1.0,0.0,0.0,0.4705,0.471857,7,7ef6a1c6728d49ed12693b7ed0dc2d69de7f13d2,3.13.14
4.0,principal,compound,10000,1301,0.01,0.01,0.01,0.01,0.5,0.5,S1_minimal,100,100,100,100,2550,500,334,0,10000,0,100,166,500,9900,10000,100,10000,2950,200,2950,0.668,0.0,0.0,0.332,0.99,0.01,0.06779661,2.567,2.749557,7,7ef6a1c6728d49ed12693b7ed0dc2d69de7f13d2,3.13.14
4.0,principal,compound,10000,1301,0.01,0.01,0.01,0.01,0.5,0.5,S2_temporal,100,100,100,100,2550,500,497,0,10000,0,100,3,500,9900,10000,100,10000,2950,400,2950,0.994,0.0,0.0,0.006,0.99,0.01,0.13559322,8.6471,8.311871,7,7ef6a1c6728d49ed12693b7ed0dc2d69de7f13d2,3.13.14
4.0,principal,compound,10000,1301,0.01,0.01,0.01,0.01,0.5,0.5,S3_recovery,100,100,100,100,2550,500,334,0,10000,0,100,166,500,9900,10000,100,10000,2950,200,2950,0.668,0.0,0.0,0.332,0.99,0.01,0.06779661,4.5227,4.498643,7,7ef6a1c6728d49ed12693b7ed0dc2d69de7f13d2,3.13.14
4.0,principal,compound,10000,1301,0.01,0.01,0.01,0.01,0.5,0.5,S4_full,100,100,100,100,2550,500,497,0,10000,0,100,3,500,9900,10000,100,10000,2950,400,2950,0.994,0.0,0.0,0.006,0.99,0.01,0.13559322,8.916,8.384871,7,7ef6a1c6728d49ed12693b7ed0dc2d69de7f13d2,3.13.14
4.0,principal,compound,10000,1301,0.05,0.05,0.05,0.05,0.5,0.5,S1_minimal,500,500,500,500,2750,500,27,0,10000,0,500,473,500,9500,10000,500,10000,4750,1000,4750,0.054,0.0,0.0,0.946,0.95,0.05,0.210526316,2.4799,2.528743,7,7ef6a1c6728d49ed12693b7ed0dc2d69de7f13d2,3.13.14
4.0,principal,compound,10000,1301,0.05,0.05,0.05,0.05,0.5,0.5,S2_temporal,500,500,500,500,2750,500,467,0,10000,0,500,33,500,9500,10000,500,10000,4750,2000,4750,0.934,0.0,0.0,0.066,0.95,0.05,0.421052632,11.9867,12.030343,7,7ef6a1c6728d49ed12693b7ed0dc2d69de7f13d2,3.13.14
4.0,principal,compound,10000,1301,0.05,0.05,0.05,0.05,0.5,0.5,S3_recovery,500,500,500,500,2750,500,27,0,10000,0,500,473,500,9500,10000,500,10000,4750,1000,4750,0.054,0.0,0.0,0.946,0.95,0.05,0.210526316,6.1642,6.066957,7,7ef6a1c6728d49ed12693b7ed0dc2d69de7f13d2,3.13.14
4.0,principal,compound,10000,1301,0.05,0.05,0.05,0.05,0.5,0.5,S4_full,500,500,500,500,2750,500,467,0,10000,0,500,33,500,9500,10000,500,10000,4750,2000,4750,0.934,0.0,0.0,0.066,0.95,0.05,0.421052632,8.2542,8.502657,7,7ef6a1c6728d49ed12693b7ed0dc2d69de7f13d2,3.13.14
4.0,principal,compound,10000,1301,0.1,0.1,0.1,0.1,0.5,0.5,S1_minimal,1000,1000,1000,500,2875,500,53,0,10000,0,1000,447,500,9000,10000,1000,10000,6375,2000,6375,0.106,0.0,0.0,0.894,0.9,0.1,0.31372549,2.547,2.511343,7,7ef6a1c6728d49ed12693b7ed0dc2d69de7f13d2,3.13.14
4.0,principal,compound,10000,1301,0.1,0.1,0.1,0.1,0.5,0.5,S2_temporal,1000,1000,1000,500,2875,500,456,0,10000,0,1000,44,500,9000,10000,1000,10000,6375,3500,6375,0.912,0.0,0.0,0.088,0.9,0.1,0.549019608,5.4463,5.458529,7,7ef6a1c6728d49ed12693b7ed0dc2d69de7f13d2,3.13.14
4.0,principal,compound,10000,1301,0.1,0.1,0.1,0.1,0.5,0.5,S3_recovery,1000,1000,1000,500,2875,500,53,0,10000,0,1000,447,500,9000,10000,1000,10000,6375,2000,6375,0.106,0.0,0.0,0.894,0.9,0.1,0.31372549,2.424,2.430629,7,7ef6a1c6728d49ed12693b7ed0dc2d69de7f13d2,3.13.14
4.0,principal,compound,10000,1301,0.1,0.1,0.1,0.1,0.5,0.5,S4_full,1000,1000,1000,500,2875,500,456,0,10000,0,1000,44,500,9000,10000,1000,10000,6375,3500,6375,0.912,0.0,0.0,0.088,0.9,0.1,0.549019608,5.2787,5.305157,7,7ef6a1c6728d49ed12693b7ed0dc2d69de7f13d2,3.13.14
4.0,single_fault_control,duplicate,10000,1301,0.05,0.0,0.0,0.0,0.0,0.5,S1_minimal,500,0,0,0,0,500,500,0,10000,0,1,0,500,10000,10000,0,10000,500,500,500,1.0,0.0,0.0,0.0,1.0,0.0,1.0,2.0894,2.042614,7,7ef6a1c6728d49ed12693b7ed0dc2d69de7f13d2,3.13.14
4.0,single_fault_control,duplicate,10000,1301,0.05,0.0,0.0,0.0,0.0,0.5,S2_temporal,500,0,0,0,0,500,500,0,10000,0,1,0,500,10000,10000,0,10000,500,500,500,1.0,0.0,0.0,0.0,1.0,0.0,1.0,4.6309,4.581843,7,7ef6a1c6728d49ed12693b7ed0dc2d69de7f13d2,3.13.14
4.0,single_fault_control,duplicate,10000,1301,0.05,0.0,0.0,0.0,0.0,0.5,S3_recovery,500,0,0,0,0,500,500,0,10000,0,1,0,500,10000,10000,0,10000,500,500,500,1.0,0.0,0.0,0.0,1.0,0.0,1.0,2.0917,2.067843,7,7ef6a1c6728d49ed12693b7ed0dc2d69de7f13d2,3.13.14
4.0,single_fault_control,duplicate,10000,1301,0.05,0.0,0.0,0.0,0.0,0.5,S4_full,500,0,0,0,0,500,500,0,10000,0,1,0,500,10000,10000,0,10000,500,500,500,1.0,0.0,0.0,0.0,1.0,0.0,1.0,4.552,4.585571,7,7ef6a1c6728d49ed12693b7ed0dc2d69de7f13d2,3.13.14
4.0,single_fault_control,null_key,10000,1301,0.0,0.05,0.0,0.0,0.0,0.5,S1_minimal,0,500,0,0,0,500,476,0,10000,0,500,24,500,9500,10000,500,10000,500,500,500,0.952,0.0,0.0,0.048,0.95,0.05,1.0,1.9108,1.945671,7,7ef6a1c6728d49ed12693b7ed0dc2d69de7f13d2,3.13.14
4.0,single_fault_control,null_key,10000,1301,0.0,0.05,0.0,0.0,0.0,0.5,S2_temporal,0,500,0,0,0,500,476,0,10000,0,500,24,500,9500,10000,500,10000,500,500,500,0.952,0.0,0.0,0.048,0.95,0.05,1.0,4.397,4.441171,7,7ef6a1c6728d49ed12693b7ed0dc2d69de7f13d2,3.13.14
4.0,single_fault_control,null_key,10000,1301,0.0,0.05,0.0,0.0,0.0,0.5,S3_recovery,0,500,0,0,0,500,476,0,10000,0,500,24,500,9500,10000,500,10000,500,500,500,0.952,0.0,0.0,0.048,0.95,0.05,1.0,2.053,2.074614,7,7ef6a1c6728d49ed12693b7ed0dc2d69de7f13d2,3.13.14
4.0,single_fault_control,null_key,10000,1301,0.0,0.05,0.0,0.0,0.0,0.5,S4_full,0,500,0,0,0,500,476,0,10000,0,500,24,500,9500,10000,500,10000,500,500,500,0.952,0.0,0.0,0.048,0.95,0.05,1.0,4.412,4.386357,7,7ef6a1c6728d49ed12693b7ed0dc2d69de7f13d2,3.13.14
4.0,single_fault_control,late,10000,1301,0.0,0.0,0.05,0.0,0.0,0.5,S1_minimal,0,0,500,0,0,500,215,0,10000,0,1,285,500,10000,10000,0,10000,500,0,500,0.43,0.0,0.0,0.57,1.0,0.0,0.0,2.0582,2.130986,7,7ef6a1c6728d49ed12693b7ed0dc2d69de7f13d2,3.13.14
4.0,single_fault_control,late,10000,1301,0.0,0.0,0.05,0.0,0.0,0.5,S2_temporal,0,0,500,0,0,500,500,0,10000,0,1,0,500,10000,10000,0,10000,500,500,500,1.0,0.0,0.0,0.0,1.0,0.0,1.0,4.6144,4.802471,7,7ef6a1c6728d49ed12693b7ed0dc2d69de7f13d2,3.13.14
4.0,single_fault_control,late,10000,1301,0.0,0.0,0.05,0.0,0.0,0.5,S3_recovery,0,0,500,0,0,500,215,0,10000,0,1,285,500,10000,10000,0,10000,500,0,500,0.43,0.0,0.0,0.57,1.0,0.0,0.0,2.1881,2.514686,7,7ef6a1c6728d49ed12693b7ed0dc2d69de7f13d2,3.13.14
4.0,single_fault_control,late,10000,1301,0.0,0.0,0.05,0.0,0.0,0.5,S4_full,0,0,500,0,0,500,500,0,10000,0,1,0,500,10000,10000,0,10000,500,500,500,1.0,0.0,0.0,0.0,1.0,0.0,1.0,5.396,5.125771,7,7ef6a1c6728d49ed12693b7ed0dc2d69de7f13d2,3.13.14
4.0,single_fault_control,conflict,10000,1301,0.0,0.0,0.0,0.05,0.0,0.5,S1_minimal,0,0,0,500,0,500,0,0,10000,0,1,500,500,10000,10000,0,10000,500,0,500,0.0,0.0,0.0,1.0,1.0,0.0,0.0,2.1951,2.331314,7,7ef6a1c6728d49ed12693b7ed0dc2d69de7f13d2,3.13.14
4.0,single_fault_control,conflict,10000,1301,0.0,0.0,0.0,0.05,0.0,0.5,S2_temporal,0,0,0,500,0,500,500,0,10000,0,1,0,500,10000,10000,0,10000,500,500,500,1.0,0.0,0.0,0.0,1.0,0.0,1.0,4.7997,4.883829,7,7ef6a1c6728d49ed12693b7ed0dc2d69de7f13d2,3.13.14
4.0,single_fault_control,conflict,10000,1301,0.0,0.0,0.0,0.05,0.0,0.5,S3_recovery,0,0,0,500,0,500,0,0,10000,0,1,500,500,10000,10000,0,10000,500,0,500,0.0,0.0,0.0,1.0,1.0,0.0,0.0,2.2008,2.200586,7,7ef6a1c6728d49ed12693b7ed0dc2d69de7f13d2,3.13.14
4.0,single_fault_control,conflict,10000,1301,0.0,0.0,0.0,0.05,0.0,0.5,S4_full,0,0,0,500,0,500,500,0,10000,0,1,0,500,10000,10000,0,10000,500,500,500,1.0,0.0,0.0,0.0,1.0,0.0,1.0,4.9542,4.927186,7,7ef6a1c6728d49ed12693b7ed0dc2d69de7f13d2,3.13.14
4.0,single_fault_control,recovery,10000,1301,0.0,0.0,0.0,0.0,0.5,0.5,S1_minimal,0,0,0,0,2500,500,500,0,10000,0,1,0,500,10000,10000,0,10000,2500,0,2500,1.0,0.0,0.0,0.0,1.0,0.0,0.0,2.3129,2.336843,7,7ef6a1c6728d49ed12693b7ed0dc2d69de7f13d2,3.13.14
4.0,single_fault_control,recovery,10000,1301,0.0,0.0,0.0,0.0,0.5,0.5,S2_temporal,0,0,0,0,2500,500,500,0,10000,0,1,0,500,10000,10000,0,10000,2500,0,2500,1.0,0.0,0.0,0.0,1.0,0.0,0.0,4.914,5.028314,7,7ef6a1c6728d49ed12693b7ed0dc2d69de7f13d2,3.13.14
4.0,single_fault_control,recovery,10000,1301,0.0,0.0,0.0,0.0,0.5,0.5,S3_recovery,0,0,0,0,2500,500,500,0,10000,0,1,0,500,10000,10000,0,10000,2500,0,2500,1.0,0.0,0.0,0.0,1.0,0.0,0.0,2.2417,2.3202,7,7ef6a1c6728d49ed12693b7ed0dc2d69de7f13d2,3.13.14
4.0,single_fault_control,recovery,10000,1301,0.0,0.0,0.0,0.0,0.5,0.5,S4_full,0,0,0,0,2500,500,500,0,10000,0,1,0,500,10000,10000,0,10000,2500,0,2500,1.0,0.0,0.0,0.0,1.0,0.0,0.0,5.0213,5.012429,7,7ef6a1c6728d49ed12693b7ed0dc2d69de7f13d2,3.13.14
4.0,principal,compound,10000,2609,0.01,0.01,0.01,0.01,0.5,0.5,S1_minimal,100,100,100,100,2550,500,327,0,10000,0,100,173,500,9900,10000,100,10000,2950,200,2950,0.654,0.0,0.0,0.346,0.99,0.01,0.06779661,3.654,3.360457,7,7ef6a1c6728d49ed12693b7ed0dc2d69de7f13d2,3.13.14
4.0,principal,compound,10000,2609,0.01,0.01,0.01,0.01,0.5,0.5,S2_temporal,100,100,100,100,2550,500,494,0,10000,0,100,6,500,9900,10000,100,10000,2950,400,2950,0.988,0.0,0.0,0.012,0.99,0.01,0.13559322,5.3131,5.247443,7,7ef6a1c6728d49ed12693b7ed0dc2d69de7f13d2,3.13.14
4.0,principal,compound,10000,2609,0.01,0.01,0.01,0.01,0.5,0.5,S3_recovery,100,100,100,100,2550,500,327,0,10000,0,100,173,500,9900,10000,100,10000,2950,200,2950,0.654,0.0,0.0,0.346,0.99,0.01,0.06779661,2.3277,2.362014,7,7ef6a1c6728d49ed12693b7ed0dc2d69de7f13d2,3.13.14
4.0,principal,compound,10000,2609,0.01,0.01,0.01,0.01,0.5,0.5,S4_full,100,100,100,100,2550,500,494,0,10000,0,100,6,500,9900,10000,100,10000,2950,400,2950,0.988,0.0,0.0,0.012,0.99,0.01,0.13559322,4.8793,5.0093,7,7ef6a1c6728d49ed12693b7ed0dc2d69de7f13d2,3.13.14
4.0,principal,compound,10000,2609,0.05,0.05,0.05,0.05,0.5,0.5,S1_minimal,500,500,500,500,2750,500,25,0,10000,0,500,475,500,9500,10000,500,10000,4750,1000,4750,0.05,0.0,0.0,0.95,0.95,0.05,0.210526316,2.361,2.457114,7,7ef6a1c6728d49ed12693b7ed0dc2d69de7f13d2,3.13.14
4.0,principal,compound,10000,2609,0.05,0.05,0.05,0.05,0.5,0.5,S2_temporal,500,500,500,500,2750,500,475,0,10000,0,500,25,500,9500,10000,500,10000,4750,2000,4750,0.95,0.0,0.0,0.05,0.95,0.05,0.421052632,5.1706,5.423686,7,7ef6a1c6728d49ed12693b7ed0dc2d69de7f13d2,3.13.14
4.0,principal,compound,10000,2609,0.05,0.05,0.05,0.05,0.5,0.5,S3_recovery,500,500,500,500,2750,500,25,0,10000,0,500,475,500,9500,10000,500,10000,4750,1000,4750,0.05,0.0,0.0,0.95,0.95,0.05,0.210526316,2.3322,2.498886,7,7ef6a1c6728d49ed12693b7ed0dc2d69de7f13d2,3.13.14
4.0,principal,compound,10000,2609,0.05,0.05,0.05,0.05,0.5,0.5,S4_full,500,500,500,500,2750,500,475,0,10000,0,500,25,500,9500,10000,500,10000,4750,2000,4750,0.95,0.0,0.0,0.05,0.95,0.05,0.421052632,5.3189,5.482714,7,7ef6a1c6728d49ed12693b7ed0dc2d69de7f13d2,3.13.14
4.0,principal,compound,10000,2609,0.1,0.1,0.1,0.1,0.5,0.5,S1_minimal,1000,1000,1000,500,2875,500,42,0,10000,0,1000,458,500,9000,10000,1000,10000,6375,2000,6375,0.084,0.0,0.0,0.916,0.9,0.1,0.31372549,2.3599,2.5497,7,7ef6a1c6728d49ed12693b7ed0dc2d69de7f13d2,3.13.14
4.0,principal,compound,10000,2609,0.1,0.1,0.1,0.1,0.5,0.5,S2_temporal,1000,1000,1000,500,2875,500,441,0,10000,0,1000,59,500,9000,10000,1000,10000,6375,3500,6375,0.882,0.0,0.0,0.118,0.9,0.1,0.549019608,5.6065,5.591171,7,7ef6a1c6728d49ed12693b7ed0dc2d69de7f13d2,3.13.14
4.0,principal,compound,10000,2609,0.1,0.1,0.1,0.1,0.5,0.5,S3_recovery,1000,1000,1000,500,2875,500,42,0,10000,0,1000,458,500,9000,10000,1000,10000,6375,2000,6375,0.084,0.0,0.0,0.916,0.9,0.1,0.31372549,2.585,2.661429,7,7ef6a1c6728d49ed12693b7ed0dc2d69de7f13d2,3.13.14
4.0,principal,compound,10000,2609,0.1,0.1,0.1,0.1,0.5,0.5,S4_full,1000,1000,1000,500,2875,500,441,0,10000,0,1000,59,500,9000,10000,1000,10000,6375,3500,6375,0.882,0.0,0.0,0.118,0.9,0.1,0.549019608,5.342,5.5515,7,7ef6a1c6728d49ed12693b7ed0dc2d69de7f13d2,3.13.14
4.0,single_fault_control,duplicate,10000,2609,0.05,0.0,0.0,0.0,0.0,0.5,S1_minimal,500,0,0,0,0,500,500,0,10000,0,1,0,500,10000,10000,0,10000,500,500,500,1.0,0.0,0.0,0.0,1.0,0.0,1.0,2.1328,2.199543,7,7ef6a1c6728d49ed12693b7ed0dc2d69de7f13d2,3.13.14
4.0,single_fault_control,duplicate,10000,2609,0.05,0.0,0.0,0.0,0.0,0.5,S2_temporal,500,0,0,0,0,500,500,0,10000,0,1,0,500,10000,10000,0,10000,500,500,500,1.0,0.0,0.0,0.0,1.0,0.0,1.0,4.6309,4.893029,7,7ef6a1c6728d49ed12693b7ed0dc2d69de7f13d2,3.13.14
4.0,single_fault_control,duplicate,10000,2609,0.05,0.0,0.0,0.0,0.0,0.5,S3_recovery,500,0,0,0,0,500,500,0,10000,0,1,0,500,10000,10000,0,10000,500,500,500,1.0,0.0,0.0,0.0,1.0,0.0,1.0,1.968,2.075571,7,7ef6a1c6728d49ed12693b7ed0dc2d69de7f13d2,3.13.14
4.0,single_fault_control,duplicate,10000,2609,0.05,0.0,0.0,0.0,0.0,0.5,S4_full,500,0,0,0,0,500,500,0,10000,0,1,0,500,10000,10000,0,10000,500,500,500,1.0,0.0,0.0,0.0,1.0,0.0,1.0,4.807,4.781871,7,7ef6a1c6728d49ed12693b7ed0dc2d69de7f13d2,3.13.14
4.0,single_fault_control,null_key,10000,2609,0.0,0.05,0.0,0.0,0.0,0.5,S1_minimal,0,500,0,0,0,500,471,0,10000,0,500,29,500,9500,10000,500,10000,500,500,500,0.942,0.0,0.0,0.058,0.95,0.05,1.0,1.9229,2.088314,7,7ef6a1c6728d49ed12693b7ed0dc2d69de7f13d2,3.13.14
4.0,single_fault_control,null_key,10000,2609,0.0,0.05,0.0,0.0,0.0,0.5,S2_temporal,0,500,0,0,0,500,471,0,10000,0,500,29,500,9500,10000,500,10000,500,500,500,0.942,0.0,0.0,0.058,0.95,0.05,1.0,4.4823,4.652314,7,7ef6a1c6728d49ed12693b7ed0dc2d69de7f13d2,3.13.14
4.0,single_fault_control,null_key,10000,2609,0.0,0.05,0.0,0.0,0.0,0.5,S3_recovery,0,500,0,0,0,500,471,0,10000,0,500,29,500,9500,10000,500,10000,500,500,500,0.942,0.0,0.0,0.058,0.95,0.05,1.0,2.0534,2.085457,7,7ef6a1c6728d49ed12693b7ed0dc2d69de7f13d2,3.13.14
4.0,single_fault_control,null_key,10000,2609,0.0,0.05,0.0,0.0,0.0,0.5,S4_full,0,500,0,0,0,500,471,0,10000,0,500,29,500,9500,10000,500,10000,500,500,500,0.942,0.0,0.0,0.058,0.95,0.05,1.0,4.4067,4.462086,7,7ef6a1c6728d49ed12693b7ed0dc2d69de7f13d2,3.13.14
4.0,single_fault_control,late,10000,2609,0.0,0.0,0.05,0.0,0.0,0.5,S1_minimal,0,0,500,0,0,500,210,0,10000,0,1,290,500,10000,10000,0,10000,500,0,500,0.42,0.0,0.0,0.58,1.0,0.0,0.0,2.0549,2.142071,7,7ef6a1c6728d49ed12693b7ed0dc2d69de7f13d2,3.13.14
4.0,single_fault_control,late,10000,2609,0.0,0.0,0.05,0.0,0.0,0.5,S2_temporal,0,0,500,0,0,500,500,0,10000,0,1,0,500,10000,10000,0,10000,500,500,500,1.0,0.0,0.0,0.0,1.0,0.0,1.0,4.7449,4.7905,7,7ef6a1c6728d49ed12693b7ed0dc2d69de7f13d2,3.13.14
4.0,single_fault_control,late,10000,2609,0.0,0.0,0.05,0.0,0.0,0.5,S3_recovery,0,0,500,0,0,500,210,0,10000,0,1,290,500,10000,10000,0,10000,500,0,500,0.42,0.0,0.0,0.58,1.0,0.0,0.0,2.1032,2.138529,7,7ef6a1c6728d49ed12693b7ed0dc2d69de7f13d2,3.13.14
4.0,single_fault_control,late,10000,2609,0.0,0.0,0.05,0.0,0.0,0.5,S4_full,0,0,500,0,0,500,500,0,10000,0,1,0,500,10000,10000,0,10000,500,500,500,1.0,0.0,0.0,0.0,1.0,0.0,1.0,4.6929,4.900243,7,7ef6a1c6728d49ed12693b7ed0dc2d69de7f13d2,3.13.14
4.0,single_fault_control,conflict,10000,2609,0.0,0.0,0.0,0.05,0.0,0.5,S1_minimal,0,0,0,500,0,500,0,0,10000,0,1,500,500,10000,10000,0,10000,500,0,500,0.0,0.0,0.0,1.0,1.0,0.0,0.0,2.0086,2.1,7,7ef6a1c6728d49ed12693b7ed0dc2d69de7f13d2,3.13.14
4.0,single_fault_control,conflict,10000,2609,0.0,0.0,0.0,0.05,0.0,0.5,S2_temporal,0,0,0,500,0,500,500,0,10000,0,1,0,500,10000,10000,0,10000,500,500,500,1.0,0.0,0.0,0.0,1.0,0.0,1.0,4.7272,4.7984,7,7ef6a1c6728d49ed12693b7ed0dc2d69de7f13d2,3.13.14
4.0,single_fault_control,conflict,10000,2609,0.0,0.0,0.0,0.05,0.0,0.5,S3_recovery,0,0,0,500,0,500,0,0,10000,0,1,500,500,10000,10000,0,10000,500,0,500,0.0,0.0,0.0,1.0,1.0,0.0,0.0,2.0451,2.201214,7,7ef6a1c6728d49ed12693b7ed0dc2d69de7f13d2,3.13.14
4.0,single_fault_control,conflict,10000,2609,0.0,0.0,0.0,0.05,0.0,0.5,S4_full,0,0,0,500,0,500,500,0,10000,0,1,0,500,10000,10000,0,10000,500,500,500,1.0,0.0,0.0,0.0,1.0,0.0,1.0,4.6654,4.809471,7,7ef6a1c6728d49ed12693b7ed0dc2d69de7f13d2,3.13.14
4.0,single_fault_control,recovery,10000,2609,0.0,0.0,0.0,0.0,0.5,0.5,S1_minimal,0,0,0,0,2500,500,500,0,10000,0,1,0,500,10000,10000,0,10000,2500,0,2500,1.0,0.0,0.0,0.0,1.0,0.0,0.0,2.1871,2.393171,7,7ef6a1c6728d49ed12693b7ed0dc2d69de7f13d2,3.13.14
4.0,single_fault_control,recovery,10000,2609,0.0,0.0,0.0,0.0,0.5,0.5,S2_temporal,0,0,0,0,2500,500,500,0,10000,0,1,0,500,10000,10000,0,10000,2500,0,2500,1.0,0.0,0.0,0.0,1.0,0.0,0.0,5.0414,5.3056,7,7ef6a1c6728d49ed12693b7ed0dc2d69de7f13d2,3.13.14
4.0,single_fault_control,recovery,10000,2609,0.0,0.0,0.0,0.0,0.5,0.5,S3_recovery,0,0,0,0,2500,500,500,0,10000,0,1,0,500,10000,10000,0,10000,2500,0,2500,1.0,0.0,0.0,0.0,1.0,0.0,0.0,2.4225,2.399643,7,7ef6a1c6728d49ed12693b7ed0dc2d69de7f13d2,3.13.14
4.0,single_fault_control,recovery,10000,2609,0.0,0.0,0.0,0.0,0.5,0.5,S4_full,0,0,0,0,2500,500,500,0,10000,0,1,0,500,10000,10000,0,10000,2500,0,2500,1.0,0.0,0.0,0.0,1.0,0.0,0.0,5.0045,5.294714,7,7ef6a1c6728d49ed12693b7ed0dc2d69de7f13d2,3.13.14
4.0,principal,compound,10000,3911,0.01,0.01,0.01,0.01,0.5,0.5,S1_minimal,100,100,100,100,2550,500,325,0,10000,0,100,175,500,9900,10000,100,10000,2950,200,2950,0.65,0.0,0.0,0.35,0.99,0.01,0.06779661,2.3221,2.344529,7,7ef6a1c6728d49ed12693b7ed0dc2d69de7f13d2,3.13.14
4.0,principal,compound,10000,3911,0.01,0.01,0.01,0.01,0.5,0.5,S2_temporal,100,100,100,100,2550,500,497,0,10000,0,100,3,500,9900,10000,100,10000,2950,400,2950,0.994,0.0,0.0,0.006,0.99,0.01,0.13559322,5.1275,5.346129,7,7ef6a1c6728d49ed12693b7ed0dc2d69de7f13d2,3.13.14
4.0,principal,compound,10000,3911,0.01,0.01,0.01,0.01,0.5,0.5,S3_recovery,100,100,100,100,2550,500,325,0,10000,0,100,175,500,9900,10000,100,10000,2950,200,2950,0.65,0.0,0.0,0.35,0.99,0.01,0.06779661,2.1499,2.288157,7,7ef6a1c6728d49ed12693b7ed0dc2d69de7f13d2,3.13.14
4.0,principal,compound,10000,3911,0.01,0.01,0.01,0.01,0.5,0.5,S4_full,100,100,100,100,2550,500,497,0,10000,0,100,3,500,9900,10000,100,10000,2950,400,2950,0.994,0.0,0.0,0.006,0.99,0.01,0.13559322,5.294,5.280257,7,7ef6a1c6728d49ed12693b7ed0dc2d69de7f13d2,3.13.14
4.0,principal,compound,10000,3911,0.05,0.05,0.05,0.05,0.5,0.5,S1_minimal,500,500,500,500,2750,500,27,0,10000,0,500,473,500,9500,10000,500,10000,4750,1000,4750,0.054,0.0,0.0,0.946,0.95,0.05,0.210526316,2.5027,2.535914,7,7ef6a1c6728d49ed12693b7ed0dc2d69de7f13d2,3.13.14
4.0,principal,compound,10000,3911,0.05,0.05,0.05,0.05,0.5,0.5,S2_temporal,500,500,500,500,2750,500,485,0,10000,0,500,15,500,9500,10000,500,10000,4750,2000,4750,0.97,0.0,0.0,0.03,0.95,0.05,0.421052632,5.6097,5.699343,7,7ef6a1c6728d49ed12693b7ed0dc2d69de7f13d2,3.13.14
4.0,principal,compound,10000,3911,0.05,0.05,0.05,0.05,0.5,0.5,S3_recovery,500,500,500,500,2750,500,27,0,10000,0,500,473,500,9500,10000,500,10000,4750,1000,4750,0.054,0.0,0.0,0.946,0.95,0.05,0.210526316,2.378,2.439871,7,7ef6a1c6728d49ed12693b7ed0dc2d69de7f13d2,3.13.14
4.0,principal,compound,10000,3911,0.05,0.05,0.05,0.05,0.5,0.5,S4_full,500,500,500,500,2750,500,485,0,10000,0,500,15,500,9500,10000,500,10000,4750,2000,4750,0.97,0.0,0.0,0.03,0.95,0.05,0.421052632,5.2276,5.4299,7,7ef6a1c6728d49ed12693b7ed0dc2d69de7f13d2,3.13.14
4.0,principal,compound,10000,3911,0.1,0.1,0.1,0.1,0.5,0.5,S1_minimal,1000,1000,1000,500,2875,500,47,0,10000,0,1000,453,500,9000,10000,1000,10000,6375,2000,6375,0.094,0.0,0.0,0.906,0.9,0.1,0.31372549,2.5288,2.659729,7,7ef6a1c6728d49ed12693b7ed0dc2d69de7f13d2,3.13.14
4.0,principal,compound,10000,3911,0.1,0.1,0.1,0.1,0.5,0.5,S2_temporal,1000,1000,1000,500,2875,500,445,0,10000,0,1000,55,500,9000,10000,1000,10000,6375,3500,6375,0.89,0.0,0.0,0.11,0.9,0.1,0.549019608,5.4294,5.689043,7,7ef6a1c6728d49ed12693b7ed0dc2d69de7f13d2,3.13.14
4.0,principal,compound,10000,3911,0.1,0.1,0.1,0.1,0.5,0.5,S3_recovery,1000,1000,1000,500,2875,500,47,0,10000,0,1000,453,500,9000,10000,1000,10000,6375,2000,6375,0.094,0.0,0.0,0.906,0.9,0.1,0.31372549,2.5435,2.617971,7,7ef6a1c6728d49ed12693b7ed0dc2d69de7f13d2,3.13.14
4.0,principal,compound,10000,3911,0.1,0.1,0.1,0.1,0.5,0.5,S4_full,1000,1000,1000,500,2875,500,445,0,10000,0,1000,55,500,9000,10000,1000,10000,6375,3500,6375,0.89,0.0,0.0,0.11,0.9,0.1,0.549019608,5.6289,5.680871,7,7ef6a1c6728d49ed12693b7ed0dc2d69de7f13d2,3.13.14
4.0,single_fault_control,duplicate,10000,3911,0.05,0.0,0.0,0.0,0.0,0.5,S1_minimal,500,0,0,0,0,500,500,0,10000,0,1,0,500,10000,10000,0,10000,500,500,500,1.0,0.0,0.0,0.0,1.0,0.0,1.0,2.1109,2.214743,7,7ef6a1c6728d49ed12693b7ed0dc2d69de7f13d2,3.13.14
4.0,single_fault_control,duplicate,10000,3911,0.05,0.0,0.0,0.0,0.0,0.5,S2_temporal,500,0,0,0,0,500,500,0,10000,0,1,0,500,10000,10000,0,10000,500,500,500,1.0,0.0,0.0,0.0,1.0,0.0,1.0,4.7594,4.838943,7,7ef6a1c6728d49ed12693b7ed0dc2d69de7f13d2,3.13.14
4.0,single_fault_control,duplicate,10000,3911,0.05,0.0,0.0,0.0,0.0,0.5,S3_recovery,500,0,0,0,0,500,500,0,10000,0,1,0,500,10000,10000,0,10000,500,500,500,1.0,0.0,0.0,0.0,1.0,0.0,1.0,2.0046,2.209857,7,7ef6a1c6728d49ed12693b7ed0dc2d69de7f13d2,3.13.14
4.0,single_fault_control,duplicate,10000,3911,0.05,0.0,0.0,0.0,0.0,0.5,S4_full,500,0,0,0,0,500,500,0,10000,0,1,0,500,10000,10000,0,10000,500,500,500,1.0,0.0,0.0,0.0,1.0,0.0,1.0,4.6651,5.198371,7,7ef6a1c6728d49ed12693b7ed0dc2d69de7f13d2,3.13.14
4.0,single_fault_control,null_key,10000,3911,0.0,0.05,0.0,0.0,0.0,0.5,S1_minimal,0,500,0,0,0,500,479,0,10000,0,500,21,500,9500,10000,500,10000,500,500,500,0.958,0.0,0.0,0.042,0.95,0.05,1.0,2.0215,2.0964,7,7ef6a1c6728d49ed12693b7ed0dc2d69de7f13d2,3.13.14
4.0,single_fault_control,null_key,10000,3911,0.0,0.05,0.0,0.0,0.0,0.5,S2_temporal,0,500,0,0,0,500,479,0,10000,0,500,21,500,9500,10000,500,10000,500,500,500,0.958,0.0,0.0,0.042,0.95,0.05,1.0,4.3784,4.4699,7,7ef6a1c6728d49ed12693b7ed0dc2d69de7f13d2,3.13.14
4.0,single_fault_control,null_key,10000,3911,0.0,0.05,0.0,0.0,0.0,0.5,S3_recovery,0,500,0,0,0,500,479,0,10000,0,500,21,500,9500,10000,500,10000,500,500,500,0.958,0.0,0.0,0.042,0.95,0.05,1.0,2.1845,2.1131,7,7ef6a1c6728d49ed12693b7ed0dc2d69de7f13d2,3.13.14
4.0,single_fault_control,null_key,10000,3911,0.0,0.05,0.0,0.0,0.0,0.5,S4_full,0,500,0,0,0,500,479,0,10000,0,500,21,500,9500,10000,500,10000,500,500,500,0.958,0.0,0.0,0.042,0.95,0.05,1.0,4.3979,4.487771,7,7ef6a1c6728d49ed12693b7ed0dc2d69de7f13d2,3.13.14
4.0,single_fault_control,late,10000,3911,0.0,0.0,0.05,0.0,0.0,0.5,S1_minimal,0,0,500,0,0,500,212,0,10000,0,1,288,500,10000,10000,0,10000,500,0,500,0.424,0.0,0.0,0.576,1.0,0.0,0.0,2.2286,2.225171,7,7ef6a1c6728d49ed12693b7ed0dc2d69de7f13d2,3.13.14
4.0,single_fault_control,late,10000,3911,0.0,0.0,0.05,0.0,0.0,0.5,S2_temporal,0,0,500,0,0,500,500,0,10000,0,1,0,500,10000,10000,0,10000,500,500,500,1.0,0.0,0.0,0.0,1.0,0.0,1.0,4.7728,4.971929,7,7ef6a1c6728d49ed12693b7ed0dc2d69de7f13d2,3.13.14
4.0,single_fault_control,late,10000,3911,0.0,0.0,0.05,0.0,0.0,0.5,S3_recovery,0,0,500,0,0,500,212,0,10000,0,1,288,500,10000,10000,0,10000,500,0,500,0.424,0.0,0.0,0.576,1.0,0.0,0.0,2.006,2.165314,7,7ef6a1c6728d49ed12693b7ed0dc2d69de7f13d2,3.13.14
4.0,single_fault_control,late,10000,3911,0.0,0.0,0.05,0.0,0.0,0.5,S4_full,0,0,500,0,0,500,500,0,10000,0,1,0,500,10000,10000,0,10000,500,500,500,1.0,0.0,0.0,0.0,1.0,0.0,1.0,4.6486,4.786514,7,7ef6a1c6728d49ed12693b7ed0dc2d69de7f13d2,3.13.14
4.0,single_fault_control,conflict,10000,3911,0.0,0.0,0.0,0.05,0.0,0.5,S1_minimal,0,0,0,500,0,500,0,0,10000,0,1,500,500,10000,10000,0,10000,500,0,500,0.0,0.0,0.0,1.0,1.0,0.0,0.0,2.0826,2.196286,7,7ef6a1c6728d49ed12693b7ed0dc2d69de7f13d2,3.13.14
4.0,single_fault_control,conflict,10000,3911,0.0,0.0,0.0,0.05,0.0,0.5,S2_temporal,0,0,0,500,0,500,500,0,10000,0,1,0,500,10000,10000,0,10000,500,500,500,1.0,0.0,0.0,0.0,1.0,0.0,1.0,4.9179,4.950743,7,7ef6a1c6728d49ed12693b7ed0dc2d69de7f13d2,3.13.14
4.0,single_fault_control,conflict,10000,3911,0.0,0.0,0.0,0.05,0.0,0.5,S3_recovery,0,0,0,500,0,500,0,0,10000,0,1,500,500,10000,10000,0,10000,500,0,500,0.0,0.0,0.0,1.0,1.0,0.0,0.0,2.1958,2.235486,7,7ef6a1c6728d49ed12693b7ed0dc2d69de7f13d2,3.13.14
4.0,single_fault_control,conflict,10000,3911,0.0,0.0,0.0,0.05,0.0,0.5,S4_full,0,0,0,500,0,500,500,0,10000,0,1,0,500,10000,10000,0,10000,500,500,500,1.0,0.0,0.0,0.0,1.0,0.0,1.0,4.9518,5.1091,7,7ef6a1c6728d49ed12693b7ed0dc2d69de7f13d2,3.13.14
4.0,single_fault_control,recovery,10000,3911,0.0,0.0,0.0,0.0,0.5,0.5,S1_minimal,0,0,0,0,2500,500,500,0,10000,0,1,0,500,10000,10000,0,10000,2500,0,2500,1.0,0.0,0.0,0.0,1.0,0.0,0.0,2.4091,2.470186,7,7ef6a1c6728d49ed12693b7ed0dc2d69de7f13d2,3.13.14
4.0,single_fault_control,recovery,10000,3911,0.0,0.0,0.0,0.0,0.5,0.5,S2_temporal,0,0,0,0,2500,500,500,0,10000,0,1,0,500,10000,10000,0,10000,2500,0,2500,1.0,0.0,0.0,0.0,1.0,0.0,0.0,5.2156,5.279043,7,7ef6a1c6728d49ed12693b7ed0dc2d69de7f13d2,3.13.14
4.0,single_fault_control,recovery,10000,3911,0.0,0.0,0.0,0.0,0.5,0.5,S3_recovery,0,0,0,0,2500,500,500,0,10000,0,1,0,500,10000,10000,0,10000,2500,0,2500,1.0,0.0,0.0,0.0,1.0,0.0,0.0,2.3078,2.405186,7,7ef6a1c6728d49ed12693b7ed0dc2d69de7f13d2,3.13.14
4.0,single_fault_control,recovery,10000,3911,0.0,0.0,0.0,0.0,0.5,0.5,S4_full,0,0,0,0,2500,500,500,0,10000,0,1,0,500,10000,10000,0,10000,2500,0,2500,1.0,0.0,0.0,0.0,1.0,0.0,0.0,5.2031,5.522143,7,7ef6a1c6728d49ed12693b7ed0dc2d69de7f13d2,3.13.14
4.0,principal,compound,10000,5209,0.01,0.01,0.01,0.01,0.5,0.5,S1_minimal,100,100,100,100,2550,500,332,0,10000,0,100,168,500,9900,10000,100,10000,2950,200,2950,0.664,0.0,0.0,0.336,0.99,0.01,0.06779661,2.2469,2.410571,7,7ef6a1c6728d49ed12693b7ed0dc2d69de7f13d2,3.13.14
4.0,principal,compound,10000,5209,0.01,0.01,0.01,0.01,0.5,0.5,S2_temporal,100,100,100,100,2550,500,492,0,10000,0,100,8,500,9900,10000,100,10000,2950,400,2950,0.984,0.0,0.0,0.016,0.99,0.01,0.13559322,5.1331,5.198271,7,7ef6a1c6728d49ed12693b7ed0dc2d69de7f13d2,3.13.14
4.0,principal,compound,10000,5209,0.01,0.01,0.01,0.01,0.5,0.5,S3_recovery,100,100,100,100,2550,500,332,0,10000,0,100,168,500,9900,10000,100,10000,2950,200,2950,0.664,0.0,0.0,0.336,0.99,0.01,0.06779661,2.2636,2.322457,7,7ef6a1c6728d49ed12693b7ed0dc2d69de7f13d2,3.13.14
4.0,principal,compound,10000,5209,0.01,0.01,0.01,0.01,0.5,0.5,S4_full,100,100,100,100,2550,500,492,0,10000,0,100,8,500,9900,10000,100,10000,2950,400,2950,0.984,0.0,0.0,0.016,0.99,0.01,0.13559322,5.083,5.139143,7,7ef6a1c6728d49ed12693b7ed0dc2d69de7f13d2,3.13.14
4.0,principal,compound,10000,5209,0.05,0.05,0.05,0.05,0.5,0.5,S1_minimal,500,500,500,500,2750,500,29,0,10000,0,500,471,500,9500,10000,500,10000,4750,1000,4750,0.058,0.0,0.0,0.942,0.95,0.05,0.210526316,2.5928,2.776057,7,7ef6a1c6728d49ed12693b7ed0dc2d69de7f13d2,3.13.14
4.0,principal,compound,10000,5209,0.05,0.05,0.05,0.05,0.5,0.5,S2_temporal,500,500,500,500,2750,500,475,0,10000,0,500,25,500,9500,10000,500,10000,4750,2000,4750,0.95,0.0,0.0,0.05,0.95,0.05,0.421052632,5.7242,5.6794,7,7ef6a1c6728d49ed12693b7ed0dc2d69de7f13d2,3.13.14
4.0,principal,compound,10000,5209,0.05,0.05,0.05,0.05,0.5,0.5,S3_recovery,500,500,500,500,2750,500,29,0,10000,0,500,471,500,9500,10000,500,10000,4750,1000,4750,0.058,0.0,0.0,0.942,0.95,0.05,0.210526316,2.6377,2.695443,7,7ef6a1c6728d49ed12693b7ed0dc2d69de7f13d2,3.13.14
4.0,principal,compound,10000,5209,0.05,0.05,0.05,0.05,0.5,0.5,S4_full,500,500,500,500,2750,500,475,0,10000,0,500,25,500,9500,10000,500,10000,4750,2000,4750,0.95,0.0,0.0,0.05,0.95,0.05,0.421052632,5.478,5.699457,7,7ef6a1c6728d49ed12693b7ed0dc2d69de7f13d2,3.13.14
4.0,principal,compound,10000,5209,0.1,0.1,0.1,0.1,0.5,0.5,S1_minimal,1000,1000,1000,500,2875,500,46,0,10000,0,1000,454,500,9000,10000,1000,10000,6375,2000,6375,0.092,0.0,0.0,0.908,0.9,0.1,0.31372549,2.7721,2.975557,7,7ef6a1c6728d49ed12693b7ed0dc2d69de7f13d2,3.13.14
4.0,principal,compound,10000,5209,0.1,0.1,0.1,0.1,0.5,0.5,S2_temporal,1000,1000,1000,500,2875,500,446,0,10000,0,1000,54,500,9000,10000,1000,10000,6375,3500,6375,0.892,0.0,0.0,0.108,0.9,0.1,0.549019608,5.5359,5.784214,7,7ef6a1c6728d49ed12693b7ed0dc2d69de7f13d2,3.13.14
4.0,principal,compound,10000,5209,0.1,0.1,0.1,0.1,0.5,0.5,S3_recovery,1000,1000,1000,500,2875,500,46,0,10000,0,1000,454,500,9000,10000,1000,10000,6375,2000,6375,0.092,0.0,0.0,0.908,0.9,0.1,0.31372549,2.5302,2.566071,7,7ef6a1c6728d49ed12693b7ed0dc2d69de7f13d2,3.13.14
4.0,principal,compound,10000,5209,0.1,0.1,0.1,0.1,0.5,0.5,S4_full,1000,1000,1000,500,2875,500,446,0,10000,0,1000,54,500,9000,10000,1000,10000,6375,3500,6375,0.892,0.0,0.0,0.108,0.9,0.1,0.549019608,5.6755,5.971914,7,7ef6a1c6728d49ed12693b7ed0dc2d69de7f13d2,3.13.14
4.0,single_fault_control,duplicate,10000,5209,0.05,0.0,0.0,0.0,0.0,0.5,S1_minimal,500,0,0,0,0,500,500,0,10000,0,1,0,500,10000,10000,0,10000,500,500,500,1.0,0.0,0.0,0.0,1.0,0.0,1.0,2.0464,2.1038,7,7ef6a1c6728d49ed12693b7ed0dc2d69de7f13d2,3.13.14
4.0,single_fault_control,duplicate,10000,5209,0.05,0.0,0.0,0.0,0.0,0.5,S2_temporal,500,0,0,0,0,500,500,0,10000,0,1,0,500,10000,10000,0,10000,500,500,500,1.0,0.0,0.0,0.0,1.0,0.0,1.0,4.6572,4.6736,7,7ef6a1c6728d49ed12693b7ed0dc2d69de7f13d2,3.13.14
4.0,single_fault_control,duplicate,10000,5209,0.05,0.0,0.0,0.0,0.0,0.5,S3_recovery,500,0,0,0,0,500,500,0,10000,0,1,0,500,10000,10000,0,10000,500,500,500,1.0,0.0,0.0,0.0,1.0,0.0,1.0,2.2161,2.243757,7,7ef6a1c6728d49ed12693b7ed0dc2d69de7f13d2,3.13.14
4.0,single_fault_control,duplicate,10000,5209,0.05,0.0,0.0,0.0,0.0,0.5,S4_full,500,0,0,0,0,500,500,0,10000,0,1,0,500,10000,10000,0,10000,500,500,500,1.0,0.0,0.0,0.0,1.0,0.0,1.0,4.6508,4.678114,7,7ef6a1c6728d49ed12693b7ed0dc2d69de7f13d2,3.13.14
4.0,single_fault_control,null_key,10000,5209,0.0,0.05,0.0,0.0,0.0,0.5,S1_minimal,0,500,0,0,0,500,475,0,10000,0,500,25,500,9500,10000,500,10000,500,500,500,0.95,0.0,0.0,0.05,0.95,0.05,1.0,1.9452,2.161,7,7ef6a1c6728d49ed12693b7ed0dc2d69de7f13d2,3.13.14
4.0,single_fault_control,null_key,10000,5209,0.0,0.05,0.0,0.0,0.0,0.5,S2_temporal,0,500,0,0,0,500,475,0,10000,0,500,25,500,9500,10000,500,10000,500,500,500,0.95,0.0,0.0,0.05,0.95,0.05,1.0,4.7413,5.636057,7,7ef6a1c6728d49ed12693b7ed0dc2d69de7f13d2,3.13.14
4.0,single_fault_control,null_key,10000,5209,0.0,0.05,0.0,0.0,0.0,0.5,S3_recovery,0,500,0,0,0,500,475,0,10000,0,500,25,500,9500,10000,500,10000,500,500,500,0.95,0.0,0.0,0.05,0.95,0.05,1.0,2.0588,2.101871,7,7ef6a1c6728d49ed12693b7ed0dc2d69de7f13d2,3.13.14
4.0,single_fault_control,null_key,10000,5209,0.0,0.05,0.0,0.0,0.0,0.5,S4_full,0,500,0,0,0,500,475,0,10000,0,500,25,500,9500,10000,500,10000,500,500,500,0.95,0.0,0.0,0.05,0.95,0.05,1.0,4.8166,4.745986,7,7ef6a1c6728d49ed12693b7ed0dc2d69de7f13d2,3.13.14
4.0,single_fault_control,late,10000,5209,0.0,0.0,0.05,0.0,0.0,0.5,S1_minimal,0,0,500,0,0,500,210,0,10000,0,1,290,500,10000,10000,0,10000,500,0,500,0.42,0.0,0.0,0.58,1.0,0.0,0.0,2.3048,2.280571,7,7ef6a1c6728d49ed12693b7ed0dc2d69de7f13d2,3.13.14
4.0,single_fault_control,late,10000,5209,0.0,0.0,0.05,0.0,0.0,0.5,S2_temporal,0,0,500,0,0,500,500,0,10000,0,1,0,500,10000,10000,0,10000,500,500,500,1.0,0.0,0.0,0.0,1.0,0.0,1.0,4.7486,4.842457,7,7ef6a1c6728d49ed12693b7ed0dc2d69de7f13d2,3.13.14
4.0,single_fault_control,late,10000,5209,0.0,0.0,0.05,0.0,0.0,0.5,S3_recovery,0,0,500,0,0,500,210,0,10000,0,1,290,500,10000,10000,0,10000,500,0,500,0.42,0.0,0.0,0.58,1.0,0.0,0.0,2.7563,2.777171,7,7ef6a1c6728d49ed12693b7ed0dc2d69de7f13d2,3.13.14
4.0,single_fault_control,late,10000,5209,0.0,0.0,0.05,0.0,0.0,0.5,S4_full,0,0,500,0,0,500,500,0,10000,0,1,0,500,10000,10000,0,10000,500,500,500,1.0,0.0,0.0,0.0,1.0,0.0,1.0,5.09,5.178957,7,7ef6a1c6728d49ed12693b7ed0dc2d69de7f13d2,3.13.14
4.0,single_fault_control,conflict,10000,5209,0.0,0.0,0.0,0.05,0.0,0.5,S1_minimal,0,0,0,500,0,500,0,0,10000,0,1,500,500,10000,10000,0,10000,500,0,500,0.0,0.0,0.0,1.0,1.0,0.0,0.0,2.0295,2.062929,7,7ef6a1c6728d49ed12693b7ed0dc2d69de7f13d2,3.13.14
4.0,single_fault_control,conflict,10000,5209,0.0,0.0,0.0,0.05,0.0,0.5,S2_temporal,0,0,0,500,0,500,500,0,10000,0,1,0,500,10000,10000,0,10000,500,500,500,1.0,0.0,0.0,0.0,1.0,0.0,1.0,4.6299,4.733971,7,7ef6a1c6728d49ed12693b7ed0dc2d69de7f13d2,3.13.14
4.0,single_fault_control,conflict,10000,5209,0.0,0.0,0.0,0.05,0.0,0.5,S3_recovery,0,0,0,500,0,500,0,0,10000,0,1,500,500,10000,10000,0,10000,500,0,500,0.0,0.0,0.0,1.0,1.0,0.0,0.0,2.0806,2.2197,7,7ef6a1c6728d49ed12693b7ed0dc2d69de7f13d2,3.13.14
4.0,single_fault_control,conflict,10000,5209,0.0,0.0,0.0,0.05,0.0,0.5,S4_full,0,0,0,500,0,500,500,0,10000,0,1,0,500,10000,10000,0,10000,500,500,500,1.0,0.0,0.0,0.0,1.0,0.0,1.0,4.6596,4.700814,7,7ef6a1c6728d49ed12693b7ed0dc2d69de7f13d2,3.13.14
4.0,single_fault_control,recovery,10000,5209,0.0,0.0,0.0,0.0,0.5,0.5,S1_minimal,0,0,0,0,2500,500,500,0,10000,0,1,0,500,10000,10000,0,10000,2500,0,2500,1.0,0.0,0.0,0.0,1.0,0.0,0.0,2.1881,2.207014,7,7ef6a1c6728d49ed12693b7ed0dc2d69de7f13d2,3.13.14
4.0,single_fault_control,recovery,10000,5209,0.0,0.0,0.0,0.0,0.5,0.5,S2_temporal,0,0,0,0,2500,500,500,0,10000,0,1,0,500,10000,10000,0,10000,2500,0,2500,1.0,0.0,0.0,0.0,1.0,0.0,0.0,5.1125,5.116971,7,7ef6a1c6728d49ed12693b7ed0dc2d69de7f13d2,3.13.14
4.0,single_fault_control,recovery,10000,5209,0.0,0.0,0.0,0.0,0.5,0.5,S3_recovery,0,0,0,0,2500,500,500,0,10000,0,1,0,500,10000,10000,0,10000,2500,0,2500,1.0,0.0,0.0,0.0,1.0,0.0,0.0,2.2704,2.334914,7,7ef6a1c6728d49ed12693b7ed0dc2d69de7f13d2,3.13.14
4.0,single_fault_control,recovery,10000,5209,0.0,0.0,0.0,0.0,0.5,0.5,S4_full,0,0,0,0,2500,500,500,0,10000,0,1,0,500,10000,10000,0,10000,2500,0,2500,1.0,0.0,0.0,0.0,1.0,0.0,0.0,5.055,5.053629,7,7ef6a1c6728d49ed12693b7ed0dc2d69de7f13d2,3.13.14
4.0,principal,compound,10000,6521,0.01,0.01,0.01,0.01,0.5,0.5,S1_minimal,100,100,100,100,2550,500,332,0,10000,0,100,168,500,9900,10000,100,10000,2950,200,2950,0.664,0.0,0.0,0.336,0.99,0.01,0.06779661,2.136,2.169786,7,7ef6a1c6728d49ed12693b7ed0dc2d69de7f13d2,3.13.14
4.0,principal,compound,10000,6521,0.01,0.01,0.01,0.01,0.5,0.5,S2_temporal,100,100,100,100,2550,500,495,0,10000,0,100,5,500,9900,10000,100,10000,2950,400,2950,0.99,0.0,0.0,0.01,0.99,0.01,0.13559322,4.8356,4.888014,7,7ef6a1c6728d49ed12693b7ed0dc2d69de7f13d2,3.13.14
4.0,principal,compound,10000,6521,0.01,0.01,0.01,0.01,0.5,0.5,S3_recovery,100,100,100,100,2550,500,332,0,10000,0,100,168,500,9900,10000,100,10000,2950,200,2950,0.664,0.0,0.0,0.336,0.99,0.01,0.06779661,2.1323,2.149129,7,7ef6a1c6728d49ed12693b7ed0dc2d69de7f13d2,3.13.14
4.0,principal,compound,10000,6521,0.01,0.01,0.01,0.01,0.5,0.5,S4_full,100,100,100,100,2550,500,495,0,10000,0,100,5,500,9900,10000,100,10000,2950,400,2950,0.99,0.0,0.0,0.01,0.99,0.01,0.13559322,4.8779,4.923371,7,7ef6a1c6728d49ed12693b7ed0dc2d69de7f13d2,3.13.14
4.0,principal,compound,10000,6521,0.05,0.05,0.05,0.05,0.5,0.5,S1_minimal,500,500,500,500,2750,500,21,0,10000,0,500,479,500,9500,10000,500,10000,4750,1000,4750,0.042,0.0,0.0,0.958,0.95,0.05,0.210526316,2.504,2.5128,7,7ef6a1c6728d49ed12693b7ed0dc2d69de7f13d2,3.13.14
4.0,principal,compound,10000,6521,0.05,0.05,0.05,0.05,0.5,0.5,S2_temporal,500,500,500,500,2750,500,470,0,10000,0,500,30,500,9500,10000,500,10000,4750,2000,4750,0.94,0.0,0.0,0.06,0.95,0.05,0.421052632,5.5597,5.596443,7,7ef6a1c6728d49ed12693b7ed0dc2d69de7f13d2,3.13.14
4.0,principal,compound,10000,6521,0.05,0.05,0.05,0.05,0.5,0.5,S3_recovery,500,500,500,500,2750,500,21,0,10000,0,500,479,500,9500,10000,500,10000,4750,1000,4750,0.042,0.0,0.0,0.958,0.95,0.05,0.210526316,2.5139,2.551786,7,7ef6a1c6728d49ed12693b7ed0dc2d69de7f13d2,3.13.14
4.0,principal,compound,10000,6521,0.05,0.05,0.05,0.05,0.5,0.5,S4_full,500,500,500,500,2750,500,470,0,10000,0,500,30,500,9500,10000,500,10000,4750,2000,4750,0.94,0.0,0.0,0.06,0.95,0.05,0.421052632,5.4233,5.524429,7,7ef6a1c6728d49ed12693b7ed0dc2d69de7f13d2,3.13.14
4.0,principal,compound,10000,6521,0.1,0.1,0.1,0.1,0.5,0.5,S1_minimal,1000,1000,1000,500,2875,500,48,0,10000,0,1000,452,500,9000,10000,1000,10000,6375,2000,6375,0.096,0.0,0.0,0.904,0.9,0.1,0.31372549,2.5343,2.6506,7,7ef6a1c6728d49ed12693b7ed0dc2d69de7f13d2,3.13.14
4.0,principal,compound,10000,6521,0.1,0.1,0.1,0.1,0.5,0.5,S2_temporal,1000,1000,1000,500,2875,500,449,0,10000,0,1000,51,500,9000,10000,1000,10000,6375,3500,6375,0.898,0.0,0.0,0.102,0.9,0.1,0.549019608,5.6015,5.610129,7,7ef6a1c6728d49ed12693b7ed0dc2d69de7f13d2,3.13.14
4.0,principal,compound,10000,6521,0.1,0.1,0.1,0.1,0.5,0.5,S3_recovery,1000,1000,1000,500,2875,500,48,0,10000,0,1000,452,500,9000,10000,1000,10000,6375,2000,6375,0.096,0.0,0.0,0.904,0.9,0.1,0.31372549,2.5074,2.6019,7,7ef6a1c6728d49ed12693b7ed0dc2d69de7f13d2,3.13.14
4.0,principal,compound,10000,6521,0.1,0.1,0.1,0.1,0.5,0.5,S4_full,1000,1000,1000,500,2875,500,449,0,10000,0,1000,51,500,9000,10000,1000,10000,6375,3500,6375,0.898,0.0,0.0,0.102,0.9,0.1,0.549019608,5.4208,5.427157,7,7ef6a1c6728d49ed12693b7ed0dc2d69de7f13d2,3.13.14
4.0,single_fault_control,duplicate,10000,6521,0.05,0.0,0.0,0.0,0.0,0.5,S1_minimal,500,0,0,0,0,500,500,0,10000,0,1,0,500,10000,10000,0,10000,500,500,500,1.0,0.0,0.0,0.0,1.0,0.0,1.0,2.0811,2.252071,7,7ef6a1c6728d49ed12693b7ed0dc2d69de7f13d2,3.13.14
4.0,single_fault_control,duplicate,10000,6521,0.05,0.0,0.0,0.0,0.0,0.5,S2_temporal,500,0,0,0,0,500,500,0,10000,0,1,0,500,10000,10000,0,10000,500,500,500,1.0,0.0,0.0,0.0,1.0,0.0,1.0,4.5307,4.542086,7,7ef6a1c6728d49ed12693b7ed0dc2d69de7f13d2,3.13.14
4.0,single_fault_control,duplicate,10000,6521,0.05,0.0,0.0,0.0,0.0,0.5,S3_recovery,500,0,0,0,0,500,500,0,10000,0,1,0,500,10000,10000,0,10000,500,500,500,1.0,0.0,0.0,0.0,1.0,0.0,1.0,2.0375,2.049657,7,7ef6a1c6728d49ed12693b7ed0dc2d69de7f13d2,3.13.14
4.0,single_fault_control,duplicate,10000,6521,0.05,0.0,0.0,0.0,0.0,0.5,S4_full,500,0,0,0,0,500,500,0,10000,0,1,0,500,10000,10000,0,10000,500,500,500,1.0,0.0,0.0,0.0,1.0,0.0,1.0,4.757,4.741314,7,7ef6a1c6728d49ed12693b7ed0dc2d69de7f13d2,3.13.14
4.0,single_fault_control,null_key,10000,6521,0.0,0.05,0.0,0.0,0.0,0.5,S1_minimal,0,500,0,0,0,500,474,0,10000,0,500,26,500,9500,10000,500,10000,500,500,500,0.948,0.0,0.0,0.052,0.95,0.05,1.0,2.0196,2.041343,7,7ef6a1c6728d49ed12693b7ed0dc2d69de7f13d2,3.13.14
4.0,single_fault_control,null_key,10000,6521,0.0,0.05,0.0,0.0,0.0,0.5,S2_temporal,0,500,0,0,0,500,474,0,10000,0,500,26,500,9500,10000,500,10000,500,500,500,0.948,0.0,0.0,0.052,0.95,0.05,1.0,4.3425,4.422057,7,7ef6a1c6728d49ed12693b7ed0dc2d69de7f13d2,3.13.14
4.0,single_fault_control,null_key,10000,6521,0.0,0.05,0.0,0.0,0.0,0.5,S3_recovery,0,500,0,0,0,500,474,0,10000,0,500,26,500,9500,10000,500,10000,500,500,500,0.948,0.0,0.0,0.052,0.95,0.05,1.0,1.9873,2.022729,7,7ef6a1c6728d49ed12693b7ed0dc2d69de7f13d2,3.13.14
4.0,single_fault_control,null_key,10000,6521,0.0,0.05,0.0,0.0,0.0,0.5,S4_full,0,500,0,0,0,500,474,0,10000,0,500,26,500,9500,10000,500,10000,500,500,500,0.948,0.0,0.0,0.052,0.95,0.05,1.0,4.4107,4.491614,7,7ef6a1c6728d49ed12693b7ed0dc2d69de7f13d2,3.13.14
4.0,single_fault_control,late,10000,6521,0.0,0.0,0.05,0.0,0.0,0.5,S1_minimal,0,0,500,0,0,500,217,0,10000,0,1,283,500,10000,10000,0,10000,500,0,500,0.434,0.0,0.0,0.566,1.0,0.0,0.0,2.0535,2.041771,7,7ef6a1c6728d49ed12693b7ed0dc2d69de7f13d2,3.13.14
4.0,single_fault_control,late,10000,6521,0.0,0.0,0.05,0.0,0.0,0.5,S2_temporal,0,0,500,0,0,500,500,0,10000,0,1,0,500,10000,10000,0,10000,500,500,500,1.0,0.0,0.0,0.0,1.0,0.0,1.0,4.474,4.553829,7,7ef6a1c6728d49ed12693b7ed0dc2d69de7f13d2,3.13.14
4.0,single_fault_control,late,10000,6521,0.0,0.0,0.05,0.0,0.0,0.5,S3_recovery,0,0,500,0,0,500,217,0,10000,0,1,283,500,10000,10000,0,10000,500,0,500,0.434,0.0,0.0,0.566,1.0,0.0,0.0,2.0847,2.092729,7,7ef6a1c6728d49ed12693b7ed0dc2d69de7f13d2,3.13.14
4.0,single_fault_control,late,10000,6521,0.0,0.0,0.05,0.0,0.0,0.5,S4_full,0,0,500,0,0,500,500,0,10000,0,1,0,500,10000,10000,0,10000,500,500,500,1.0,0.0,0.0,0.0,1.0,0.0,1.0,4.5791,4.544743,7,7ef6a1c6728d49ed12693b7ed0dc2d69de7f13d2,3.13.14
4.0,single_fault_control,conflict,10000,6521,0.0,0.0,0.0,0.05,0.0,0.5,S1_minimal,0,0,0,500,0,500,0,0,10000,0,1,500,500,10000,10000,0,10000,500,0,500,0.0,0.0,0.0,1.0,1.0,0.0,0.0,2.0677,2.144829,7,7ef6a1c6728d49ed12693b7ed0dc2d69de7f13d2,3.13.14
4.0,single_fault_control,conflict,10000,6521,0.0,0.0,0.0,0.05,0.0,0.5,S2_temporal,0,0,0,500,0,500,500,0,10000,0,1,0,500,10000,10000,0,10000,500,500,500,1.0,0.0,0.0,0.0,1.0,0.0,1.0,4.696,4.7229,7,7ef6a1c6728d49ed12693b7ed0dc2d69de7f13d2,3.13.14
4.0,single_fault_control,conflict,10000,6521,0.0,0.0,0.0,0.05,0.0,0.5,S3_recovery,0,0,0,500,0,500,0,0,10000,0,1,500,500,10000,10000,0,10000,500,0,500,0.0,0.0,0.0,1.0,1.0,0.0,0.0,2.0531,2.092286,7,7ef6a1c6728d49ed12693b7ed0dc2d69de7f13d2,3.13.14
4.0,single_fault_control,conflict,10000,6521,0.0,0.0,0.0,0.05,0.0,0.5,S4_full,0,0,0,500,0,500,500,0,10000,0,1,0,500,10000,10000,0,10000,500,500,500,1.0,0.0,0.0,0.0,1.0,0.0,1.0,4.6038,4.644514,7,7ef6a1c6728d49ed12693b7ed0dc2d69de7f13d2,3.13.14
4.0,single_fault_control,recovery,10000,6521,0.0,0.0,0.0,0.0,0.5,0.5,S1_minimal,0,0,0,0,2500,500,500,0,10000,0,1,0,500,10000,10000,0,10000,2500,0,2500,1.0,0.0,0.0,0.0,1.0,0.0,0.0,2.3936,2.344657,7,7ef6a1c6728d49ed12693b7ed0dc2d69de7f13d2,3.13.14
4.0,single_fault_control,recovery,10000,6521,0.0,0.0,0.0,0.0,0.5,0.5,S2_temporal,0,0,0,0,2500,500,500,0,10000,0,1,0,500,10000,10000,0,10000,2500,0,2500,1.0,0.0,0.0,0.0,1.0,0.0,0.0,4.8585,4.866214,7,7ef6a1c6728d49ed12693b7ed0dc2d69de7f13d2,3.13.14
4.0,single_fault_control,recovery,10000,6521,0.0,0.0,0.0,0.0,0.5,0.5,S3_recovery,0,0,0,0,2500,500,500,0,10000,0,1,0,500,10000,10000,0,10000,2500,0,2500,1.0,0.0,0.0,0.0,1.0,0.0,0.0,2.1076,2.133214,7,7ef6a1c6728d49ed12693b7ed0dc2d69de7f13d2,3.13.14
4.0,single_fault_control,recovery,10000,6521,0.0,0.0,0.0,0.0,0.5,0.5,S4_full,0,0,0,0,2500,500,500,0,10000,0,1,0,500,10000,10000,0,10000,2500,0,2500,1.0,0.0,0.0,0.0,1.0,0.0,0.0,5.0328,5.029986,7,7ef6a1c6728d49ed12693b7ed0dc2d69de7f13d2,3.13.14
4.0,principal,compound,100000,1301,0.01,0.01,0.01,0.01,0.5,0.5,S1_minimal,1000,1000,1000,1000,25500,5000,3289,0,100000,0,1000,1711,5000,99000,100000,1000,100000,29500,2000,29500,0.6578,0.0,0.0,0.3422,0.99,0.01,0.06779661,37.5948,37.7554,7,7ef6a1c6728d49ed12693b7ed0dc2d69de7f13d2,3.13.14
4.0,principal,compound,100000,1301,0.01,0.01,0.01,0.01,0.5,0.5,S2_temporal,1000,1000,1000,1000,25500,5000,4955,0,100000,0,1000,45,5000,99000,100000,1000,100000,29500,4000,29500,0.991,0.0,0.0,0.009,0.99,0.01,0.13559322,75.0742,75.366714,7,7ef6a1c6728d49ed12693b7ed0dc2d69de7f13d2,3.13.14
4.0,principal,compound,100000,1301,0.01,0.01,0.01,0.01,0.5,0.5,S3_recovery,1000,1000,1000,1000,25500,5000,3289,0,100000,0,1000,1711,5000,99000,100000,1000,100000,29500,2000,29500,0.6578,0.0,0.0,0.3422,0.99,0.01,0.06779661,37.0857,37.174443,7,7ef6a1c6728d49ed12693b7ed0dc2d69de7f13d2,3.13.14
4.0,principal,compound,100000,1301,0.01,0.01,0.01,0.01,0.5,0.5,S4_full,1000,1000,1000,1000,25500,5000,4955,0,100000,0,1000,45,5000,99000,100000,1000,100000,29500,4000,29500,0.991,0.0,0.0,0.009,0.99,0.01,0.13559322,80.3987,80.428443,7,7ef6a1c6728d49ed12693b7ed0dc2d69de7f13d2,3.13.14
4.0,principal,compound,100000,1301,0.05,0.05,0.05,0.05,0.5,0.5,S1_minimal,5000,5000,5000,5000,27500,5000,242,0,100000,0,5000,4758,5000,95000,100000,5000,100000,47500,10000,47500,0.0484,0.0,0.0,0.9516,0.95,0.05,0.210526316,41.0961,41.078729,7,7ef6a1c6728d49ed12693b7ed0dc2d69de7f13d2,3.13.14
4.0,principal,compound,100000,1301,0.05,0.05,0.05,0.05,0.5,0.5,S2_temporal,5000,5000,5000,5000,27500,5000,4757,0,100000,0,5000,243,5000,95000,100000,5000,100000,47500,20000,47500,0.9514,0.0,0.0,0.0486,0.95,0.05,0.421052632,81.2302,81.932157,7,7ef6a1c6728d49ed12693b7ed0dc2d69de7f13d2,3.13.14
4.0,principal,compound,100000,1301,0.05,0.05,0.05,0.05,0.5,0.5,S3_recovery,5000,5000,5000,5000,27500,5000,242,0,100000,0,5000,4758,5000,95000,100000,5000,100000,47500,10000,47500,0.0484,0.0,0.0,0.9516,0.95,0.05,0.210526316,40.4224,40.286129,7,7ef6a1c6728d49ed12693b7ed0dc2d69de7f13d2,3.13.14
4.0,principal,compound,100000,1301,0.05,0.05,0.05,0.05,0.5,0.5,S4_full,5000,5000,5000,5000,27500,5000,4757,0,100000,0,5000,243,5000,95000,100000,5000,100000,47500,20000,47500,0.9514,0.0,0.0,0.0486,0.95,0.05,0.421052632,83.0899,83.226157,7,7ef6a1c6728d49ed12693b7ed0dc2d69de7f13d2,3.13.14
4.0,principal,compound,100000,1301,0.1,0.1,0.1,0.1,0.5,0.5,S1_minimal,10000,10000,10000,5000,28750,5000,430,0,100000,0,10000,4570,5000,90000,100000,10000,100000,63750,20000,63750,0.086,0.0,0.0,0.914,0.9,0.1,0.31372549,48.8112,48.584929,7,7ef6a1c6728d49ed12693b7ed0dc2d69de7f13d2,3.13.14
4.0,principal,compound,100000,1301,0.1,0.1,0.1,0.1,0.5,0.5,S2_temporal,10000,10000,10000,5000,28750,5000,4462,0,100000,0,10000,538,5000,90000,100000,10000,100000,63750,35000,63750,0.8924,0.0,0.0,0.1076,0.9,0.1,0.549019608,91.0208,91.130386,7,7ef6a1c6728d49ed12693b7ed0dc2d69de7f13d2,3.13.14
4.0,principal,compound,100000,1301,0.1,0.1,0.1,0.1,0.5,0.5,S3_recovery,10000,10000,10000,5000,28750,5000,430,0,100000,0,10000,4570,5000,90000,100000,10000,100000,63750,20000,63750,0.086,0.0,0.0,0.914,0.9,0.1,0.31372549,47.8278,47.637386,7,7ef6a1c6728d49ed12693b7ed0dc2d69de7f13d2,3.13.14
4.0,principal,compound,100000,1301,0.1,0.1,0.1,0.1,0.5,0.5,S4_full,10000,10000,10000,5000,28750,5000,4462,0,100000,0,10000,538,5000,90000,100000,10000,100000,63750,35000,63750,0.8924,0.0,0.0,0.1076,0.9,0.1,0.549019608,91.688,100.945686,7,7ef6a1c6728d49ed12693b7ed0dc2d69de7f13d2,3.13.14
4.0,single_fault_control,duplicate,100000,1301,0.05,0.0,0.0,0.0,0.0,0.5,S1_minimal,5000,0,0,0,0,5000,5000,0,100000,0,1,0,5000,100000,100000,0,100000,5000,5000,5000,1.0,0.0,0.0,0.0,1.0,0.0,1.0,33.6575,33.822686,7,7ef6a1c6728d49ed12693b7ed0dc2d69de7f13d2,3.13.14
4.0,single_fault_control,duplicate,100000,1301,0.05,0.0,0.0,0.0,0.0,0.5,S2_temporal,5000,0,0,0,0,5000,5000,0,100000,0,1,0,5000,100000,100000,0,100000,5000,5000,5000,1.0,0.0,0.0,0.0,1.0,0.0,1.0,71.9263,72.222871,7,7ef6a1c6728d49ed12693b7ed0dc2d69de7f13d2,3.13.14
4.0,single_fault_control,duplicate,100000,1301,0.05,0.0,0.0,0.0,0.0,0.5,S3_recovery,5000,0,0,0,0,5000,5000,0,100000,0,1,0,5000,100000,100000,0,100000,5000,5000,5000,1.0,0.0,0.0,0.0,1.0,0.0,1.0,34.408,34.378043,7,7ef6a1c6728d49ed12693b7ed0dc2d69de7f13d2,3.13.14
4.0,single_fault_control,duplicate,100000,1301,0.05,0.0,0.0,0.0,0.0,0.5,S4_full,5000,0,0,0,0,5000,5000,0,100000,0,1,0,5000,100000,100000,0,100000,5000,5000,5000,1.0,0.0,0.0,0.0,1.0,0.0,1.0,72.1616,72.369643,7,7ef6a1c6728d49ed12693b7ed0dc2d69de7f13d2,3.13.14
4.0,single_fault_control,null_key,100000,1301,0.0,0.05,0.0,0.0,0.0,0.5,S1_minimal,0,5000,0,0,0,5000,4735,0,100000,0,5000,265,5000,95000,100000,5000,100000,5000,5000,5000,0.947,0.0,0.0,0.053,0.95,0.05,1.0,34.4026,34.670471,7,7ef6a1c6728d49ed12693b7ed0dc2d69de7f13d2,3.13.14
4.0,single_fault_control,null_key,100000,1301,0.0,0.05,0.0,0.0,0.0,0.5,S2_temporal,0,5000,0,0,0,5000,4735,0,100000,0,5000,265,5000,95000,100000,5000,100000,5000,5000,5000,0.947,0.0,0.0,0.053,0.95,0.05,1.0,71.9397,71.555186,7,7ef6a1c6728d49ed12693b7ed0dc2d69de7f13d2,3.13.14
4.0,single_fault_control,null_key,100000,1301,0.0,0.05,0.0,0.0,0.0,0.5,S3_recovery,0,5000,0,0,0,5000,4735,0,100000,0,5000,265,5000,95000,100000,5000,100000,5000,5000,5000,0.947,0.0,0.0,0.053,0.95,0.05,1.0,34.0723,35.709457,7,7ef6a1c6728d49ed12693b7ed0dc2d69de7f13d2,3.13.14
4.0,single_fault_control,null_key,100000,1301,0.0,0.05,0.0,0.0,0.0,0.5,S4_full,0,5000,0,0,0,5000,4735,0,100000,0,5000,265,5000,95000,100000,5000,100000,5000,5000,5000,0.947,0.0,0.0,0.053,0.95,0.05,1.0,70.6398,70.1559,7,7ef6a1c6728d49ed12693b7ed0dc2d69de7f13d2,3.13.14
4.0,single_fault_control,late,100000,1301,0.0,0.0,0.05,0.0,0.0,0.5,S1_minimal,0,0,5000,0,0,5000,2105,0,100000,0,1,2895,5000,100000,100000,0,100000,5000,0,5000,0.421,0.0,0.0,0.579,1.0,0.0,0.0,38.4054,38.6864,7,7ef6a1c6728d49ed12693b7ed0dc2d69de7f13d2,3.13.14
4.0,single_fault_control,late,100000,1301,0.0,0.0,0.05,0.0,0.0,0.5,S2_temporal,0,0,5000,0,0,5000,5000,0,100000,0,1,0,5000,100000,100000,0,100000,5000,5000,5000,1.0,0.0,0.0,0.0,1.0,0.0,1.0,88.2028,94.865257,7,7ef6a1c6728d49ed12693b7ed0dc2d69de7f13d2,3.13.14
4.0,single_fault_control,late,100000,1301,0.0,0.0,0.05,0.0,0.0,0.5,S3_recovery,0,0,5000,0,0,5000,2105,0,100000,0,1,2895,5000,100000,100000,0,100000,5000,0,5000,0.421,0.0,0.0,0.579,1.0,0.0,0.0,37.1693,37.467543,7,7ef6a1c6728d49ed12693b7ed0dc2d69de7f13d2,3.13.14
4.0,single_fault_control,late,100000,1301,0.0,0.0,0.05,0.0,0.0,0.5,S4_full,0,0,5000,0,0,5000,5000,0,100000,0,1,0,5000,100000,100000,0,100000,5000,5000,5000,1.0,0.0,0.0,0.0,1.0,0.0,1.0,79.7179,78.754943,7,7ef6a1c6728d49ed12693b7ed0dc2d69de7f13d2,3.13.14
4.0,single_fault_control,conflict,100000,1301,0.0,0.0,0.0,0.05,0.0,0.5,S1_minimal,0,0,0,5000,0,5000,0,0,100000,0,1,5000,5000,100000,100000,0,100000,5000,0,5000,0.0,0.0,0.0,1.0,1.0,0.0,0.0,40.3895,40.160657,7,7ef6a1c6728d49ed12693b7ed0dc2d69de7f13d2,3.13.14
4.0,single_fault_control,conflict,100000,1301,0.0,0.0,0.0,0.05,0.0,0.5,S2_temporal,0,0,0,5000,0,5000,5000,0,100000,0,1,0,5000,100000,100000,0,100000,5000,5000,5000,1.0,0.0,0.0,0.0,1.0,0.0,1.0,83.1983,83.719643,7,7ef6a1c6728d49ed12693b7ed0dc2d69de7f13d2,3.13.14
4.0,single_fault_control,conflict,100000,1301,0.0,0.0,0.0,0.05,0.0,0.5,S3_recovery,0,0,0,5000,0,5000,0,0,100000,0,1,5000,5000,100000,100000,0,100000,5000,0,5000,0.0,0.0,0.0,1.0,1.0,0.0,0.0,39.399,39.539543,7,7ef6a1c6728d49ed12693b7ed0dc2d69de7f13d2,3.13.14
4.0,single_fault_control,conflict,100000,1301,0.0,0.0,0.0,0.05,0.0,0.5,S4_full,0,0,0,5000,0,5000,5000,0,100000,0,1,0,5000,100000,100000,0,100000,5000,5000,5000,1.0,0.0,0.0,0.0,1.0,0.0,1.0,83.4407,82.740857,7,7ef6a1c6728d49ed12693b7ed0dc2d69de7f13d2,3.13.14
4.0,single_fault_control,recovery,100000,1301,0.0,0.0,0.0,0.0,0.5,0.5,S1_minimal,0,0,0,0,25000,5000,5000,0,100000,0,1,0,5000,100000,100000,0,100000,25000,0,25000,1.0,0.0,0.0,0.0,1.0,0.0,0.0,39.0416,39.377557,7,7ef6a1c6728d49ed12693b7ed0dc2d69de7f13d2,3.13.14
4.0,single_fault_control,recovery,100000,1301,0.0,0.0,0.0,0.0,0.5,0.5,S2_temporal,0,0,0,0,25000,5000,5000,0,100000,0,1,0,5000,100000,100000,0,100000,25000,0,25000,1.0,0.0,0.0,0.0,1.0,0.0,0.0,89.9922,94.888843,7,7ef6a1c6728d49ed12693b7ed0dc2d69de7f13d2,3.13.14
4.0,single_fault_control,recovery,100000,1301,0.0,0.0,0.0,0.0,0.5,0.5,S3_recovery,0,0,0,0,25000,5000,5000,0,100000,0,1,0,5000,100000,100000,0,100000,25000,0,25000,1.0,0.0,0.0,0.0,1.0,0.0,0.0,40.2606,41.000329,7,7ef6a1c6728d49ed12693b7ed0dc2d69de7f13d2,3.13.14
4.0,single_fault_control,recovery,100000,1301,0.0,0.0,0.0,0.0,0.5,0.5,S4_full,0,0,0,0,25000,5000,5000,0,100000,0,1,0,5000,100000,100000,0,100000,25000,0,25000,1.0,0.0,0.0,0.0,1.0,0.0,0.0,83.5203,84.498614,7,7ef6a1c6728d49ed12693b7ed0dc2d69de7f13d2,3.13.14
4.0,principal,compound,100000,2609,0.01,0.01,0.01,0.01,0.5,0.5,S1_minimal,1000,1000,1000,1000,25500,5000,3286,0,100000,0,1000,1714,5000,99000,100000,1000,100000,29500,2000,29500,0.6572,0.0,0.0,0.3428,0.99,0.01,0.06779661,74.36,77.351986,7,7ef6a1c6728d49ed12693b7ed0dc2d69de7f13d2,3.13.14
4.0,principal,compound,100000,2609,0.01,0.01,0.01,0.01,0.5,0.5,S2_temporal,1000,1000,1000,1000,25500,5000,4948,0,100000,0,1000,52,5000,99000,100000,1000,100000,29500,4000,29500,0.9896,0.0,0.0,0.0104,0.99,0.01,0.13559322,147.2706,149.515314,7,7ef6a1c6728d49ed12693b7ed0dc2d69de7f13d2,3.13.14
4.0,principal,compound,100000,2609,0.01,0.01,0.01,0.01,0.5,0.5,S3_recovery,1000,1000,1000,1000,25500,5000,3286,0,100000,0,1000,1714,5000,99000,100000,1000,100000,29500,2000,29500,0.6572,0.0,0.0,0.3428,0.99,0.01,0.06779661,68.0346,68.676357,7,7ef6a1c6728d49ed12693b7ed0dc2d69de7f13d2,3.13.14
4.0,principal,compound,100000,2609,0.01,0.01,0.01,0.01,0.5,0.5,S4_full,1000,1000,1000,1000,25500,5000,4948,0,100000,0,1000,52,5000,99000,100000,1000,100000,29500,4000,29500,0.9896,0.0,0.0,0.0104,0.99,0.01,0.13559322,179.6506,168.6627,7,7ef6a1c6728d49ed12693b7ed0dc2d69de7f13d2,3.13.14
4.0,principal,compound,100000,2609,0.05,0.05,0.05,0.05,0.5,0.5,S1_minimal,5000,5000,5000,5000,27500,5000,273,0,100000,0,5000,4727,5000,95000,100000,5000,100000,47500,10000,47500,0.0546,0.0,0.0,0.9454,0.95,0.05,0.210526316,41.5007,41.442457,7,7ef6a1c6728d49ed12693b7ed0dc2d69de7f13d2,3.13.14
4.0,principal,compound,100000,2609,0.05,0.05,0.05,0.05,0.5,0.5,S2_temporal,5000,5000,5000,5000,27500,5000,4758,0,100000,0,5000,242,5000,95000,100000,5000,100000,47500,20000,47500,0.9516,0.0,0.0,0.0484,0.95,0.05,0.421052632,81.0128,81.719829,7,7ef6a1c6728d49ed12693b7ed0dc2d69de7f13d2,3.13.14
4.0,principal,compound,100000,2609,0.05,0.05,0.05,0.05,0.5,0.5,S3_recovery,5000,5000,5000,5000,27500,5000,273,0,100000,0,5000,4727,5000,95000,100000,5000,100000,47500,10000,47500,0.0546,0.0,0.0,0.9454,0.95,0.05,0.210526316,41.9164,41.679414,7,7ef6a1c6728d49ed12693b7ed0dc2d69de7f13d2,3.13.14
4.0,principal,compound,100000,2609,0.05,0.05,0.05,0.05,0.5,0.5,S4_full,5000,5000,5000,5000,27500,5000,4758,0,100000,0,5000,242,5000,95000,100000,5000,100000,47500,20000,47500,0.9516,0.0,0.0,0.0484,0.95,0.05,0.421052632,80.8619,80.947371,7,7ef6a1c6728d49ed12693b7ed0dc2d69de7f13d2,3.13.14
4.0,principal,compound,100000,2609,0.1,0.1,0.1,0.1,0.5,0.5,S1_minimal,10000,10000,10000,5000,28750,5000,489,0,100000,0,10000,4511,5000,90000,100000,10000,100000,63750,20000,63750,0.0978,0.0,0.0,0.9022,0.9,0.1,0.31372549,49.5064,49.489914,7,7ef6a1c6728d49ed12693b7ed0dc2d69de7f13d2,3.13.14
4.0,principal,compound,100000,2609,0.1,0.1,0.1,0.1,0.5,0.5,S2_temporal,10000,10000,10000,5000,28750,5000,4519,0,100000,0,10000,481,5000,90000,100000,10000,100000,63750,35000,63750,0.9038,0.0,0.0,0.0962,0.9,0.1,0.549019608,100.5017,99.193514,7,7ef6a1c6728d49ed12693b7ed0dc2d69de7f13d2,3.13.14
4.0,principal,compound,100000,2609,0.1,0.1,0.1,0.1,0.5,0.5,S3_recovery,10000,10000,10000,5000,28750,5000,489,0,100000,0,10000,4511,5000,90000,100000,10000,100000,63750,20000,63750,0.0978,0.0,0.0,0.9022,0.9,0.1,0.31372549,48.462,48.668657,7,7ef6a1c6728d49ed12693b7ed0dc2d69de7f13d2,3.13.14
4.0,principal,compound,100000,2609,0.1,0.1,0.1,0.1,0.5,0.5,S4_full,10000,10000,10000,5000,28750,5000,4519,0,100000,0,10000,481,5000,90000,100000,10000,100000,63750,35000,63750,0.9038,0.0,0.0,0.0962,0.9,0.1,0.549019608,93.4226,95.140643,7,7ef6a1c6728d49ed12693b7ed0dc2d69de7f13d2,3.13.14
4.0,single_fault_control,duplicate,100000,2609,0.05,0.0,0.0,0.0,0.0,0.5,S1_minimal,5000,0,0,0,0,5000,5000,0,100000,0,1,0,5000,100000,100000,0,100000,5000,5000,5000,1.0,0.0,0.0,0.0,1.0,0.0,1.0,34.6864,34.561386,7,7ef6a1c6728d49ed12693b7ed0dc2d69de7f13d2,3.13.14
4.0,single_fault_control,duplicate,100000,2609,0.05,0.0,0.0,0.0,0.0,0.5,S2_temporal,5000,0,0,0,0,5000,5000,0,100000,0,1,0,5000,100000,100000,0,100000,5000,5000,5000,1.0,0.0,0.0,0.0,1.0,0.0,1.0,73.7731,73.845129,7,7ef6a1c6728d49ed12693b7ed0dc2d69de7f13d2,3.13.14
4.0,single_fault_control,duplicate,100000,2609,0.05,0.0,0.0,0.0,0.0,0.5,S3_recovery,5000,0,0,0,0,5000,5000,0,100000,0,1,0,5000,100000,100000,0,100000,5000,5000,5000,1.0,0.0,0.0,0.0,1.0,0.0,1.0,34.7579,34.980257,7,7ef6a1c6728d49ed12693b7ed0dc2d69de7f13d2,3.13.14
4.0,single_fault_control,duplicate,100000,2609,0.05,0.0,0.0,0.0,0.0,0.5,S4_full,5000,0,0,0,0,5000,5000,0,100000,0,1,0,5000,100000,100000,0,100000,5000,5000,5000,1.0,0.0,0.0,0.0,1.0,0.0,1.0,71.6748,72.273143,7,7ef6a1c6728d49ed12693b7ed0dc2d69de7f13d2,3.13.14
4.0,single_fault_control,null_key,100000,2609,0.0,0.05,0.0,0.0,0.0,0.5,S1_minimal,0,5000,0,0,0,5000,4764,0,100000,0,5000,236,5000,95000,100000,5000,100000,5000,5000,5000,0.9528,0.0,0.0,0.0472,0.95,0.05,1.0,33.2159,33.083686,7,7ef6a1c6728d49ed12693b7ed0dc2d69de7f13d2,3.13.14
4.0,single_fault_control,null_key,100000,2609,0.0,0.05,0.0,0.0,0.0,0.5,S2_temporal,0,5000,0,0,0,5000,4764,0,100000,0,5000,236,5000,95000,100000,5000,100000,5000,5000,5000,0.9528,0.0,0.0,0.0472,0.95,0.05,1.0,70.1785,78.293986,7,7ef6a1c6728d49ed12693b7ed0dc2d69de7f13d2,3.13.14
4.0,single_fault_control,null_key,100000,2609,0.0,0.05,0.0,0.0,0.0,0.5,S3_recovery,0,5000,0,0,0,5000,4764,0,100000,0,5000,236,5000,95000,100000,5000,100000,5000,5000,5000,0.9528,0.0,0.0,0.0472,0.95,0.05,1.0,33.1348,34.274314,7,7ef6a1c6728d49ed12693b7ed0dc2d69de7f13d2,3.13.14
4.0,single_fault_control,null_key,100000,2609,0.0,0.05,0.0,0.0,0.0,0.5,S4_full,0,5000,0,0,0,5000,4764,0,100000,0,5000,236,5000,95000,100000,5000,100000,5000,5000,5000,0.9528,0.0,0.0,0.0472,0.95,0.05,1.0,69.8062,69.865757,7,7ef6a1c6728d49ed12693b7ed0dc2d69de7f13d2,3.13.14
4.0,single_fault_control,late,100000,2609,0.0,0.0,0.05,0.0,0.0,0.5,S1_minimal,0,0,5000,0,0,5000,2101,0,100000,0,1,2899,5000,100000,100000,0,100000,5000,0,5000,0.4202,0.0,0.0,0.5798,1.0,0.0,0.0,55.4966,52.220429,7,7ef6a1c6728d49ed12693b7ed0dc2d69de7f13d2,3.13.14
4.0,single_fault_control,late,100000,2609,0.0,0.0,0.05,0.0,0.0,0.5,S2_temporal,0,0,5000,0,0,5000,5000,0,100000,0,1,0,5000,100000,100000,0,100000,5000,5000,5000,1.0,0.0,0.0,0.0,1.0,0.0,1.0,92.2132,89.985186,7,7ef6a1c6728d49ed12693b7ed0dc2d69de7f13d2,3.13.14
4.0,single_fault_control,late,100000,2609,0.0,0.0,0.05,0.0,0.0,0.5,S3_recovery,0,0,5000,0,0,5000,2101,0,100000,0,1,2899,5000,100000,100000,0,100000,5000,0,5000,0.4202,0.0,0.0,0.5798,1.0,0.0,0.0,45.4578,53.038329,7,7ef6a1c6728d49ed12693b7ed0dc2d69de7f13d2,3.13.14
4.0,single_fault_control,late,100000,2609,0.0,0.0,0.05,0.0,0.0,0.5,S4_full,0,0,5000,0,0,5000,5000,0,100000,0,1,0,5000,100000,100000,0,100000,5000,5000,5000,1.0,0.0,0.0,0.0,1.0,0.0,1.0,84.5072,87.084529,7,7ef6a1c6728d49ed12693b7ed0dc2d69de7f13d2,3.13.14
4.0,single_fault_control,conflict,100000,2609,0.0,0.0,0.0,0.05,0.0,0.5,S1_minimal,0,0,0,5000,0,5000,0,0,100000,0,1,5000,5000,100000,100000,0,100000,5000,0,5000,0.0,0.0,0.0,1.0,1.0,0.0,0.0,36.5893,36.765271,7,7ef6a1c6728d49ed12693b7ed0dc2d69de7f13d2,3.13.14
4.0,single_fault_control,conflict,100000,2609,0.0,0.0,0.0,0.05,0.0,0.5,S2_temporal,0,0,0,5000,0,5000,5000,0,100000,0,1,0,5000,100000,100000,0,100000,5000,5000,5000,1.0,0.0,0.0,0.0,1.0,0.0,1.0,77.5196,77.462786,7,7ef6a1c6728d49ed12693b7ed0dc2d69de7f13d2,3.13.14
4.0,single_fault_control,conflict,100000,2609,0.0,0.0,0.0,0.05,0.0,0.5,S3_recovery,0,0,0,5000,0,5000,0,0,100000,0,1,5000,5000,100000,100000,0,100000,5000,0,5000,0.0,0.0,0.0,1.0,1.0,0.0,0.0,36.837,36.997514,7,7ef6a1c6728d49ed12693b7ed0dc2d69de7f13d2,3.13.14
4.0,single_fault_control,conflict,100000,2609,0.0,0.0,0.0,0.05,0.0,0.5,S4_full,0,0,0,5000,0,5000,5000,0,100000,0,1,0,5000,100000,100000,0,100000,5000,5000,5000,1.0,0.0,0.0,0.0,1.0,0.0,1.0,77.3102,77.529243,7,7ef6a1c6728d49ed12693b7ed0dc2d69de7f13d2,3.13.14
4.0,single_fault_control,recovery,100000,2609,0.0,0.0,0.0,0.0,0.5,0.5,S1_minimal,0,0,0,0,25000,5000,5000,0,100000,0,1,0,5000,100000,100000,0,100000,25000,0,25000,1.0,0.0,0.0,0.0,1.0,0.0,0.0,37.5207,37.393314,7,7ef6a1c6728d49ed12693b7ed0dc2d69de7f13d2,3.13.14
4.0,single_fault_control,recovery,100000,2609,0.0,0.0,0.0,0.0,0.5,0.5,S2_temporal,0,0,0,0,25000,5000,5000,0,100000,0,1,0,5000,100000,100000,0,100000,25000,0,25000,1.0,0.0,0.0,0.0,1.0,0.0,0.0,75.993,76.0631,7,7ef6a1c6728d49ed12693b7ed0dc2d69de7f13d2,3.13.14
4.0,single_fault_control,recovery,100000,2609,0.0,0.0,0.0,0.0,0.5,0.5,S3_recovery,0,0,0,0,25000,5000,5000,0,100000,0,1,0,5000,100000,100000,0,100000,25000,0,25000,1.0,0.0,0.0,0.0,1.0,0.0,0.0,36.5965,36.684443,7,7ef6a1c6728d49ed12693b7ed0dc2d69de7f13d2,3.13.14
4.0,single_fault_control,recovery,100000,2609,0.0,0.0,0.0,0.0,0.5,0.5,S4_full,0,0,0,0,25000,5000,5000,0,100000,0,1,0,5000,100000,100000,0,100000,25000,0,25000,1.0,0.0,0.0,0.0,1.0,0.0,0.0,76.009,75.216114,7,7ef6a1c6728d49ed12693b7ed0dc2d69de7f13d2,3.13.14
4.0,principal,compound,100000,3911,0.01,0.01,0.01,0.01,0.5,0.5,S1_minimal,1000,1000,1000,1000,25500,5000,3301,0,100000,0,1000,1699,5000,99000,100000,1000,100000,29500,2000,29500,0.6602,0.0,0.0,0.3398,0.99,0.01,0.06779661,35.7571,35.730229,7,7ef6a1c6728d49ed12693b7ed0dc2d69de7f13d2,3.13.14
4.0,principal,compound,100000,3911,0.01,0.01,0.01,0.01,0.5,0.5,S2_temporal,1000,1000,1000,1000,25500,5000,4932,0,100000,0,1000,68,5000,99000,100000,1000,100000,29500,4000,29500,0.9864,0.0,0.0,0.0136,0.99,0.01,0.13559322,69.3059,69.559557,7,7ef6a1c6728d49ed12693b7ed0dc2d69de7f13d2,3.13.14
4.0,principal,compound,100000,3911,0.01,0.01,0.01,0.01,0.5,0.5,S3_recovery,1000,1000,1000,1000,25500,5000,3301,0,100000,0,1000,1699,5000,99000,100000,1000,100000,29500,2000,29500,0.6602,0.0,0.0,0.3398,0.99,0.01,0.06779661,35.6211,35.466729,7,7ef6a1c6728d49ed12693b7ed0dc2d69de7f13d2,3.13.14
4.0,principal,compound,100000,3911,0.01,0.01,0.01,0.01,0.5,0.5,S4_full,1000,1000,1000,1000,25500,5000,4932,0,100000,0,1000,68,5000,99000,100000,1000,100000,29500,4000,29500,0.9864,0.0,0.0,0.0136,0.99,0.01,0.13559322,70.0632,69.9231,7,7ef6a1c6728d49ed12693b7ed0dc2d69de7f13d2,3.13.14
4.0,principal,compound,100000,3911,0.05,0.05,0.05,0.05,0.5,0.5,S1_minimal,5000,5000,5000,5000,27500,5000,245,0,100000,0,5000,4755,5000,95000,100000,5000,100000,47500,10000,47500,0.049,0.0,0.0,0.951,0.95,0.05,0.210526316,41.0936,41.148114,7,7ef6a1c6728d49ed12693b7ed0dc2d69de7f13d2,3.13.14
4.0,principal,compound,100000,3911,0.05,0.05,0.05,0.05,0.5,0.5,S2_temporal,5000,5000,5000,5000,27500,5000,4750,0,100000,0,5000,250,5000,95000,100000,5000,100000,47500,20000,47500,0.95,0.0,0.0,0.05,0.95,0.05,0.421052632,79.4811,79.522386,7,7ef6a1c6728d49ed12693b7ed0dc2d69de7f13d2,3.13.14
4.0,principal,compound,100000,3911,0.05,0.05,0.05,0.05,0.5,0.5,S3_recovery,5000,5000,5000,5000,27500,5000,245,0,100000,0,5000,4755,5000,95000,100000,5000,100000,47500,10000,47500,0.049,0.0,0.0,0.951,0.95,0.05,0.210526316,40.9035,40.911643,7,7ef6a1c6728d49ed12693b7ed0dc2d69de7f13d2,3.13.14
4.0,principal,compound,100000,3911,0.05,0.05,0.05,0.05,0.5,0.5,S4_full,5000,5000,5000,5000,27500,5000,4750,0,100000,0,5000,250,5000,95000,100000,5000,100000,47500,20000,47500,0.95,0.0,0.0,0.05,0.95,0.05,0.421052632,78.4289,78.950371,7,7ef6a1c6728d49ed12693b7ed0dc2d69de7f13d2,3.13.14
4.0,principal,compound,100000,3911,0.1,0.1,0.1,0.1,0.5,0.5,S1_minimal,10000,10000,10000,5000,28750,5000,452,0,100000,0,10000,4548,5000,90000,100000,10000,100000,63750,20000,63750,0.0904,0.0,0.0,0.9096,0.9,0.1,0.31372549,46.0327,46.156171,7,7ef6a1c6728d49ed12693b7ed0dc2d69de7f13d2,3.13.14
4.0,principal,compound,100000,3911,0.1,0.1,0.1,0.1,0.5,0.5,S2_temporal,10000,10000,10000,5000,28750,5000,4461,0,100000,0,10000,539,5000,90000,100000,10000,100000,63750,35000,63750,0.8922,0.0,0.0,0.1078,0.9,0.1,0.549019608,87.9061,88.021129,7,7ef6a1c6728d49ed12693b7ed0dc2d69de7f13d2,3.13.14
4.0,principal,compound,100000,3911,0.1,0.1,0.1,0.1,0.5,0.5,S3_recovery,10000,10000,10000,5000,28750,5000,452,0,100000,0,10000,4548,5000,90000,100000,10000,100000,63750,20000,63750,0.0904,0.0,0.0,0.9096,0.9,0.1,0.31372549,46.2557,46.2255,7,7ef6a1c6728d49ed12693b7ed0dc2d69de7f13d2,3.13.14
4.0,principal,compound,100000,3911,0.1,0.1,0.1,0.1,0.5,0.5,S4_full,10000,10000,10000,5000,28750,5000,4461,0,100000,0,10000,539,5000,90000,100000,10000,100000,63750,35000,63750,0.8922,0.0,0.0,0.1078,0.9,0.1,0.549019608,87.898,87.921371,7,7ef6a1c6728d49ed12693b7ed0dc2d69de7f13d2,3.13.14
4.0,single_fault_control,duplicate,100000,3911,0.05,0.0,0.0,0.0,0.0,0.5,S1_minimal,5000,0,0,0,0,5000,5000,0,100000,0,1,0,5000,100000,100000,0,100000,5000,5000,5000,1.0,0.0,0.0,0.0,1.0,0.0,1.0,37.2517,37.612786,7,7ef6a1c6728d49ed12693b7ed0dc2d69de7f13d2,3.13.14
4.0,single_fault_control,duplicate,100000,3911,0.05,0.0,0.0,0.0,0.0,0.5,S2_temporal,5000,0,0,0,0,5000,5000,0,100000,0,1,0,5000,100000,100000,0,100000,5000,5000,5000,1.0,0.0,0.0,0.0,1.0,0.0,1.0,76.7331,76.763014,7,7ef6a1c6728d49ed12693b7ed0dc2d69de7f13d2,3.13.14
4.0,single_fault_control,duplicate,100000,3911,0.05,0.0,0.0,0.0,0.0,0.5,S3_recovery,5000,0,0,0,0,5000,5000,0,100000,0,1,0,5000,100000,100000,0,100000,5000,5000,5000,1.0,0.0,0.0,0.0,1.0,0.0,1.0,36.9972,37.085771,7,7ef6a1c6728d49ed12693b7ed0dc2d69de7f13d2,3.13.14
4.0,single_fault_control,duplicate,100000,3911,0.05,0.0,0.0,0.0,0.0,0.5,S4_full,5000,0,0,0,0,5000,5000,0,100000,0,1,0,5000,100000,100000,0,100000,5000,5000,5000,1.0,0.0,0.0,0.0,1.0,0.0,1.0,77.6539,78.023914,7,7ef6a1c6728d49ed12693b7ed0dc2d69de7f13d2,3.13.14
4.0,single_fault_control,null_key,100000,3911,0.0,0.05,0.0,0.0,0.0,0.5,S1_minimal,0,5000,0,0,0,5000,4728,0,100000,0,5000,272,5000,95000,100000,5000,100000,5000,5000,5000,0.9456,0.0,0.0,0.0544,0.95,0.05,1.0,32.6434,32.627357,7,7ef6a1c6728d49ed12693b7ed0dc2d69de7f13d2,3.13.14
4.0,single_fault_control,null_key,100000,3911,0.0,0.05,0.0,0.0,0.0,0.5,S2_temporal,0,5000,0,0,0,5000,4728,0,100000,0,5000,272,5000,95000,100000,5000,100000,5000,5000,5000,0.9456,0.0,0.0,0.0544,0.95,0.05,1.0,66.6679,66.434057,7,7ef6a1c6728d49ed12693b7ed0dc2d69de7f13d2,3.13.14
4.0,single_fault_control,null_key,100000,3911,0.0,0.05,0.0,0.0,0.0,0.5,S3_recovery,0,5000,0,0,0,5000,4728,0,100000,0,5000,272,5000,95000,100000,5000,100000,5000,5000,5000,0.9456,0.0,0.0,0.0544,0.95,0.05,1.0,31.8009,31.8609,7,7ef6a1c6728d49ed12693b7ed0dc2d69de7f13d2,3.13.14
4.0,single_fault_control,null_key,100000,3911,0.0,0.05,0.0,0.0,0.0,0.5,S4_full,0,5000,0,0,0,5000,4728,0,100000,0,5000,272,5000,95000,100000,5000,100000,5000,5000,5000,0.9456,0.0,0.0,0.0544,0.95,0.05,1.0,66.7921,66.975714,7,7ef6a1c6728d49ed12693b7ed0dc2d69de7f13d2,3.13.14
4.0,single_fault_control,late,100000,3911,0.0,0.0,0.05,0.0,0.0,0.5,S1_minimal,0,0,5000,0,0,5000,2107,0,100000,0,1,2893,5000,100000,100000,0,100000,5000,0,5000,0.4214,0.0,0.0,0.5786,1.0,0.0,0.0,37.995,38.052529,7,7ef6a1c6728d49ed12693b7ed0dc2d69de7f13d2,3.13.14
4.0,single_fault_control,late,100000,3911,0.0,0.0,0.05,0.0,0.0,0.5,S2_temporal,0,0,5000,0,0,5000,5000,0,100000,0,1,0,5000,100000,100000,0,100000,5000,5000,5000,1.0,0.0,0.0,0.0,1.0,0.0,1.0,78.3489,78.288971,7,7ef6a1c6728d49ed12693b7ed0dc2d69de7f13d2,3.13.14
4.0,single_fault_control,late,100000,3911,0.0,0.0,0.05,0.0,0.0,0.5,S3_recovery,0,0,5000,0,0,5000,2107,0,100000,0,1,2893,5000,100000,100000,0,100000,5000,0,5000,0.4214,0.0,0.0,0.5786,1.0,0.0,0.0,37.8633,37.879229,7,7ef6a1c6728d49ed12693b7ed0dc2d69de7f13d2,3.13.14
4.0,single_fault_control,late,100000,3911,0.0,0.0,0.05,0.0,0.0,0.5,S4_full,0,0,5000,0,0,5000,5000,0,100000,0,1,0,5000,100000,100000,0,100000,5000,5000,5000,1.0,0.0,0.0,0.0,1.0,0.0,1.0,78.4463,78.2815,7,7ef6a1c6728d49ed12693b7ed0dc2d69de7f13d2,3.13.14
4.0,single_fault_control,conflict,100000,3911,0.0,0.0,0.0,0.05,0.0,0.5,S1_minimal,0,0,0,5000,0,5000,0,0,100000,0,1,5000,5000,100000,100000,0,100000,5000,0,5000,0.0,0.0,0.0,1.0,1.0,0.0,0.0,37.0504,37.000243,7,7ef6a1c6728d49ed12693b7ed0dc2d69de7f13d2,3.13.14
4.0,single_fault_control,conflict,100000,3911,0.0,0.0,0.0,0.05,0.0,0.5,S2_temporal,0,0,0,5000,0,5000,5000,0,100000,0,1,0,5000,100000,100000,0,100000,5000,5000,5000,1.0,0.0,0.0,0.0,1.0,0.0,1.0,77.107,77.254414,7,7ef6a1c6728d49ed12693b7ed0dc2d69de7f13d2,3.13.14
4.0,single_fault_control,conflict,100000,3911,0.0,0.0,0.0,0.05,0.0,0.5,S3_recovery,0,0,0,5000,0,5000,0,0,100000,0,1,5000,5000,100000,100000,0,100000,5000,0,5000,0.0,0.0,0.0,1.0,1.0,0.0,0.0,36.8862,36.826514,7,7ef6a1c6728d49ed12693b7ed0dc2d69de7f13d2,3.13.14
4.0,single_fault_control,conflict,100000,3911,0.0,0.0,0.0,0.05,0.0,0.5,S4_full,0,0,0,5000,0,5000,5000,0,100000,0,1,0,5000,100000,100000,0,100000,5000,5000,5000,1.0,0.0,0.0,0.0,1.0,0.0,1.0,76.8612,76.380071,7,7ef6a1c6728d49ed12693b7ed0dc2d69de7f13d2,3.13.14
4.0,single_fault_control,recovery,100000,3911,0.0,0.0,0.0,0.0,0.5,0.5,S1_minimal,0,0,0,0,25000,5000,5000,0,100000,0,1,0,5000,100000,100000,0,100000,25000,0,25000,1.0,0.0,0.0,0.0,1.0,0.0,0.0,38.4911,38.544129,7,7ef6a1c6728d49ed12693b7ed0dc2d69de7f13d2,3.13.14
4.0,single_fault_control,recovery,100000,3911,0.0,0.0,0.0,0.0,0.5,0.5,S2_temporal,0,0,0,0,25000,5000,5000,0,100000,0,1,0,5000,100000,100000,0,100000,25000,0,25000,1.0,0.0,0.0,0.0,1.0,0.0,0.0,80.4297,80.753314,7,7ef6a1c6728d49ed12693b7ed0dc2d69de7f13d2,3.13.14
4.0,single_fault_control,recovery,100000,3911,0.0,0.0,0.0,0.0,0.5,0.5,S3_recovery,0,0,0,0,25000,5000,5000,0,100000,0,1,0,5000,100000,100000,0,100000,25000,0,25000,1.0,0.0,0.0,0.0,1.0,0.0,0.0,38.5759,38.476343,7,7ef6a1c6728d49ed12693b7ed0dc2d69de7f13d2,3.13.14
4.0,single_fault_control,recovery,100000,3911,0.0,0.0,0.0,0.0,0.5,0.5,S4_full,0,0,0,0,25000,5000,5000,0,100000,0,1,0,5000,100000,100000,0,100000,25000,0,25000,1.0,0.0,0.0,0.0,1.0,0.0,0.0,80.8048,81.031029,7,7ef6a1c6728d49ed12693b7ed0dc2d69de7f13d2,3.13.14
4.0,principal,compound,100000,5209,0.01,0.01,0.01,0.01,0.5,0.5,S1_minimal,1000,1000,1000,1000,25500,5000,3308,0,100000,0,1000,1692,5000,99000,100000,1000,100000,29500,2000,29500,0.6616,0.0,0.0,0.3384,0.99,0.01,0.06779661,36.2245,36.244014,7,7ef6a1c6728d49ed12693b7ed0dc2d69de7f13d2,3.13.14
4.0,principal,compound,100000,5209,0.01,0.01,0.01,0.01,0.5,0.5,S2_temporal,1000,1000,1000,1000,25500,5000,4950,0,100000,0,1000,50,5000,99000,100000,1000,100000,29500,4000,29500,0.99,0.0,0.0,0.01,0.99,0.01,0.13559322,78.3352,78.825871,7,7ef6a1c6728d49ed12693b7ed0dc2d69de7f13d2,3.13.14
4.0,principal,compound,100000,5209,0.01,0.01,0.01,0.01,0.5,0.5,S3_recovery,1000,1000,1000,1000,25500,5000,3308,0,100000,0,1000,1692,5000,99000,100000,1000,100000,29500,2000,29500,0.6616,0.0,0.0,0.3384,0.99,0.01,0.06779661,40.2815,41.429343,7,7ef6a1c6728d49ed12693b7ed0dc2d69de7f13d2,3.13.14
4.0,principal,compound,100000,5209,0.01,0.01,0.01,0.01,0.5,0.5,S4_full,1000,1000,1000,1000,25500,5000,4950,0,100000,0,1000,50,5000,99000,100000,1000,100000,29500,4000,29500,0.99,0.0,0.0,0.01,0.99,0.01,0.13559322,81.1096,82.168614,7,7ef6a1c6728d49ed12693b7ed0dc2d69de7f13d2,3.13.14
4.0,principal,compound,100000,5209,0.05,0.05,0.05,0.05,0.5,0.5,S1_minimal,5000,5000,5000,5000,27500,5000,231,0,100000,0,5000,4769,5000,95000,100000,5000,100000,47500,10000,47500,0.0462,0.0,0.0,0.9538,0.95,0.05,0.210526316,40.2859,40.660357,7,7ef6a1c6728d49ed12693b7ed0dc2d69de7f13d2,3.13.14
4.0,principal,compound,100000,5209,0.05,0.05,0.05,0.05,0.5,0.5,S2_temporal,5000,5000,5000,5000,27500,5000,4756,0,100000,0,5000,244,5000,95000,100000,5000,100000,47500,20000,47500,0.9512,0.0,0.0,0.0488,0.95,0.05,0.421052632,78.0659,78.112471,7,7ef6a1c6728d49ed12693b7ed0dc2d69de7f13d2,3.13.14
4.0,principal,compound,100000,5209,0.05,0.05,0.05,0.05,0.5,0.5,S3_recovery,5000,5000,5000,5000,27500,5000,231,0,100000,0,5000,4769,5000,95000,100000,5000,100000,47500,10000,47500,0.0462,0.0,0.0,0.9538,0.95,0.05,0.210526316,40.3676,40.531843,7,7ef6a1c6728d49ed12693b7ed0dc2d69de7f13d2,3.13.14
4.0,principal,compound,100000,5209,0.05,0.05,0.05,0.05,0.5,0.5,S4_full,5000,5000,5000,5000,27500,5000,4756,0,100000,0,5000,244,5000,95000,100000,5000,100000,47500,20000,47500,0.9512,0.0,0.0,0.0488,0.95,0.05,0.421052632,78.4308,78.485157,7,7ef6a1c6728d49ed12693b7ed0dc2d69de7f13d2,3.13.14
4.0,principal,compound,100000,5209,0.1,0.1,0.1,0.1,0.5,0.5,S1_minimal,10000,10000,10000,5000,28750,5000,453,0,100000,0,10000,4547,5000,90000,100000,10000,100000,63750,20000,63750,0.0906,0.0,0.0,0.9094,0.9,0.1,0.31372549,46.7537,46.846114,7,7ef6a1c6728d49ed12693b7ed0dc2d69de7f13d2,3.13.14
4.0,principal,compound,100000,5209,0.1,0.1,0.1,0.1,0.5,0.5,S2_temporal,10000,10000,10000,5000,28750,5000,4463,0,100000,0,10000,537,5000,90000,100000,10000,100000,63750,35000,63750,0.8926,0.0,0.0,0.1074,0.9,0.1,0.549019608,88.9552,89.080457,7,7ef6a1c6728d49ed12693b7ed0dc2d69de7f13d2,3.13.14
4.0,principal,compound,100000,5209,0.1,0.1,0.1,0.1,0.5,0.5,S3_recovery,10000,10000,10000,5000,28750,5000,453,0,100000,0,10000,4547,5000,90000,100000,10000,100000,63750,20000,63750,0.0906,0.0,0.0,0.9094,0.9,0.1,0.31372549,46.5608,46.584157,7,7ef6a1c6728d49ed12693b7ed0dc2d69de7f13d2,3.13.14
4.0,principal,compound,100000,5209,0.1,0.1,0.1,0.1,0.5,0.5,S4_full,10000,10000,10000,5000,28750,5000,4463,0,100000,0,10000,537,5000,90000,100000,10000,100000,63750,35000,63750,0.8926,0.0,0.0,0.1074,0.9,0.1,0.549019608,89.8082,95.981286,7,7ef6a1c6728d49ed12693b7ed0dc2d69de7f13d2,3.13.14
4.0,single_fault_control,duplicate,100000,5209,0.05,0.0,0.0,0.0,0.0,0.5,S1_minimal,5000,0,0,0,0,5000,5000,0,100000,0,1,0,5000,100000,100000,0,100000,5000,5000,5000,1.0,0.0,0.0,0.0,1.0,0.0,1.0,35.5045,35.584214,7,7ef6a1c6728d49ed12693b7ed0dc2d69de7f13d2,3.13.14
4.0,single_fault_control,duplicate,100000,5209,0.05,0.0,0.0,0.0,0.0,0.5,S2_temporal,5000,0,0,0,0,5000,5000,0,100000,0,1,0,5000,100000,100000,0,100000,5000,5000,5000,1.0,0.0,0.0,0.0,1.0,0.0,1.0,73.6555,73.6996,7,7ef6a1c6728d49ed12693b7ed0dc2d69de7f13d2,3.13.14
4.0,single_fault_control,duplicate,100000,5209,0.05,0.0,0.0,0.0,0.0,0.5,S3_recovery,5000,0,0,0,0,5000,5000,0,100000,0,1,0,5000,100000,100000,0,100000,5000,5000,5000,1.0,0.0,0.0,0.0,1.0,0.0,1.0,34.8183,35.013443,7,7ef6a1c6728d49ed12693b7ed0dc2d69de7f13d2,3.13.14
4.0,single_fault_control,duplicate,100000,5209,0.05,0.0,0.0,0.0,0.0,0.5,S4_full,5000,0,0,0,0,5000,5000,0,100000,0,1,0,5000,100000,100000,0,100000,5000,5000,5000,1.0,0.0,0.0,0.0,1.0,0.0,1.0,74.4292,74.360457,7,7ef6a1c6728d49ed12693b7ed0dc2d69de7f13d2,3.13.14
4.0,single_fault_control,null_key,100000,5209,0.0,0.05,0.0,0.0,0.0,0.5,S1_minimal,0,5000,0,0,0,5000,4741,0,100000,0,5000,259,5000,95000,100000,5000,100000,5000,5000,5000,0.9482,0.0,0.0,0.0518,0.95,0.05,1.0,32.0851,32.160043,7,7ef6a1c6728d49ed12693b7ed0dc2d69de7f13d2,3.13.14
4.0,single_fault_control,null_key,100000,5209,0.0,0.05,0.0,0.0,0.0,0.5,S2_temporal,0,5000,0,0,0,5000,4741,0,100000,0,5000,259,5000,95000,100000,5000,100000,5000,5000,5000,0.9482,0.0,0.0,0.0518,0.95,0.05,1.0,67.217,66.125,7,7ef6a1c6728d49ed12693b7ed0dc2d69de7f13d2,3.13.14
4.0,single_fault_control,null_key,100000,5209,0.0,0.05,0.0,0.0,0.0,0.5,S3_recovery,0,5000,0,0,0,5000,4741,0,100000,0,5000,259,5000,95000,100000,5000,100000,5000,5000,5000,0.9482,0.0,0.0,0.0518,0.95,0.05,1.0,32.1218,32.184886,7,7ef6a1c6728d49ed12693b7ed0dc2d69de7f13d2,3.13.14
4.0,single_fault_control,null_key,100000,5209,0.0,0.05,0.0,0.0,0.0,0.5,S4_full,0,5000,0,0,0,5000,4741,0,100000,0,5000,259,5000,95000,100000,5000,100000,5000,5000,5000,0.9482,0.0,0.0,0.0518,0.95,0.05,1.0,67.4467,67.5219,7,7ef6a1c6728d49ed12693b7ed0dc2d69de7f13d2,3.13.14
4.0,single_fault_control,late,100000,5209,0.0,0.0,0.05,0.0,0.0,0.5,S1_minimal,0,0,5000,0,0,5000,2078,0,100000,0,1,2922,5000,100000,100000,0,100000,5000,0,5000,0.4156,0.0,0.0,0.5844,1.0,0.0,0.0,36.4021,36.515929,7,7ef6a1c6728d49ed12693b7ed0dc2d69de7f13d2,3.13.14
4.0,single_fault_control,late,100000,5209,0.0,0.0,0.05,0.0,0.0,0.5,S2_temporal,0,0,5000,0,0,5000,5000,0,100000,0,1,0,5000,100000,100000,0,100000,5000,5000,5000,1.0,0.0,0.0,0.0,1.0,0.0,1.0,75.9332,75.723857,7,7ef6a1c6728d49ed12693b7ed0dc2d69de7f13d2,3.13.14
4.0,single_fault_control,late,100000,5209,0.0,0.0,0.05,0.0,0.0,0.5,S3_recovery,0,0,5000,0,0,5000,2078,0,100000,0,1,2922,5000,100000,100000,0,100000,5000,0,5000,0.4156,0.0,0.0,0.5844,1.0,0.0,0.0,36.3427,36.390214,7,7ef6a1c6728d49ed12693b7ed0dc2d69de7f13d2,3.13.14
4.0,single_fault_control,late,100000,5209,0.0,0.0,0.05,0.0,0.0,0.5,S4_full,0,0,5000,0,0,5000,5000,0,100000,0,1,0,5000,100000,100000,0,100000,5000,5000,5000,1.0,0.0,0.0,0.0,1.0,0.0,1.0,75.5551,75.736014,7,7ef6a1c6728d49ed12693b7ed0dc2d69de7f13d2,3.13.14
4.0,single_fault_control,conflict,100000,5209,0.0,0.0,0.0,0.05,0.0,0.5,S1_minimal,0,0,0,5000,0,5000,0,0,100000,0,1,5000,5000,100000,100000,0,100000,5000,0,5000,0.0,0.0,0.0,1.0,1.0,0.0,0.0,37.3211,37.219786,7,7ef6a1c6728d49ed12693b7ed0dc2d69de7f13d2,3.13.14
4.0,single_fault_control,conflict,100000,5209,0.0,0.0,0.0,0.05,0.0,0.5,S2_temporal,0,0,0,5000,0,5000,5000,0,100000,0,1,0,5000,100000,100000,0,100000,5000,5000,5000,1.0,0.0,0.0,0.0,1.0,0.0,1.0,78.1661,78.112314,7,7ef6a1c6728d49ed12693b7ed0dc2d69de7f13d2,3.13.14
4.0,single_fault_control,conflict,100000,5209,0.0,0.0,0.0,0.05,0.0,0.5,S3_recovery,0,0,0,5000,0,5000,0,0,100000,0,1,5000,5000,100000,100000,0,100000,5000,0,5000,0.0,0.0,0.0,1.0,1.0,0.0,0.0,36.867,36.819157,7,7ef6a1c6728d49ed12693b7ed0dc2d69de7f13d2,3.13.14
4.0,single_fault_control,conflict,100000,5209,0.0,0.0,0.0,0.05,0.0,0.5,S4_full,0,0,0,5000,0,5000,5000,0,100000,0,1,0,5000,100000,100000,0,100000,5000,5000,5000,1.0,0.0,0.0,0.0,1.0,0.0,1.0,85.6094,85.417271,7,7ef6a1c6728d49ed12693b7ed0dc2d69de7f13d2,3.13.14
4.0,single_fault_control,recovery,100000,5209,0.0,0.0,0.0,0.0,0.5,0.5,S1_minimal,0,0,0,0,25000,5000,5000,0,100000,0,1,0,5000,100000,100000,0,100000,25000,0,25000,1.0,0.0,0.0,0.0,1.0,0.0,0.0,37.869,37.856443,7,7ef6a1c6728d49ed12693b7ed0dc2d69de7f13d2,3.13.14
4.0,single_fault_control,recovery,100000,5209,0.0,0.0,0.0,0.0,0.5,0.5,S2_temporal,0,0,0,0,25000,5000,5000,0,100000,0,1,0,5000,100000,100000,0,100000,25000,0,25000,1.0,0.0,0.0,0.0,1.0,0.0,0.0,78.3468,78.426486,7,7ef6a1c6728d49ed12693b7ed0dc2d69de7f13d2,3.13.14
4.0,single_fault_control,recovery,100000,5209,0.0,0.0,0.0,0.0,0.5,0.5,S3_recovery,0,0,0,0,25000,5000,5000,0,100000,0,1,0,5000,100000,100000,0,100000,25000,0,25000,1.0,0.0,0.0,0.0,1.0,0.0,0.0,37.6437,37.753671,7,7ef6a1c6728d49ed12693b7ed0dc2d69de7f13d2,3.13.14
4.0,single_fault_control,recovery,100000,5209,0.0,0.0,0.0,0.0,0.5,0.5,S4_full,0,0,0,0,25000,5000,5000,0,100000,0,1,0,5000,100000,100000,0,100000,25000,0,25000,1.0,0.0,0.0,0.0,1.0,0.0,0.0,78.84,79.119886,7,7ef6a1c6728d49ed12693b7ed0dc2d69de7f13d2,3.13.14
4.0,principal,compound,100000,6521,0.01,0.01,0.01,0.01,0.5,0.5,S1_minimal,1000,1000,1000,1000,25500,5000,3286,0,100000,0,1000,1714,5000,99000,100000,1000,100000,29500,2000,29500,0.6572,0.0,0.0,0.3428,0.99,0.01,0.06779661,36.5479,36.487529,7,7ef6a1c6728d49ed12693b7ed0dc2d69de7f13d2,3.13.14
4.0,principal,compound,100000,6521,0.01,0.01,0.01,0.01,0.5,0.5,S2_temporal,1000,1000,1000,1000,25500,5000,4951,0,100000,0,1000,49,5000,99000,100000,1000,100000,29500,4000,29500,0.9902,0.0,0.0,0.0098,0.99,0.01,0.13559322,72.1324,72.104814,7,7ef6a1c6728d49ed12693b7ed0dc2d69de7f13d2,3.13.14
4.0,principal,compound,100000,6521,0.01,0.01,0.01,0.01,0.5,0.5,S3_recovery,1000,1000,1000,1000,25500,5000,3286,0,100000,0,1000,1714,5000,99000,100000,1000,100000,29500,2000,29500,0.6572,0.0,0.0,0.3428,0.99,0.01,0.06779661,36.4572,36.651543,7,7ef6a1c6728d49ed12693b7ed0dc2d69de7f13d2,3.13.14
4.0,principal,compound,100000,6521,0.01,0.01,0.01,0.01,0.5,0.5,S4_full,1000,1000,1000,1000,25500,5000,4951,0,100000,0,1000,49,5000,99000,100000,1000,100000,29500,4000,29500,0.9902,0.0,0.0,0.0098,0.99,0.01,0.13559322,71.3051,71.552571,7,7ef6a1c6728d49ed12693b7ed0dc2d69de7f13d2,3.13.14
4.0,principal,compound,100000,6521,0.05,0.05,0.05,0.05,0.5,0.5,S1_minimal,5000,5000,5000,5000,27500,5000,261,0,100000,0,5000,4739,5000,95000,100000,5000,100000,47500,10000,47500,0.0522,0.0,0.0,0.9478,0.95,0.05,0.210526316,41.4078,41.366243,7,7ef6a1c6728d49ed12693b7ed0dc2d69de7f13d2,3.13.14
4.0,principal,compound,100000,6521,0.05,0.05,0.05,0.05,0.5,0.5,S2_temporal,5000,5000,5000,5000,27500,5000,4745,0,100000,0,5000,255,5000,95000,100000,5000,100000,47500,20000,47500,0.949,0.0,0.0,0.051,0.95,0.05,0.421052632,79.4069,79.865443,7,7ef6a1c6728d49ed12693b7ed0dc2d69de7f13d2,3.13.14
4.0,principal,compound,100000,6521,0.05,0.05,0.05,0.05,0.5,0.5,S3_recovery,5000,5000,5000,5000,27500,5000,261,0,100000,0,5000,4739,5000,95000,100000,5000,100000,47500,10000,47500,0.0522,0.0,0.0,0.9478,0.95,0.05,0.210526316,40.6531,40.661,7,7ef6a1c6728d49ed12693b7ed0dc2d69de7f13d2,3.13.14
4.0,principal,compound,100000,6521,0.05,0.05,0.05,0.05,0.5,0.5,S4_full,5000,5000,5000,5000,27500,5000,4745,0,100000,0,5000,255,5000,95000,100000,5000,100000,47500,20000,47500,0.949,0.0,0.0,0.051,0.95,0.05,0.421052632,78.8321,78.933314,7,7ef6a1c6728d49ed12693b7ed0dc2d69de7f13d2,3.13.14
4.0,principal,compound,100000,6521,0.1,0.1,0.1,0.1,0.5,0.5,S1_minimal,10000,10000,10000,5000,28750,5000,462,0,100000,0,10000,4538,5000,90000,100000,10000,100000,63750,20000,63750,0.0924,0.0,0.0,0.9076,0.9,0.1,0.31372549,48.2524,48.234986,7,7ef6a1c6728d49ed12693b7ed0dc2d69de7f13d2,3.13.14
4.0,principal,compound,100000,6521,0.1,0.1,0.1,0.1,0.5,0.5,S2_temporal,10000,10000,10000,5000,28750,5000,4472,0,100000,0,10000,528,5000,90000,100000,10000,100000,63750,35000,63750,0.8944,0.0,0.0,0.1056,0.9,0.1,0.549019608,91.6243,91.756171,7,7ef6a1c6728d49ed12693b7ed0dc2d69de7f13d2,3.13.14
4.0,principal,compound,100000,6521,0.1,0.1,0.1,0.1,0.5,0.5,S3_recovery,10000,10000,10000,5000,28750,5000,462,0,100000,0,10000,4538,5000,90000,100000,10000,100000,63750,20000,63750,0.0924,0.0,0.0,0.9076,0.9,0.1,0.31372549,47.7418,47.697529,7,7ef6a1c6728d49ed12693b7ed0dc2d69de7f13d2,3.13.14
4.0,principal,compound,100000,6521,0.1,0.1,0.1,0.1,0.5,0.5,S4_full,10000,10000,10000,5000,28750,5000,4472,0,100000,0,10000,528,5000,90000,100000,10000,100000,63750,35000,63750,0.8944,0.0,0.0,0.1056,0.9,0.1,0.549019608,90.9541,91.052929,7,7ef6a1c6728d49ed12693b7ed0dc2d69de7f13d2,3.13.14
4.0,single_fault_control,duplicate,100000,6521,0.05,0.0,0.0,0.0,0.0,0.5,S1_minimal,5000,0,0,0,0,5000,5000,0,100000,0,1,0,5000,100000,100000,0,100000,5000,5000,5000,1.0,0.0,0.0,0.0,1.0,0.0,1.0,49.5585,45.315243,7,7ef6a1c6728d49ed12693b7ed0dc2d69de7f13d2,3.13.14
4.0,single_fault_control,duplicate,100000,6521,0.05,0.0,0.0,0.0,0.0,0.5,S2_temporal,5000,0,0,0,0,5000,5000,0,100000,0,1,0,5000,100000,100000,0,100000,5000,5000,5000,1.0,0.0,0.0,0.0,1.0,0.0,1.0,78.0107,77.878514,7,7ef6a1c6728d49ed12693b7ed0dc2d69de7f13d2,3.13.14
4.0,single_fault_control,duplicate,100000,6521,0.05,0.0,0.0,0.0,0.0,0.5,S3_recovery,5000,0,0,0,0,5000,5000,0,100000,0,1,0,5000,100000,100000,0,100000,5000,5000,5000,1.0,0.0,0.0,0.0,1.0,0.0,1.0,38.2489,38.284571,7,7ef6a1c6728d49ed12693b7ed0dc2d69de7f13d2,3.13.14
4.0,single_fault_control,duplicate,100000,6521,0.05,0.0,0.0,0.0,0.0,0.5,S4_full,5000,0,0,0,0,5000,5000,0,100000,0,1,0,5000,100000,100000,0,100000,5000,5000,5000,1.0,0.0,0.0,0.0,1.0,0.0,1.0,77.037,76.927343,7,7ef6a1c6728d49ed12693b7ed0dc2d69de7f13d2,3.13.14
4.0,single_fault_control,null_key,100000,6521,0.0,0.05,0.0,0.0,0.0,0.5,S1_minimal,0,5000,0,0,0,5000,4764,0,100000,0,5000,236,5000,95000,100000,5000,100000,5000,5000,5000,0.9528,0.0,0.0,0.0472,0.95,0.05,1.0,33.5643,33.520886,7,7ef6a1c6728d49ed12693b7ed0dc2d69de7f13d2,3.13.14
4.0,single_fault_control,null_key,100000,6521,0.0,0.05,0.0,0.0,0.0,0.5,S2_temporal,0,5000,0,0,0,5000,4764,0,100000,0,5000,236,5000,95000,100000,5000,100000,5000,5000,5000,0.9528,0.0,0.0,0.0472,0.95,0.05,1.0,69.5725,68.436257,7,7ef6a1c6728d49ed12693b7ed0dc2d69de7f13d2,3.13.14
4.0,single_fault_control,null_key,100000,6521,0.0,0.05,0.0,0.0,0.0,0.5,S3_recovery,0,5000,0,0,0,5000,4764,0,100000,0,5000,236,5000,95000,100000,5000,100000,5000,5000,5000,0.9528,0.0,0.0,0.0472,0.95,0.05,1.0,33.3546,33.256271,7,7ef6a1c6728d49ed12693b7ed0dc2d69de7f13d2,3.13.14
4.0,single_fault_control,null_key,100000,6521,0.0,0.05,0.0,0.0,0.0,0.5,S4_full,0,5000,0,0,0,5000,4764,0,100000,0,5000,236,5000,95000,100000,5000,100000,5000,5000,5000,0.9528,0.0,0.0,0.0472,0.95,0.05,1.0,68.671,68.310643,7,7ef6a1c6728d49ed12693b7ed0dc2d69de7f13d2,3.13.14
4.0,single_fault_control,late,100000,6521,0.0,0.0,0.05,0.0,0.0,0.5,S1_minimal,0,0,5000,0,0,5000,2096,0,100000,0,1,2904,5000,100000,100000,0,100000,5000,0,5000,0.4192,0.0,0.0,0.5808,1.0,0.0,0.0,39.1782,39.2708,7,7ef6a1c6728d49ed12693b7ed0dc2d69de7f13d2,3.13.14
4.0,single_fault_control,late,100000,6521,0.0,0.0,0.05,0.0,0.0,0.5,S2_temporal,0,0,5000,0,0,5000,5000,0,100000,0,1,0,5000,100000,100000,0,100000,5000,5000,5000,1.0,0.0,0.0,0.0,1.0,0.0,1.0,74.0647,75.538914,7,7ef6a1c6728d49ed12693b7ed0dc2d69de7f13d2,3.13.14
4.0,single_fault_control,late,100000,6521,0.0,0.0,0.05,0.0,0.0,0.5,S3_recovery,0,0,5000,0,0,5000,2096,0,100000,0,1,2904,5000,100000,100000,0,100000,5000,0,5000,0.4192,0.0,0.0,0.5808,1.0,0.0,0.0,39.2579,39.618614,7,7ef6a1c6728d49ed12693b7ed0dc2d69de7f13d2,3.13.14
4.0,single_fault_control,late,100000,6521,0.0,0.0,0.05,0.0,0.0,0.5,S4_full,0,0,5000,0,0,5000,5000,0,100000,0,1,0,5000,100000,100000,0,100000,5000,5000,5000,1.0,0.0,0.0,0.0,1.0,0.0,1.0,78.5511,78.046171,7,7ef6a1c6728d49ed12693b7ed0dc2d69de7f13d2,3.13.14
4.0,single_fault_control,conflict,100000,6521,0.0,0.0,0.0,0.05,0.0,0.5,S1_minimal,0,0,0,5000,0,5000,0,0,100000,0,1,5000,5000,100000,100000,0,100000,5000,0,5000,0.0,0.0,0.0,1.0,1.0,0.0,0.0,38.2156,38.130571,7,7ef6a1c6728d49ed12693b7ed0dc2d69de7f13d2,3.13.14
4.0,single_fault_control,conflict,100000,6521,0.0,0.0,0.0,0.05,0.0,0.5,S2_temporal,0,0,0,5000,0,5000,5000,0,100000,0,1,0,5000,100000,100000,0,100000,5000,5000,5000,1.0,0.0,0.0,0.0,1.0,0.0,1.0,79.1443,79.106386,7,7ef6a1c6728d49ed12693b7ed0dc2d69de7f13d2,3.13.14
4.0,single_fault_control,conflict,100000,6521,0.0,0.0,0.0,0.05,0.0,0.5,S3_recovery,0,0,0,5000,0,5000,0,0,100000,0,1,5000,5000,100000,100000,0,100000,5000,0,5000,0.0,0.0,0.0,1.0,1.0,0.0,0.0,38.2026,38.234529,7,7ef6a1c6728d49ed12693b7ed0dc2d69de7f13d2,3.13.14
4.0,single_fault_control,conflict,100000,6521,0.0,0.0,0.0,0.05,0.0,0.5,S4_full,0,0,0,5000,0,5000,5000,0,100000,0,1,0,5000,100000,100000,0,100000,5000,5000,5000,1.0,0.0,0.0,0.0,1.0,0.0,1.0,79.0421,79.106343,7,7ef6a1c6728d49ed12693b7ed0dc2d69de7f13d2,3.13.14
4.0,single_fault_control,recovery,100000,6521,0.0,0.0,0.0,0.0,0.5,0.5,S1_minimal,0,0,0,0,25000,5000,5000,0,100000,0,1,0,5000,100000,100000,0,100000,25000,0,25000,1.0,0.0,0.0,0.0,1.0,0.0,0.0,41.0346,41.092286,7,7ef6a1c6728d49ed12693b7ed0dc2d69de7f13d2,3.13.14
4.0,single_fault_control,recovery,100000,6521,0.0,0.0,0.0,0.0,0.5,0.5,S2_temporal,0,0,0,0,25000,5000,5000,0,100000,0,1,0,5000,100000,100000,0,100000,25000,0,25000,1.0,0.0,0.0,0.0,1.0,0.0,0.0,83.8051,83.808629,7,7ef6a1c6728d49ed12693b7ed0dc2d69de7f13d2,3.13.14
4.0,single_fault_control,recovery,100000,6521,0.0,0.0,0.0,0.0,0.5,0.5,S3_recovery,0,0,0,0,25000,5000,5000,0,100000,0,1,0,5000,100000,100000,0,100000,25000,0,25000,1.0,0.0,0.0,0.0,1.0,0.0,0.0,40.7257,40.686114,7,7ef6a1c6728d49ed12693b7ed0dc2d69de7f13d2,3.13.14
4.0,single_fault_control,recovery,100000,6521,0.0,0.0,0.0,0.0,0.5,0.5,S4_full,0,0,0,0,25000,5000,5000,0,100000,0,1,0,5000,100000,100000,0,100000,25000,0,25000,1.0,0.0,0.0,0.0,1.0,0.0,0.0,82.6672,82.287286,7,7ef6a1c6728d49ed12693b7ed0dc2d69de7f13d2,3.13.14
